NAME,APPS,MINS,ATT_GOALS,ATT_XG,ATT_GOALS VS XG,ATT_SHOTS,ATT_SOT,ATT_CONV %,ATT_XG PER SHOT,CAR_TOTAL (ALL CARRIES),CAR_DISTANCE (M) (ALL CARRIES),CAR_AVG (M) (ALL CARRIES),CAR_TOTAL (PROGRESSIVE),CAR_DISTANCE (M) (PROGRESSIVE),CAR_AVG (M) (PROGRESSIVE),CAR_ENDED WITH SHOT,CAR_ENDED WITH GOAL,CAR_ENDED WITH CHANCE,CAR_ENDED WITH ASSIST,DEF_TACKLES,DEF_INTS,DEF_POS WON,DEF_BLOCKS,DEF_CLEARANCES,DEF_TOTAL (GROUND DUELS),DEF_WON (GROUND DUELS),DEF_% (GROUND DUELS),DEF_TOTAL (AERIAL DUELS),DEF_WON (AERIAL DUELS),DEF_% (AERIAL DUELS),PAS_TOTAL (OPEN PLAY PASSES),PAS_SUCCESSFUL (OPEN PLAY PASSES),PAS_% (OPEN PLAY PASSES),PAS_TOTAL (FINAL THIRD PASSES),PAS_SUCCESSFUL (FINAL THIRD PASSES),PAS_% (FINAL THIRD PASSES),PAS_TOTAL (CROSSES),PAS_SUCCESSFUL (CROSSES),PAS_% (CROSSES),PAS_THROUGH BALLS
Aarón Martín,33,2161,0.04,0.05,-0.01,0.46,0.17,9.09%,0.12,8.54,88.7,10.4,3.62,24.8,0.3,0.04,0.00,0.17,0.00,43,10,79,11,46,146,83,56.8%,30,9,30.0%,30.69,24.20,78.8%,9.58,6.50,67.8%,3.42,0.87,25.6%,0.12
Abdou Harroui,23,906,0.10,0.12,-0.02,1.19,0.20,8.33%,0.10,11.13,137.4,12.4,6.85,92.4,1.3,0.20,0.00,0.30,0.00,27,1,47,5,8,94,39,41.5%,16,1,6.3%,35.86,29.30,81.7%,12.12,9.04,74.6%,1.69,0.30,17.6%,0.20
Abdoulaye Ndiaye,11,780,0.00,0.08,-0.08,0.69,0.00,0.00%,0.11,9.92,86.0,8.7,3.35,31.5,1.1,0.00,0.00,0.00,0.00,16,12,27,3,44,50,29,58.0%,45,24,53.3%,48.92,41.08,84.0%,5.42,2.31,42.5%,0.00,0.00,0.0%,0.00
Adam Buksa,25,911,0.30,0.21,0.09,1.19,0.59,25.00%,0.18,3.95,49.0,12.4,1.88,24.9,1.3,0.30,0.20,0.30,0.00,10,2,20,0,12,71,26,36.6%,99,54,54.5%,17.88,10.87,60.8%,7.80,4.25,54.4%,0.20,0.10,50.0%,0.00
Adam Marusic,33,2783,0.03,0.05,-0.01,0.52,0.23,6.25%,0.09,7.83,79.6,10.2,5.08,45.7,0.3,0.13,0.00,0.06,0.00,35,33,88,11,65,109,58,53.2%,65,31,47.7%,49.61,43.17,87.0%,10.32,8.02,77.7%,1.10,0.16,14.7%,0.03
Adam Obert,35,2782,0.00,0.05,-0.05,0.32,0.10,0.00%,0.14,7.08,74.9,10.6,4.11,43.9,0.3,0.06,0.00,0.10,0.03,68,42,127,18,113,175,97,55.4%,65,31,47.7%,39.11,31.96,81.7%,7.05,4.76,67.4%,1.42,0.32,22.7%,0.03
Ademola Lookman,12,797,0.23,0.30,-0.08,3.05,0.90,7.41%,0.10,12.87,146.5,11.4,7.68,77.6,1.1,1.24,0.00,0.90,0.00,5,3,24,0,0,64,28,43.8%,6,3,50.0%,27.10,21.57,79.6%,13.44,10.28,76.5%,1.69,0.45,26.7%,0.23
Adrian Benedyczak,14,486,0.19,0.27,-0.08,1.48,0.56,12.50%,0.18,3.70,32.2,8.7,1.85,11.0,1.1,0.00,0.00,0.00,0.00,6,0,9,1,8,25,10,40.0%,44,21,47.7%,17.78,13.15,74.0%,8.52,6.11,71.7%,1.85,0.37,20.0%,0.00
Adrien Rabiot,29,2550,0.21,0.15,0.06,1.62,0.42,13.04%,0.09,15.64,172.6,11.0,8.33,82.3,0.3,0.35,0.07,0.28,0.04,57,21,150,5,41,236,129,54.7%,72,44,61.1%,46.52,39.81,85.6%,15.60,11.89,76.2%,2.12,0.56,26.7%,0.14
Adrien Tamèze,24,1118,0.00,0.02,-0.02,0.40,0.00,0.00%,0.05,8.61,95.4,11.1,4.51,50.0,0.9,0.08,0.00,0.16,0.00,15,20,58,5,36,52,22,42.3%,36,19,52.8%,41.30,33.25,80.5%,10.14,6.84,67.5%,1.13,0.16,14.3%,0.00
Adrián Bernabé,32,2493,0.11,0.08,0.03,1.81,0.43,6.00%,0.05,12.49,129.0,10.3,6.39,68.6,0.4,0.43,0.00,0.43,0.00,39,17,106,6,25,210,115,54.8%,18,4,22.2%,45.78,38.81,84.8%,16.32,11.95,73.2%,1.12,0.07,6.5%,0.18
Al Musrati,18,841,0.00,0.03,-0.03,0.96,0.11,0.00%,0.03,10.27,88.4,8.6,3.96,23.0,0.6,0.00,0.00,0.21,0.11,14,9,51,8,25,51,17,33.3%,31,14,45.2%,51.37,42.49,82.7%,12.31,8.03,65.2%,0.21,0.11,50.0%,0.11
Albert Gudmundsson,33,2258,0.20,0.22,-0.02,1.63,0.60,12.20%,0.14,13.47,159.6,11.8,6.54,65.3,0.4,0.48,0.00,0.44,0.04,8,3,72,3,14,158,58,36.7%,15,3,20.0%,33.44,29.02,86.8%,12.71,10.52,82.8%,1.51,0.28,18.4%,0.08
Alberto Dossena,12,856,0.00,0.08,-0.08,0.63,0.21,0.00%,0.13,8.41,87.8,10.4,5.47,56.9,1.1,0.00,0.00,0.11,0.00,16,9,29,9,42,42,25,59.5%,29,18,62.1%,48.15,43.00,89.3%,5.26,2.63,50.0%,0.00,0.00,0.0%,0.00
Alberto Grassi,30,1754,0.00,0.06,-0.06,0.67,0.21,0.00%,0.08,9.65,94.6,9.8,4.10,37.8,0.5,0.00,0.00,0.05,0.00,23,32,76,9,55,96,60,62.5%,29,16,55.2%,43.82,37.30,85.1%,8.47,5.18,61.2%,0.10,0.00,0.0%,0.21
Alberto Moreno,19,1234,0.15,0.11,0.04,0.80,0.29,18.18%,0.14,10.79,126.8,11.7,5.98,70.3,0.9,0.15,0.00,0.07,0.00,22,6,40,1,32,69,35,50.7%,26,13,50.0%,50.47,45.66,90.5%,14.73,12.25,83.2%,2.55,0.51,20.0%,0.07
Alessandro Bastoni,28,2249,0.04,0.05,-0.01,0.68,0.32,5.88%,0.08,14.97,159.2,10.6,9.36,104.1,0.4,0.08,0.00,0.36,0.04,51,23,100,6,80,138,77,55.8%,81,52,64.2%,74.03,64.75,87.5%,19.49,14.73,75.6%,3.40,0.92,27.1%,0.08
Alessandro Buongiorno,33,2519,0.00,0.05,-0.05,0.29,0.11,0.00%,0.18,13.36,128.8,9.6,6.18,58.4,0.3,0.00,0.00,0.00,0.00,33,40,115,11,113,122,59,48.4%,115,75,65.2%,66.06,60.10,91.0%,8.29,6.22,75.0%,0.21,0.07,33.3%,0.04
Alessandro Circati,31,2666,0.03,0.03,-0.00,0.27,0.03,12.50%,0.13,11.38,109.7,9.6,5.64,54.6,0.3,0.07,0.00,0.00,0.00,43,24,89,30,150,104,65,62.5%,121,76,62.8%,49.89,43.72,87.6%,6.72,4.46,66.3%,0.17,0.00,0.0%,0.00
Alessandro Deiola,20,1435,0.00,0.10,-0.10,1.38,0.44,0.00%,0.07,5.33,47.8,9.0,1.94,16.1,0.5,0.00,0.00,0.06,0.00,35,14,50,7,38,91,50,54.9%,31,11,35.5%,37.32,30.36,81.3%,6.27,4.01,64.0%,0.13,0.00,0.0%,0.00
Alessandro Marcandalli,32,2599,0.00,0.01,-0.01,0.17,0.07,0.00%,0.07,9.63,112.7,11.7,5.02,52.7,0.4,0.00,0.00,0.07,0.00,33,20,81,11,105,86,48,55.8%,90,56,62.2%,42.66,35.39,83.0%,6.58,4.12,62.6%,0.35,0.17,50.0%,0.03
Alessandro Zanoli,19,1290,0.07,0.01,0.06,0.21,0.07,33.33%,0.03,7.67,101.1,13.2,4.40,49.3,0.8,0.00,0.00,0.28,0.00,25,7,50,4,36,90,44,48.9%,25,17,68.0%,24.28,19.53,80.5%,7.74,6.07,78.4%,2.72,0.84,30.8%,0.00
Alessio Romagnoli,32,2667,0.00,0.05,-0.05,0.30,0.13,0.00%,0.16,11.14,107.2,9.6,4.79,47.0,0.3,0.00,0.00,0.03,0.00,23,32,102,20,134,63,36,57.1%,106,65,61.3%,67.53,62.97,93.3%,5.23,3.98,76.1%,0.07,0.00,0.0%,0.00
Alessio Zerbin,32,1644,0.00,0.08,-0.08,1.15,0.38,0.00%,0.07,7.45,87.4,11.7,4.54,53.0,0.6,0.22,0.00,0.33,0.00,40,3,60,3,25,171,67,39.2%,41,9,22.0%,24.96,18.01,72.2%,9.58,6.13,64.0%,2.63,0.44,16.7%,0.00
Alex Amorim,11,553,0.00,0.03,-0.03,0.33,0.00,0.00%,0.08,14.81,148.1,10.0,5.70,46.9,1.3,0.00,0.00,0.33,0.00,16,8,29,2,8,69,41,59.4%,3,1,33.3%,45.90,39.22,85.5%,8.30,5.70,68.6%,1.46,0.16,11.1%,0.16
Alexis Saelemaekers,35,2797,0.10,0.11,-0.01,1.38,0.35,6.98%,0.08,16.89,175.7,10.4,7.50,56.1,0.2,0.42,0.03,0.61,0.10,73,28,160,4,22,315,186,59.0%,22,10,45.5%,42.67,35.78,83.9%,15.96,11.91,74.6%,2.64,0.68,25.6%,0.29
Alieu Fadera,28,975,0.18,0.19,-0.01,1.20,0.37,15.38%,0.16,13.48,189.9,14.1,7.20,84.0,1.1,0.46,0.00,0.37,0.09,36,7,52,0,6,177,82,46.3%,22,8,36.4%,23.72,18.65,78.6%,9.69,6.92,71.4%,1.75,0.28,15.8%,0.28
Alisson Santos,14,836,0.43,0.15,0.28,3.12,1.72,13.79%,0.05,23.47,342.1,14.6,14.21,204.3,1.5,1.94,0.11,0.86,0.00,20,2,23,1,5,113,62,54.9%,6,4,66.7%,30.79,25.30,82.2%,15.29,10.87,71.1%,3.55,0.54,15.2%,0.11
Amin Sarr,34,1087,0.00,0.11,-0.11,1.57,0.50,0.00%,0.07,6.79,96.1,14.2,3.39,50.7,1.2,0.50,0.00,0.08,0.00,15,3,40,0,11,107,47,43.9%,104,38,36.5%,23.76,17.88,75.3%,11.51,7.87,68.3%,0.99,0.17,16.7%,0.00
Amir Rrahmani,21,1800,0.10,0.07,0.03,0.75,0.20,13.33%,0.09,13.70,126.8,9.3,6.10,57.7,0.5,0.00,0.00,0.10,0.05,22,24,83,9,71,66,40,60.6%,99,68,68.7%,83.60,77.15,92.3%,8.25,5.70,69.1%,0.05,0.00,0.0%,0.05
Andrea Cambiaso,36,2794,0.10,0.09,0.00,0.84,0.42,11.54%,0.11,15.37,171.9,11.2,7.18,66.7,0.3,0.26,0.00,0.35,0.00,61,20,168,7,20,177,91,51.4%,25,9,36.0%,49.77,43.81,88.0%,16.33,13.37,81.8%,3.35,0.81,24.0%,0.13
Andrea Pinamonti,36,2571,0.32,0.33,-0.01,2.52,1.05,12.50%,0.13,3.01,31.0,10.3,1.26,8.9,0.2,0.32,0.00,0.11,0.00,11,1,43,2,17,106,46,43.4%,154,57,37.0%,16.38,11.94,72.9%,5.57,3.26,58.5%,0.39,0.07,18.2%,0.00
Andrias Edmundsson,15,1320,0.00,0.01,-0.01,0.27,0.07,0.00%,0.05,9.75,101.8,10.4,5.18,51.4,0.7,0.00,0.00,0.00,0.00,26,27,58,11,117,58,33,56.9%,79,39,49.4%,35.73,26.93,75.4%,7.91,3.48,44.0%,0.27,0.07,25.0%,0.07
Andy Diouf,19,480,0.19,0.11,0.08,1.88,0.56,10.00%,0.06,19.50,247.1,12.7,12.00,152.2,2.4,0.75,0.19,0.94,0.00,12,1,23,0,5,63,27,42.9%,10,6,60.0%,43.88,37.50,85.5%,19.88,15.38,77.4%,1.13,0.19,16.7%,0.00
Ange-Yoan Bonny,33,1129,0.40,0.30,0.10,1.75,0.72,22.73%,0.17,9.57,117.7,12.3,4.86,57.7,0.9,0.40,0.16,0.48,0.00,17,1,33,0,5,141,61,43.3%,30,11,36.7%,21.44,17.06,79.5%,10.68,8.29,77.6%,0.48,0.16,33.3%,0.00
Antoine Bernede,32,2315,0.04,0.05,-0.01,0.82,0.16,4.76%,0.06,10.73,123.9,11.5,5.64,65.6,0.5,0.27,0.00,0.47,0.08,70,14,150,6,18,244,107,43.9%,38,13,34.2%,34.60,26.79,77.4%,13.53,9.17,67.8%,0.82,0.12,14.3%,0.35
Antonino Gallo,37,3058,0.00,0.02,-0.02,0.18,0.03,0.00%,0.08,7.00,82.2,11.7,4.68,50.4,0.3,0.03,0.00,0.24,0.00,58,15,142,6,125,134,84,62.7%,50,26,52.0%,33.14,23.40,70.6%,12.33,7.48,60.6%,2.74,0.65,23.7%,0.00
Antonio Caracciolo,35,3074,0.06,0.06,-0.00,0.73,0.18,8.00%,0.08,6.00,53.8,9.0,2.25,14.0,0.2,0.09,0.00,0.00,0.00,71,50,115,24,192,166,84,50.6%,95,55,57.9%,36.07,30.39,84.3%,3.34,1.58,47.4%,0.09,0.03,33.3%,0.00
Antonio Sanabria,25,941,0.10,0.28,-0.18,1.15,0.38,8.33%,0.24,5.36,56.1,10.5,2.01,9.6,0.5,0.19,0.00,0.19,0.00,2,1,11,0,15,53,24,45.3%,68,29,42.6%,16.74,13.87,82.9%,5.55,4.40,79.3%,0.19,0.00,0.0%,0.19
Antonio Vergara,12,614,0.15,0.11,0.03,1.47,0.44,10.00%,0.08,13.19,180.0,13.6,8.21,118.2,2.1,0.59,0.15,0.59,0.15,12,4,33,0,3,95,40,42.1%,18,5,27.8%,25.80,19.64,76.1%,13.34,9.53,71.4%,1.17,0.00,0.0%,0.15
Ardian Ismajli,25,1907,0.00,0.02,-0.02,0.28,0.19,0.00%,0.05,7.98,82.8,10.4,3.45,30.6,0.4,0.00,0.00,0.00,0.00,33,34,61,18,160,81,51,63.0%,74,53,71.6%,44.98,39.83,88.6%,5.00,2.83,56.6%,0.38,0.14,37.5%,0.00
Ardon Jashari,14,700,0.00,0.03,-0.03,0.90,0.26,0.00%,0.03,16.59,172.4,10.4,7.97,75.8,1.2,0.26,0.00,0.39,0.00,14,5,40,1,7,60,28,46.7%,9,2,22.2%,55.93,50.91,91.0%,15.94,13.24,83.1%,0.77,0.26,33.3%,0.13
Armand Laurienté,38,2615,0.24,0.13,0.11,2.44,0.89,9.86%,0.05,12.15,143.4,11.8,7.47,88.6,0.4,1.07,0.07,0.62,0.03,27,7,79,1,12,256,103,40.2%,29,7,24.1%,28.02,23.71,84.6%,14.59,11.43,78.3%,1.58,0.31,19.6%,0.07
Armel Bella-Kotchap,19,1347,0.00,0.01,-0.01,0.20,0.00,0.00%,0.04,7.42,68.3,9.2,3.54,25.4,0.5,0.07,0.00,0.00,0.00,20,32,74,15,86,65,37,56.9%,48,40,83.3%,37.82,31.87,84.3%,5.21,2.74,52.6%,0.07,0.00,0.0%,0.00
Arthur Atta,32,2563,0.18,0.14,0.03,2.00,0.70,8.77%,0.07,17.56,207.6,11.8,9.17,105.0,0.4,0.95,0.11,0.53,0.07,27,19,111,1,35,278,120,43.2%,44,21,47.7%,36.48,30.34,83.2%,14.89,11.27,75.7%,1.23,0.32,25.7%,0.14
Arturo Calabresi,26,1516,0.00,0.01,-0.01,0.24,0.06,0.00%,0.05,5.94,58.0,9.8,3.21,30.1,0.6,0.06,0.00,0.06,0.00,19,19,57,12,69,105,42,40.0%,41,19,46.3%,30.81,25.35,82.3%,5.64,3.50,62.1%,1.01,0.18,17.6%,0.00
Assane Diao,17,1084,0.17,0.22,-0.05,2.49,0.83,6.67%,0.09,16.52,219.1,13.3,10.05,132.9,1.1,1.33,0.08,0.08,0.00,16,4,35,1,7,166,81,48.8%,29,9,31.0%,26.90,21.50,79.9%,12.12,8.88,73.3%,2.24,0.25,11.1%,0.17
Aster Vranckx,16,692,0.00,0.02,-0.02,0.39,0.13,0.00%,0.05,6.76,64.2,9.5,2.34,16.0,0.9,0.00,0.00,0.00,0.00,16,0,26,0,15,79,36,45.6%,13,8,61.5%,31.86,26.92,84.5%,7.28,4.81,66.1%,0.65,0.13,20.0%,0.00
Benja Domínguez,15,543,0.00,0.11,-0.11,1.99,0.33,0.00%,0.06,11.77,132.3,11.2,4.31,40.8,1.6,0.33,0.00,0.50,0.17,9,2,23,0,0,79,36,45.6%,15,2,13.3%,20.06,16.08,80.2%,11.10,8.62,77.6%,1.16,0.00,0.0%,0.17
Berat Djimsiti,34,2527,0.00,0.06,-0.06,0.57,0.07,0.00%,0.10,10.04,101.8,10.1,5.13,53.7,0.4,0.00,0.00,0.04,0.00,52,43,95,23,155,103,63,61.2%,146,86,58.9%,55.84,50.47,90.4%,6.77,4.74,70.0%,0.07,0.00,0.0%,0.00
Billy Gilmour,17,803,0.11,0.08,0.03,1.12,0.34,10.00%,0.07,17.04,163.0,9.6,6.39,52.7,0.9,0.00,0.00,0.22,0.00,14,11,56,1,10,47,30,63.8%,15,5,33.3%,88.77,79.91,90.0%,25.33,20.62,81.4%,0.67,0.00,0.0%,0.45
Boulaye Dia,27,1250,0.07,0.16,-0.08,0.86,0.50,8.33%,0.18,5.54,51.7,9.3,1.80,7.8,0.3,0.29,0.00,0.29,0.00,13,3,24,2,17,81,32,39.5%,51,14,27.5%,23.40,19.44,83.1%,6.84,5.18,75.8%,0.00,0.00,0.0%,0.07
Bremer,26,2175,0.17,0.12,0.05,0.95,0.37,17.39%,0.12,13.82,131.0,9.5,6.21,63.6,0.4,0.04,0.00,0.04,0.04,28,32,112,9,94,75,39,52.0%,114,66,57.9%,55.20,49.41,89.5%,7.12,5.21,73.3%,0.04,0.00,0.0%,0.04
Brooke Norton-Cuffy,27,2214,0.08,0.07,0.02,0.65,0.24,12.50%,0.10,11.06,150.4,13.6,5.73,72.2,0.5,0.16,0.00,0.41,0.04,43,10,95,6,39,167,91,54.5%,46,15,32.6%,29.27,23.74,81.1%,8.17,5.89,72.1%,3.29,0.77,23.5%,0.00
Bryan Cristante,37,3103,0.06,0.06,-0.01,1.28,0.23,4.55%,0.05,13.95,142.6,10.2,6.96,65.0,0.3,0.12,0.00,0.17,0.00,72,27,186,8,67,203,92,45.3%,212,114,53.8%,61.75,50.21,81.3%,20.24,13.89,68.6%,0.55,0.17,31.6%,0.20
Caleb Ekuban,31,975,0.37,0.34,0.03,2.68,0.92,13.79%,0.13,5.72,60.1,10.5,2.77,22.6,0.8,0.55,0.00,0.37,0.09,4,5,36,1,5,88,41,46.6%,52,23,44.2%,14.12,9.69,68.6%,6.92,3.97,57.3%,0.55,0.09,16.7%,0.00
Carlos Augusto,34,1753,0.05,0.07,-0.02,1.03,0.31,5.00%,0.07,11.81,124.5,10.5,6.26,65.3,0.5,0.31,0.00,0.15,0.05,37,18,61,8,61,100,55,55.0%,88,61,69.3%,58.07,51.70,89.0%,12.68,10.01,79.0%,2.36,0.46,19.6%,0.05
Cesare Casadei,33,1990,0.27,0.19,0.08,1.58,0.77,17.14%,0.12,7.64,85.6,11.2,3.30,28.8,0.4,0.18,0.00,0.05,0.00,36,10,84,3,39,163,65,39.9%,153,105,68.6%,33.83,25.46,75.3%,10.63,7.01,66.0%,0.18,0.05,25.0%,0.05
Charalampos Lykogiannis,10,627,0.00,0.03,-0.03,1.00,0.29,0.00%,0.03,6.46,72.7,11.3,3.73,36.8,1.4,0.00,0.00,0.00,0.00,14,5,26,3,17,34,18,52.9%,16,7,43.8%,42.49,32.73,77.0%,12.49,8.61,69.0%,3.44,1.29,37.5%,0.00
Charles De Ketelaere,31,2188,0.12,0.15,-0.03,1.89,0.66,6.52%,0.08,17.73,211.7,11.9,10.24,116.5,0.5,0.53,0.04,1.32,0.12,24,4,122,2,15,255,109,42.7%,89,42,47.2%,41.87,32.91,78.6%,24.19,18.10,74.8%,1.85,0.66,35.6%,0.41
Cheikh Niasse,20,978,0.00,0.02,-0.02,0.55,0.09,0.00%,0.03,6.35,58.4,9.2,2.39,20.3,0.8,0.00,0.00,0.00,0.00,21,14,41,5,18,73,40,54.8%,55,21,38.2%,33.22,26.96,81.2%,8.37,5.71,68.1%,1.10,0.55,50.0%,0.00
Cher Ndour,33,1872,0.14,0.13,0.02,1.15,0.38,12.50%,0.11,8.22,83.9,10.2,2.55,17.7,0.3,0.14,0.00,0.10,0.00,35,14,75,9,34,133,66,49.6%,78,32,41.0%,36.35,30.10,82.8%,11.49,8.75,76.2%,0.91,0.05,5.3%,0.10
Christian Kabasele,30,2256,0.12,0.05,0.07,0.40,0.24,30.00%,0.13,6.42,57.8,9.0,2.39,15.2,0.3,0.00,0.00,0.00,0.00,18,36,55,21,157,85,46,54.1%,100,65,65.0%,33.55,29.64,88.3%,2.95,1.04,35.1%,0.00,0.00,0.0%,0.00
Christian Ordóñez,28,1084,0.08,0.04,0.04,0.83,0.17,10.00%,0.05,6.06,57.2,9.4,2.49,15.5,0.5,0.17,0.08,0.17,0.00,25,8,41,7,12,97,41,42.3%,27,8,29.6%,21.92,18.02,82.2%,6.64,5.56,83.8%,0.50,0.17,33.3%,0.08
Christian Pulisic,30,1611,0.45,0.45,-0.00,3.02,1.40,14.81%,0.15,18.10,207.8,11.5,7.77,78.6,0.6,0.73,0.00,0.84,0.06,15,3,53,1,11,137,70,51.1%,31,10,32.3%,37.37,32.12,86.0%,16.70,13.41,80.3%,1.62,0.50,31.0%,0.39
Christopher Nkunku,32,1351,0.47,0.63,-0.17,1.93,1.07,24.14%,0.33,7.53,80.2,10.7,3.20,25.9,0.5,0.47,0.00,0.13,0.13,5,3,32,1,8,73,36,49.3%,41,14,34.1%,22.78,20.12,88.3%,9.86,8.46,85.8%,0.40,0.13,33.3%,0.13
Ché Adams,33,1896,0.28,0.27,0.01,2.52,0.85,11.32%,0.11,6.31,62.5,9.9,2.14,5.4,0.1,0.62,0.05,0.19,0.00,14,1,54,1,11,95,42,44.2%,82,30,36.6%,25.40,19.08,75.1%,11.20,7.59,67.8%,0.66,0.09,14.3%,0.05
Corrie Ndaba,14,539,0.00,0.02,-0.02,0.33,0.00,0.00%,0.06,7.18,68.4,9.5,3.01,7.4,0.4,0.00,0.00,0.17,0.00,7,4,17,1,37,19,13,68.4%,15,7,46.7%,33.23,27.72,83.4%,7.51,5.68,75.6%,0.67,0.17,25.0%,0.00
Cristian Volpato,24,1063,0.17,0.14,0.03,1.78,0.59,9.52%,0.08,17.27,203.1,11.8,8.21,86.2,0.9,1.02,0.00,0.93,0.17,16,6,50,1,10,129,50,38.8%,14,5,35.7%,34.37,27.43,79.8%,14.39,9.99,69.4%,1.61,0.34,21.1%,0.51
Cristiano Biraghi,14,511,0.00,0.01,-0.01,0.35,0.00,0.00%,0.03,6.16,68.4,11.1,3.52,36.8,1.8,0.00,0.00,0.00,0.00,9,3,12,0,18,30,16,53.3%,9,7,77.8%,31.88,25.54,80.1%,11.62,8.63,74.2%,4.58,1.06,23.1%,0.00
Cyril Ngonge,20,992,0.09,0.17,-0.08,2.18,1.09,4.17%,0.08,11.89,137.8,11.6,5.63,56.9,0.9,0.73,0.00,0.27,0.00,11,2,36,0,9,99,48,48.5%,40,18,45.0%,23.14,16.15,69.8%,10.89,7.26,66.7%,1.36,0.36,26.7%,0.09
Daniel Maldini,21,952,0.19,0.31,-0.12,2.17,0.66,8.70%,0.14,14.37,157.4,11.0,7.09,73.5,1.0,0.66,0.00,0.76,0.09,15,4,34,1,4,117,58,49.6%,25,8,32.0%,29.21,23.73,81.2%,12.95,9.64,74.5%,0.28,0.19,66.7%,0.00
Daniel Mosquera,22,585,0.00,0.11,-0.11,2.46,0.77,0.00%,0.04,5.23,55.2,10.5,2.46,14.4,0.9,0.77,0.00,0.00,0.00,5,2,21,3,6,66,17,25.8%,58,17,29.3%,17.54,12.92,73.7%,7.08,4.15,58.7%,0.31,0.00,0.0%,0.00
Daniel Oyegoke,15,593,0.00,0.01,-0.01,0.46,0.15,0.00%,0.02,10.17,129.1,12.7,7.13,87.0,1.9,0.15,0.00,0.30,0.00,16,7,25,0,12,54,28,51.9%,16,7,43.8%,26.86,20.19,75.1%,9.56,6.68,69.8%,4.86,0.91,18.8%,0.00
Daniele Ghilardi,23,1086,0.00,0.03,-0.03,0.25,0.00,0.00%,0.12,8.87,101.5,11.4,5.14,64.0,1.0,0.00,0.00,0.08,0.00,30,20,55,6,56,91,50,54.9%,44,25,56.8%,49.97,42.93,85.9%,10.19,7.04,69.1%,0.33,0.00,0.0%,0.08
Daniele Rugani,12,577,0.00,0.02,-0.02,0.16,0.00,0.00%,0.10,8.42,79.3,9.4,2.50,32.9,2.1,0.00,0.00,0.00,0.00,8,9,15,4,30,16,8,50.0%,29,15,51.7%,50.38,46.17,91.6%,2.50,1.09,43.8%,0.00,0.00,0.0%,0.00
Danilo Cataldi,27,1992,0.14,0.14,0.00,1.17,0.32,11.54%,0.11,8.86,78.0,8.8,2.85,17.5,0.3,0.00,0.00,0.09,0.05,34,21,106,9,45,95,50,52.6%,22,14,63.6%,49.61,42.24,85.2%,11.39,7.77,68.3%,0.45,0.05,10.0%,0.18
Danilo Veiga,36,3022,0.00,0.01,-0.01,0.18,0.06,0.00%,0.04,7.83,90.6,11.6,4.97,58.6,0.4,0.03,0.00,0.15,0.03,97,33,112,13,136,299,163,54.5%,101,50,49.5%,29.84,21.09,70.7%,10.54,6.58,62.4%,2.44,0.39,15.8%,0.09
David Neres,16,925,0.29,0.15,0.14,1.65,0.39,17.65%,0.09,15.28,195.2,12.8,9.05,107.3,1.2,0.68,0.19,0.78,0.10,10,1,28,3,2,96,36,37.5%,18,4,22.2%,32.21,26.27,81.6%,17.51,13.72,78.3%,3.21,0.78,24.2%,0.10
Davide Bartesaghi,31,2442,0.07,0.04,0.03,0.81,0.26,9.09%,0.05,8.73,104.8,12.0,5.01,58.9,0.4,0.18,0.00,0.22,0.00,49,12,71,10,67,154,75,48.7%,55,25,45.5%,39.18,33.61,85.8%,12.31,9.91,80.5%,3.35,0.74,22.0%,0.07
Davide Frattesi,22,553,0.00,0.35,-0.35,2.60,0.65,0.00%,0.13,5.37,68.1,12.7,3.42,36.0,1.7,0.16,0.00,0.00,0.00,15,3,16,1,4,56,31,55.4%,12,4,33.3%,19.69,15.30,77.7%,7.00,4.72,67.4%,0.33,0.00,0.0%,0.00
Davide Zappacosta,35,2580,0.10,0.08,0.03,1.29,0.31,8.11%,0.06,11.76,135.5,11.5,6.73,73.4,0.4,0.35,0.00,0.42,0.03,22,20,96,2,37,133,54,40.6%,26,12,46.2%,40.19,34.15,85.0%,14.51,11.93,82.2%,3.14,0.70,22.2%,0.00
Denzel Dumfries,20,1327,0.20,0.24,-0.03,1.56,0.34,13.04%,0.15,4.88,52.8,10.8,2.85,27.6,0.7,0.20,0.00,0.07,0.00,16,7,35,0,21,77,35,45.5%,54,30,55.6%,25.57,20.48,80.1%,9.90,7.05,71.2%,2.31,0.34,14.7%,0.00
Devyne Rensch,24,1180,0.08,0.02,0.05,0.46,0.15,16.67%,0.05,6.48,60.4,9.3,2.97,24.2,0.6,0.00,0.00,0.15,0.00,31,17,42,5,37,75,53,70.7%,28,11,39.3%,41.42,33.71,81.4%,14.49,10.68,73.7%,1.68,0.38,22.7%,0.08
Diego Carlos,27,1948,0.05,0.05,0.00,0.37,0.09,12.50%,0.12,10.03,99.3,9.9,4.44,41.7,0.4,0.00,0.00,0.00,0.00,30,22,60,17,120,77,37,48.1%,82,48,58.5%,61.03,56.64,92.8%,4.71,2.82,59.8%,0.09,0.00,0.0%,0.00
Dodô,36,3139,0.03,0.06,-0.03,0.72,0.11,4.00%,0.09,14.48,201.5,13.9,10.18,146.6,0.4,0.09,0.03,0.60,0.00,29,30,172,3,59,218,127,58.3%,39,18,46.2%,40.14,33.55,83.6%,13.65,10.15,74.4%,4.36,1.00,23.0%,0.11
Domagoj Bradaric,29,1971,0.00,0.03,-0.03,0.59,0.27,0.00%,0.06,8.13,93.8,11.5,4.06,39.7,0.4,0.14,0.00,0.18,0.00,30,9,77,3,38,81,47,58.0%,27,7,25.9%,24.25,18.40,75.9%,6.94,4.52,65.1%,3.33,0.64,19.2%,0.14
Domenico Berardi,26,1968,0.37,0.27,0.10,1.83,0.96,20.00%,0.15,7.77,89.9,11.6,3.66,38.3,0.5,0.37,0.14,0.05,0.05,26,24,78,0,24,153,70,45.8%,32,13,40.6%,29.59,22.77,77.0%,12.58,8.69,69.1%,0.96,0.32,33.3%,0.27
Donyell Malen,18,1478,0.85,0.85,0.01,4.26,1.89,20.00%,0.20,7.86,86.2,11.0,3.84,38.1,0.6,1.34,0.18,0.12,0.00,5,2,34,0,1,118,38,32.2%,28,10,35.7%,13.40,10.35,77.3%,6.94,5.05,72.8%,0.37,0.06,16.7%,0.06
Dusan Vlahovic,19,970,0.65,0.66,-0.01,4.55,1.67,14.29%,0.14,4.64,46.1,9.9,2.51,19.5,0.7,0.56,0.00,0.00,0.00,3,2,8,2,4,55,24,43.6%,54,25,46.3%,16.24,11.32,69.7%,8.26,5.29,64.0%,0.37,0.19,50.0%,0.19
Duván Zapata,28,1097,0.25,0.32,-0.07,2.79,1.23,8.82%,0.11,6.40,77.5,12.1,3.36,32.5,0.8,0.66,0.00,0.16,0.00,4,1,33,1,15,70,32,45.7%,79,35,44.3%,20.10,14.69,73.1%,9.43,5.74,60.9%,0.57,0.00,0.0%,0.08
Ebenezer Akinsanmiro,24,1445,0.00,0.05,-0.05,0.81,0.19,0.00%,0.07,11.65,121.9,10.5,5.79,61.1,0.7,0.19,0.00,0.19,0.06,39,27,107,6,14,164,88,53.7%,32,14,43.8%,31.70,27.16,85.7%,9.59,7.47,77.9%,0.69,0.19,27.3%,0.12
Eivind Helland,6,488,0.00,0.01,-0.01,0.18,0.00,0.00%,0.07,15.12,158.1,10.5,7.38,58.3,1.5,0.00,0.00,0.00,0.00,7,6,28,6,19,16,8,50.0%,21,15,71.4%,61.78,54.22,87.8%,7.19,3.87,53.9%,0.00,0.00,0.0%,0.00
Eljif Elmas,33,1782,0.05,0.15,-0.10,1.36,0.45,3.70%,0.11,10.56,122.9,11.6,5.71,60.5,0.5,0.40,0.00,0.20,0.05,24,7,65,6,19,99,50,50.5%,11,2,18.2%,39.29,35.10,89.3%,11.97,9.80,81.9%,0.81,0.10,12.5%,0.10
Emanuele Valeri,34,2645,0.00,0.02,-0.02,0.78,0.17,0.00%,0.03,8.37,101.1,12.1,6.57,78.4,0.4,0.07,0.00,0.41,0.00,46,22,104,3,42,180,87,48.3%,33,14,42.4%,25.59,18.71,73.1%,9.09,5.92,65.2%,5.17,0.88,17.1%,0.00
Emil Holm,18,884,0.10,0.13,-0.03,1.32,0.20,7.69%,0.10,9.88,108.3,11.0,5.60,56.1,1.0,0.00,0.00,0.20,0.10,30,9,57,3,29,87,55,63.2%,36,17,47.2%,38.08,29.83,78.3%,9.98,7.13,71.4%,2.85,0.71,25.0%,0.00
Emirhan Ilkhan,19,1008,0.09,0.20,-0.11,1.07,0.27,8.33%,0.19,8.84,107.3,12.1,4.29,44.5,0.9,0.27,0.00,0.18,0.00,26,13,52,2,16,90,51,56.7%,25,13,52.0%,42.32,35.54,84.0%,11.16,7.59,68.0%,0.45,0.27,60.0%,0.00
Enrico Delprato,35,2953,0.06,0.06,-0.00,0.55,0.27,11.11%,0.12,6.67,64.7,9.7,3.47,30.6,0.3,0.03,0.00,0.09,0.00,36,24,76,22,109,91,51,56.0%,70,34,48.6%,34.07,29.35,86.1%,6.61,4.30,65.0%,0.58,0.15,26.3%,0.00
Enzo Ebosse,17,1331,0.00,0.00,-0.00,0.07,0.00,0.00%,0.05,15.35,156.3,10.2,7.91,77.0,0.7,0.00,0.00,0.07,0.00,12,10,33,15,59,58,24,41.4%,34,16,47.1%,55.92,50.17,89.7%,9.13,7.10,77.8%,0.47,0.20,42.9%,0.00
Evan Ferguson,16,776,0.35,0.31,0.04,3.13,1.74,11.11%,0.10,6.84,79.4,11.6,2.78,24.6,1.0,0.35,0.00,0.35,0.00,7,1,17,1,2,68,24,35.3%,44,10,22.7%,19.14,14.73,77.0%,8.93,6.73,75.3%,0.23,0.12,50.0%,0.00
Evan Ndicka,31,2683,0.10,0.07,0.04,0.77,0.20,13.04%,0.08,8.92,87.5,9.8,4.19,37.6,0.3,0.00,0.00,0.03,0.00,24,49,137,12,138,112,63,56.3%,125,76,60.8%,54.81,49.65,90.6%,5.03,3.42,68.0%,0.03,0.00,0.0%,0.03
Fabiano Parisi,23,1527,0.06,0.08,-0.02,1.41,0.41,4.17%,0.05,14.85,175.8,11.8,7.07,82.2,0.7,0.41,0.06,0.24,0.00,21,20,94,6,22,186,114,61.3%,25,10,40.0%,37.66,32.00,85.0%,12.02,9.31,77.5%,1.59,0.24,14.8%,0.12
Fabio Miretti,23,605,0.15,0.31,-0.17,2.68,0.74,5.56%,0.12,18.60,209.6,11.3,9.37,96.2,1.5,0.45,0.15,0.15,0.00,19,3,42,0,6,76,33,43.4%,10,3,30.0%,56.38,48.35,85.8%,24.84,19.34,77.8%,1.04,0.15,14.3%,0.60
Fali Candé,12,507,0.00,0.04,-0.04,0.53,0.00,0.00%,0.07,4.97,48.1,9.7,1.95,21.6,2.0,0.18,0.00,0.00,0.00,9,2,26,2,28,28,15,53.6%,28,11,39.3%,33.91,25.92,76.4%,6.57,3.02,46.0%,0.71,0.00,0.0%,0.00
Federico Baschirotto,29,2541,0.07,0.04,0.03,0.43,0.18,16.67%,0.09,8.32,83.6,10.0,3.93,41.5,0.4,0.04,0.00,0.00,0.00,26,26,80,33,187,90,36,40.0%,103,57,55.3%,46.61,40.31,86.5%,4.85,2.23,46.0%,0.28,0.04,12.5%,0.00
Federico Bernardeschi,29,1209,0.30,0.22,0.07,2.90,0.97,10.26%,0.08,19.95,244.7,12.3,6.85,26.2,0.3,1.41,0.07,0.89,0.07,7,7,55,2,8,96,42,43.8%,13,6,46.2%,40.20,35.06,87.2%,17.57,14.00,79.7%,2.68,0.89,33.3%,0.07
Federico Bonazzoli,35,2523,0.36,0.35,0.01,2.68,1.14,13.33%,0.13,7.56,81.1,10.7,2.75,29.3,0.4,0.46,0.04,0.21,0.04,30,11,86,0,10,222,121,54.5%,26,9,34.6%,29.71,25.08,84.4%,9.70,7.10,73.2%,0.93,0.21,23.1%,0.21
Federico Ceccherini,9,480,0.00,0.04,-0.04,0.94,0.38,0.00%,0.04,6.19,49.7,8.0,2.06,6.9,0.6,0.00,0.00,0.00,0.00,7,7,15,5,25,26,16,61.5%,27,16,59.3%,42.38,33.94,80.1%,6.94,4.31,62.2%,0.56,0.00,0.0%,0.00
Federico Dimarco,35,2704,0.23,0.17,0.06,2.16,0.73,10.77%,0.08,7.42,84.8,11.4,4.46,51.0,0.4,0.10,0.00,0.30,0.07,50,31,124,3,28,157,80,51.0%,14,2,14.3%,48.49,40.37,83.3%,20.17,16.24,80.5%,5.72,1.60,27.9%,0.10
Federico Gatti,21,1089,0.17,0.17,-0.01,1.16,0.50,14.29%,0.15,17.11,182.1,10.6,7.77,80.8,0.9,0.17,0.00,0.08,0.00,12,13,46,6,63,39,19,48.7%,43,27,62.8%,53.31,48.35,90.7%,7.60,5.70,75.0%,0.17,0.00,0.0%,0.00
Felipe Loyola,11,538,0.17,0.13,0.03,1.51,0.17,11.11%,0.09,14.22,151.6,10.7,7.03,67.0,1.6,0.67,0.00,0.00,0.00,10,7,28,1,8,42,15,35.7%,7,1,14.3%,36.13,31.45,87.0%,7.03,5.19,73.8%,0.67,0.00,0.0%,0.00
Fikayo Tomori,33,2563,0.00,0.02,-0.02,0.32,0.07,0.00%,0.07,8.95,76.4,8.5,3.86,27.1,0.2,0.00,0.00,0.00,0.00,65,29,74,23,100,135,75,55.6%,34,16,47.1%,55.17,49.76,90.2%,9.52,7.27,76.4%,0.60,0.14,23.5%,0.07
Filip Kostic,18,469,0.58,0.11,0.46,1.73,0.77,33.33%,0.07,11.13,143.4,12.9,7.68,87.0,2.2,0.19,0.00,0.38,0.00,17,4,29,0,11,48,26,54.2%,8,4,50.0%,43.94,36.46,83.0%,11.32,9.21,81.4%,6.33,1.54,24.2%,0.00
Filip Stojilkovic,13,659,0.00,0.37,-0.37,1.37,0.55,0.00%,0.27,3.69,43.0,11.7,1.64,19.4,1.6,0.41,0.00,0.14,0.00,2,0,7,1,1,18,4,22.2%,10,1,10.0%,9.29,6.69,72.1%,3.69,1.91,51.9%,0.41,0.27,66.7%,0.14
Filippo Terracciano,36,3012,0.06,0.06,0.00,0.42,0.12,14.29%,0.13,7.95,76.3,9.6,3.91,26.9,0.2,0.06,0.00,0.03,0.00,33,56,140,23,117,100,63,63.0%,74,43,58.1%,46.31,39.92,86.2%,7.86,5.53,70.3%,0.84,0.09,10.7%,0.03
Fisayo Dele-Bashiru,24,1182,0.08,0.07,0.01,0.69,0.15,11.11%,0.10,7.01,83.8,12.0,3.43,29.8,0.7,0.23,0.00,0.23,0.00,19,3,44,0,10,60,27,45.0%,14,4,28.6%,34.19,31.52,92.2%,9.97,8.91,89.3%,0.76,0.15,20.0%,0.00
Francesco Acerbi,18,1379,0.00,0.02,-0.02,0.20,0.07,0.00%,0.12,11.62,110.7,9.5,5.68,59.1,0.7,0.00,0.00,0.00,0.00,10,18,45,16,91,42,24,57.1%,65,45,69.2%,63.83,60.57,94.9%,5.48,4.70,85.7%,0.20,0.20,100.0%,0.00
Francesco Camarda,21,679,0.13,0.25,-0.11,2.12,0.40,6.25%,0.12,4.77,43.1,9.0,1.99,10.9,0.7,0.13,0.00,0.27,0.00,3,0,20,1,2,37,10,27.0%,46,14,30.4%,14.18,10.07,71.0%,5.30,3.18,60.0%,0.13,0.00,0.0%,0.00
Francesco Coppola,7,457,0.00,0.02,-0.02,0.39,0.00,0.00%,0.05,4.33,39.2,9.0,2.36,19.9,1.7,0.20,0.00,0.00,0.00,13,4,12,4,13,42,22,52.4%,10,3,30.0%,24.22,20.28,83.7%,4.14,3.35,81.0%,0.39,0.20,50.0%,0.00
Francesco Folino,18,712,0.13,0.02,0.10,0.25,0.13,50.00%,0.08,6.32,55.8,8.8,2.78,22.4,1.0,0.00,0.00,0.00,0.00,8,3,23,9,52,38,17,44.7%,23,16,69.6%,39.31,31.73,80.7%,6.70,3.41,50.9%,0.13,0.00,0.0%,0.13
Francesco Pio Esposito,35,1561,0.40,0.43,-0.02,3.29,1.33,12.28%,0.13,4.67,39.8,8.5,2.48,16.5,0.4,0.23,0.06,0.29,0.12,9,5,31,2,13,126,62,49.2%,80,42,52.5%,21.04,15.39,73.2%,11.24,7.67,68.2%,0.23,0.00,0.0%,0.12
Francisco Conceição,31,2098,0.13,0.33,-0.20,3.13,0.99,4.11%,0.11,21.92,264.5,12.1,11.11,120.9,0.5,1.29,0.04,0.94,0.17,34,7,98,1,4,248,128,51.6%,16,2,12.5%,36.42,31.79,87.3%,17.42,14.29,82.0%,2.96,0.64,21.7%,0.09
Franco Vázquez,15,516,0.17,0.24,-0.07,2.09,0.70,8.33%,0.12,9.42,99.9,10.6,3.84,45.9,2.1,0.35,0.00,0.00,0.00,19,4,21,1,6,79,40,50.6%,25,8,32.0%,34.53,27.03,78.3%,13.95,9.59,68.8%,1.40,0.35,25.0%,0.35
Frank Anguissa,18,1256,0.29,0.18,0.10,1.65,0.64,17.39%,0.11,9.60,89.2,9.3,3.73,27.4,0.5,0.14,0.07,0.00,0.00,18,12,71,3,11,104,45,43.3%,54,32,59.3%,51.16,44.28,86.5%,12.68,10.10,79.7%,1.07,0.29,26.7%,0.14
Gabriel Strefezza,14,1015,0.18,0.09,0.09,2.13,0.62,8.33%,0.04,17.47,199.0,11.4,7.45,83.0,1.0,0.98,0.09,0.53,0.09,16,5,38,0,4,127,61,48.0%,14,5,35.7%,30.86,26.33,85.3%,13.48,10.46,77.6%,2.22,0.44,20.0%,0.09
Gabriele Piccinini,25,861,0.00,0.24,-0.24,1.99,0.73,0.00%,0.12,6.48,69.7,10.8,4.29,40.8,1.0,0.42,0.00,0.21,0.00,22,2,33,1,10,73,37,50.7%,36,17,47.2%,24.25,19.02,78.5%,8.26,5.33,64.6%,1.88,0.21,11.1%,0.00
Gabriele Zappa,31,1594,0.00,0.05,-0.05,0.62,0.11,0.00%,0.08,11.41,120.2,10.5,7.06,68.4,0.5,0.11,0.00,0.34,0.17,28,17,51,2,45,81,38,46.9%,24,11,45.8%,49.86,42.06,84.4%,11.86,8.13,68.6%,2.03,0.68,33.3%,0.00
Gaetano Oristanio,20,857,0.11,0.21,-0.11,2.52,0.42,4.17%,0.08,12.29,156.8,12.8,6.41,79.6,1.3,1.26,0.00,0.53,0.00,9,2,30,0,6,101,43,42.6%,19,9,47.4%,16.38,13.44,82.0%,8.51,6.93,81.5%,1.68,0.42,25.0%,0.11
Gennaro Borrelli,27,1273,0.35,0.22,0.13,2.12,0.85,16.67%,0.11,4.81,47.5,9.9,1.91,13.7,0.5,0.14,0.00,0.07,0.00,15,3,23,2,17,143,67,46.9%,98,54,55.1%,16.05,11.24,70.0%,6.22,4.03,64.8%,0.14,0.00,0.0%,0.00
Giacomo Raspadori,13,791,0.34,0.36,-0.02,3.19,1.25,10.71%,0.11,10.70,113.0,10.6,3.53,19.7,0.6,1.02,0.00,0.68,0.11,8,1,28,0,5,50,19,38.0%,16,7,43.8%,34.02,27.42,80.6%,15.25,11.38,74.6%,2.16,0.80,36.8%,0.00
Gianluca Gaetano,33,1912,0.09,0.09,0.01,1.60,0.52,5.88%,0.06,11.11,120.1,10.8,5.08,51.4,0.5,0.38,0.00,0.28,0.05,29,22,108,2,29,155,75,48.4%,27,14,51.9%,49.66,39.96,80.5%,12.99,8.47,65.2%,0.52,0.19,36.4%,0.14
Gianluca Mancini,36,3066,0.12,0.07,0.04,0.59,0.23,20.00%,0.13,8.19,84.5,10.3,4.67,46.6,0.3,0.00,0.00,0.06,0.00,52,49,109,14,126,191,97,50.8%,145,91,62.8%,48.41,42.06,86.9%,10.30,6.81,66.1%,0.91,0.18,19.4%,0.15
Gianluca Scamacca,24,1319,0.68,0.46,0.22,3.89,1.50,17.54%,0.12,5.80,52.5,9.1,1.43,1.3,0.1,0.34,0.00,0.20,0.00,8,3,32,2,15,100,39,39.0%,41,26,63.4%,21.56,15.15,70.3%,11.74,7.64,65.1%,0.00,0.00,0.0%,0.07
Gift Orban,28,2036,0.31,0.46,-0.15,3.76,1.24,8.24%,0.12,5.04,59.4,11.8,2.78,33.0,0.5,0.84,0.04,0.22,0.00,4,4,57,0,9,116,42,36.2%,89,29,32.6%,16.62,11.94,71.8%,7.12,4.42,62.1%,0.57,0.22,38.5%,0.04
Giorgio Scalvini,24,1817,0.15,0.13,0.02,0.94,0.30,15.79%,0.14,10.50,105.6,10.1,6.09,64.8,0.5,0.10,0.00,0.15,0.00,47,43,100,12,73,138,70,50.7%,68,42,61.8%,59.98,52.75,87.9%,14.61,11.19,76.6%,0.30,0.05,16.7%,0.05
Giovane,33,1873,0.14,0.18,-0.03,2.69,1.30,5.36%,0.07,10.43,134.2,12.9,5.57,75.3,0.6,0.96,0.05,0.34,0.10,15,6,77,2,11,196,75,38.3%,150,37,24.7%,22.06,15.23,69.1%,11.53,7.40,64.2%,1.25,0.10,7.7%,0.24
Giovanni Bonfanti,9,495,0.00,0.07,-0.07,1.09,0.18,0.00%,0.06,7.27,78.0,10.7,4.00,40.1,1.8,0.00,0.00,0.00,0.00,13,7,19,2,26,44,21,47.7%,17,9,52.9%,25.45,16.55,65.0%,6.73,3.09,46.0%,2.18,0.36,16.7%,0.00
Giovanni Di Lorenzo,26,2278,0.08,0.08,-0.00,0.99,0.36,8.00%,0.08,9.01,90.7,10.1,5.37,49.4,0.4,0.08,0.00,0.12,0.00,45,9,88,9,46,139,76,54.7%,59,35,59.3%,57.96,49.78,85.9%,16.51,11.97,72.5%,1.50,0.20,13.2%,0.20
Giovanni Fabbian,29,1167,0.15,0.19,-0.03,1.62,0.46,9.52%,0.12,5.71,65.3,11.4,2.62,25.6,0.8,0.08,0.00,0.00,0.00,12,6,37,1,18,89,44,49.4%,69,32,46.4%,22.83,18.20,79.7%,7.25,5.01,69.2%,0.54,0.00,0.0%,0.00
Giovanni Simeone,32,2245,0.44,0.40,0.04,3.17,1.12,13.92%,0.13,7.18,75.9,10.6,3.33,25.6,0.3,0.88,0.04,0.32,0.00,16,5,78,2,16,187,78,41.7%,107,34,31.8%,16.72,12.15,72.7%,7.14,4.17,58.4%,0.36,0.04,11.1%,0.00
Giuseppe Pezzella,31,2591,0.00,0.00,-0.00,0.21,0.00,0.00%,0.02,7.29,79.6,10.9,4.55,46.0,0.4,0.00,0.00,0.21,0.00,53,11,88,13,89,201,99,49.3%,60,28,46.7%,26.02,20.01,76.9%,6.63,4.48,67.5%,3.89,1.04,26.8%,0.00
Guillermo Maripán,27,2144,0.08,0.07,0.02,0.76,0.34,11.11%,0.09,7.18,65.1,9.1,3.44,27.3,0.3,0.00,0.00,0.13,0.00,51,28,74,26,151,111,62,55.9%,112,59,52.7%,41.56,35.47,85.3%,5.33,3.15,59.1%,0.13,0.04,33.3%,0.00
Gustav Isaksen,30,1598,0.28,0.28,-0.00,2.70,1.07,10.42%,0.10,15.83,200.7,12.7,8.34,100.8,0.7,1.07,0.17,0.62,0.06,16,7,62,3,6,196,99,50.5%,27,11,40.7%,28.95,23.37,80.7%,10.53,7.21,68.5%,1.63,0.51,31.0%,0.11
Gvidas Gineitis,29,1763,0.00,0.05,-0.05,1.38,0.26,0.00%,0.04,7.61,88.4,11.6,4.08,40.3,0.5,0.56,0.00,0.26,0.00,45,22,77,10,28,167,93,55.7%,55,28,50.9%,29.25,22.36,76.4%,9.55,6.59,69.0%,1.74,0.51,29.4%,0.20
Hakan Çalhanoglu,22,1649,0.49,0.31,0.18,2.73,0.93,18.00%,0.11,16.37,188.1,11.5,7.91,84.3,0.6,0.05,0.05,0.16,0.00,34,16,102,6,16,102,50,49.0%,23,13,56.5%,75.92,68.82,90.7%,23.47,19.87,84.7%,1.15,0.16,14.3%,0.22
Hans Nicolussi Caviglia,26,1459,0.00,0.06,-0.06,1.23,0.19,0.00%,0.05,11.66,111.9,9.6,4.69,36.0,0.5,0.06,0.00,0.19,0.06,27,6,65,4,25,135,62,45.9%,24,11,45.8%,47.37,40.03,84.5%,11.66,7.71,66.1%,0.74,0.06,8.3%,0.06
Hassane Kamara,26,1869,0.00,0.03,-0.03,0.77,0.24,0.00%,0.04,10.40,122.7,11.8,6.26,67.6,0.5,0.05,0.00,0.19,0.00,31,23,72,3,58,106,59,55.7%,29,18,62.1%,35.35,28.89,81.7%,10.16,7.51,73.9%,3.61,0.72,20.0%,0.00
Henrik Meister,28,1512,0.12,0.21,-0.09,1.19,0.48,10.00%,0.18,4.23,56.8,13.4,2.44,31.0,0.8,0.36,0.06,0.00,0.00,5,1,29,0,7,112,35,31.3%,78,33,42.3%,9.29,5.95,64.1%,3.99,2.44,61.2%,0.06,0.00,0.0%,0.00
Henrikh Mkhitaryan,30,1555,0.23,0.29,-0.06,2.49,0.81,9.30%,0.12,14.64,158.7,10.8,8.22,90.1,0.6,0.41,0.00,0.35,0.00,33,14,100,4,18,147,62,42.2%,22,12,54.5%,57.70,50.82,88.1%,24.71,20.72,83.8%,1.85,0.23,12.5%,0.23
Honest Ahanor,22,1374,0.00,0.13,-0.13,0.85,0.26,0.00%,0.15,9.04,92.1,10.2,4.59,39.4,0.6,0.07,0.00,0.00,0.00,36,23,47,10,49,111,69,62.2%,60,33,55.0%,46.77,41.92,89.6%,7.60,6.35,83.6%,0.13,0.07,50.0%,0.00
Ibrahim Sulemana,19,895,0.10,0.16,-0.06,1.11,0.20,9.09%,0.14,11.36,113.8,10.0,4.42,30.0,0.7,0.10,0.00,0.10,0.00,19,5,66,3,16,81,40,49.4%,31,15,48.4%,39.22,34.59,88.2%,7.64,6.23,81.6%,0.20,0.00,0.0%,0.00
Idrissa Touré,32,2281,0.04,0.11,-0.07,1.14,0.32,3.45%,0.10,8.64,109.7,12.7,4.54,47.8,0.4,0.08,0.00,0.24,0.00,43,23,111,7,78,171,81,47.4%,235,141,60.0%,26.40,17.36,65.8%,10.38,5.33,51.3%,2.60,0.43,16.7%,0.12
Ignace Van der Brempt,20,930,0.00,0.02,-0.02,0.29,0.00,0.00%,0.06,13.16,149.7,11.4,7.26,77.5,1.0,0.19,0.00,0.19,0.00,30,8,42,0,19,87,51,58.6%,23,11,47.8%,45.29,38.81,85.7%,12.87,9.68,75.2%,1.06,0.19,18.2%,0.39
Isak Hien,28,1965,0.05,0.04,0.01,0.41,0.14,11.11%,0.09,10.53,89.0,8.4,3.71,32.0,0.4,0.00,0.00,0.05,0.00,49,29,125,16,102,142,74,52.1%,97,48,49.5%,51.94,47.82,92.1%,4.53,3.39,74.8%,0.00,0.00,0.0%,0.00
Isak Vural,15,752,0.00,0.10,-0.10,0.72,0.12,0.00%,0.13,9.57,93.4,9.8,4.31,28.9,0.8,0.00,0.00,0.24,0.00,9,2,34,3,8,83,51,61.4%,19,7,36.8%,25.13,20.82,82.9%,5.74,3.83,66.7%,0.12,0.00,0.0%,0.00
Ismaël Koné,35,2756,0.20,0.17,0.02,0.75,0.33,26.09%,0.23,12.15,146.2,12.0,6.14,67.1,0.4,0.29,0.10,0.36,0.00,31,15,92,3,32,187,109,58.3%,23,7,30.4%,37.33,34.16,91.5%,10.12,8.72,86.1%,0.16,0.10,60.0%,0.03
Ivan Smolcic,28,1665,0.00,0.05,-0.05,0.65,0.22,0.00%,0.07,6.97,65.0,9.3,3.68,30.1,0.4,0.00,0.00,0.11,0.00,38,23,57,9,44,100,57,57.0%,46,25,54.3%,47.46,41.35,87.1%,11.03,8.97,81.4%,1.57,0.32,20.7%,0.11
Jack Harrison,15,979,0.09,0.08,0.01,1.20,0.37,7.69%,0.07,13.42,137.6,10.3,6.07,58.3,0.9,0.64,0.09,0.55,0.09,10,1,34,1,6,84,28,33.3%,17,4,23.5%,35.03,28.96,82.7%,12.87,9.74,75.7%,4.23,0.92,21.7%,0.18
Jacob Ondrejka,16,776,0.00,0.13,-0.13,2.44,0.81,0.00%,0.06,11.25,128.0,11.4,6.61,76.1,1.3,0.70,0.00,0.23,0.00,7,3,26,0,3,74,31,41.9%,7,1,14.3%,23.78,18.90,79.5%,11.60,8.70,75.0%,1.28,0.46,36.4%,0.00
Jacobo Ramón,32,2743,0.07,0.15,-0.08,1.28,0.30,5.13%,0.12,15.26,151.2,9.9,9.52,93.2,0.3,0.07,0.00,0.03,0.00,50,37,116,17,122,130,69,53.1%,169,113,66.9%,69.59,63.59,91.4%,9.94,8.10,81.5%,0.33,0.07,20.0%,0.03
Jacopo Fazzini,20,574,0.00,0.17,-0.17,1.41,0.16,0.00%,0.12,13.48,159.3,11.8,7.21,66.2,1.4,0.63,0.00,0.63,0.00,18,6,35,1,6,85,42,49.4%,21,9,42.9%,29.48,21.95,74.5%,12.07,8.15,67.5%,1.72,0.63,36.4%,0.47
Jakub Piotrowski,33,1697,0.05,0.14,-0.09,1.91,0.48,2.78%,0.07,10.29,115.1,11.2,4.83,51.5,0.6,0.42,0.00,0.16,0.00,45,17,81,8,35,158,87,55.1%,41,22,53.7%,29.33,24.08,82.1%,9.81,6.79,69.2%,0.95,0.00,0.0%,0.11
Jamie Vardy,29,2107,0.30,0.21,0.09,1.28,0.60,23.33%,0.16,3.29,35.8,10.9,2.05,21.0,0.4,0.17,0.04,0.13,0.04,12,3,40,3,25,93,39,41.9%,121,48,39.7%,12.94,8.07,62.4%,6.32,3.80,60.1%,0.51,0.09,16.7%,0.04
Jamil Siebert,21,1700,0.05,0.02,0.03,0.32,0.11,16.67%,0.07,5.45,50.6,9.3,2.44,22.3,0.5,0.05,0.00,0.05,0.00,27,16,37,20,143,72,37,51.4%,70,38,54.3%,31.82,24.56,77.2%,6.46,2.59,40.2%,0.26,0.05,20.0%,0.00
Jan Ziólkowski,18,508,0.00,0.02,-0.02,0.35,0.00,0.00%,0.06,8.15,80.0,9.8,3.01,28.5,1.7,0.00,0.00,0.00,0.00,19,8,23,5,41,43,27,62.8%,41,23,56.1%,45.00,37.74,83.9%,4.43,2.30,52.0%,0.00,0.00,0.0%,0.00
Jari Vandeputte,32,1953,0.05,0.10,-0.05,0.92,0.37,5.00%,0.11,11.89,147.6,12.4,6.31,66.0,0.5,0.23,0.05,0.46,0.09,38,18,92,2,36,155,70,45.2%,16,5,31.3%,41.98,32.49,77.4%,14.29,9.12,63.9%,2.81,0.51,18.0%,0.28
Jay Idzes,35,3063,0.00,0.01,-0.01,0.15,0.00,0.00%,0.04,7.23,70.3,9.7,3.73,33.9,0.3,0.00,0.00,0.03,0.00,28,42,98,21,191,89,47,52.8%,109,53,48.6%,41.64,37.52,90.1%,3.76,2.29,60.9%,0.03,0.00,0.0%,0.03
Jayden Addai,12,688,0.39,0.20,0.19,1.70,0.78,23.08%,0.12,12.95,159.9,12.3,8.11,93.6,1.5,0.92,0.13,0.39,0.00,6,3,24,1,4,83,34,41.0%,3,2,66.7%,21.85,16.22,74.3%,11.64,7.72,66.3%,1.31,0.13,10.0%,0.13
Jean-Daniel Akpa Akpro,22,1507,0.06,0.06,0.00,0.78,0.24,7.69%,0.08,7.41,84.0,11.3,3.88,45.0,0.7,0.00,0.00,0.06,0.00,44,23,83,6,24,160,82,51.3%,61,27,44.3%,22.99,17.20,74.8%,6.15,4.12,67.0%,1.07,0.18,16.7%,0.00
Jeff Ekhator,30,944,0.29,0.28,0.01,1.91,0.48,15.00%,0.14,6.48,72.9,11.2,3.34,40.1,1.1,0.29,0.00,0.10,0.00,12,2,32,0,5,96,43,44.8%,56,26,46.4%,17.07,10.01,58.7%,7.15,3.72,52.0%,0.86,0.00,0.0%,0.10
Jens Odgaard,26,1381,0.33,0.16,0.17,2.28,0.85,14.29%,0.07,9.78,122.3,12.5,4.43,44.3,0.7,0.59,0.07,0.20,0.00,21,4,70,0,16,140,54,38.6%,77,38,49.4%,21.25,15.51,73.0%,9.19,6.91,75.2%,0.85,0.33,38.5%,0.13
Jesper Karlström,36,3152,0.03,0.02,0.00,0.57,0.09,5.00%,0.04,8.57,90.1,10.5,4.14,36.8,0.3,0.09,0.00,0.09,0.00,54,36,144,15,76,172,91,52.9%,56,30,53.6%,38.72,31.49,81.3%,9.45,6.14,65.0%,0.43,0.06,13.3%,0.03
Jesús Rodríguez,31,1734,0.10,0.21,-0.10,2.34,0.62,4.44%,0.09,18.11,227.9,12.6,11.06,122.3,0.6,1.25,0.05,1.25,0.36,26,5,69,0,10,217,99,45.6%,26,13,50.0%,23.67,18.84,79.6%,11.94,8.62,72.2%,2.65,0.26,9.8%,0.10
Jhon Lucumí,29,2287,0.04,0.04,0.00,0.31,0.08,12.50%,0.12,13.62,138.3,10.2,7.04,61.8,0.3,0.04,0.00,0.04,0.00,41,32,133,14,101,109,65,59.6%,72,42,58.3%,63.75,57.10,89.6%,7.71,5.00,64.8%,0.04,0.04,100.0%,0.04
Johan Vásquez,36,3217,0.03,0.04,-0.01,0.67,0.17,4.17%,0.05,15.08,160.5,10.6,7.89,79.6,0.3,0.00,0.00,0.08,0.00,59,45,122,27,154,168,112,66.7%,155,73,47.1%,55.78,47.73,85.6%,8.95,5.37,60.0%,0.67,0.14,20.8%,0.00
Jonathan David,35,1782,0.30,0.44,-0.14,2.07,0.81,14.63%,0.21,7.12,76.7,10.8,3.94,42.3,0.5,0.45,0.10,0.15,0.00,17,5,61,0,5,130,49,37.7%,63,17,27.0%,26.46,20.86,78.8%,12.42,9.29,74.8%,0.35,0.00,0.0%,0.30
Jonathan Rowe,28,1611,0.17,0.22,-0.06,2.68,0.95,6.25%,0.08,15.20,192.8,12.7,7.32,83.7,0.6,1.40,0.00,0.56,0.00,21,8,66,0,3,222,119,53.6%,44,16,36.4%,21.68,17.54,80.9%,10.84,7.93,73.2%,2.91,0.67,23.1%,0.17
Jordan Zemura,17,1127,0.00,0.04,-0.04,0.40,0.08,0.00%,0.09,8.86,101.7,11.5,5.03,55.5,0.9,0.00,0.00,0.16,0.00,31,7,46,3,27,118,51,43.2%,23,7,30.4%,26.59,19.57,73.6%,10.78,7.51,69.6%,2.32,0.64,27.6%,0.08
Josh Doig,30,1919,0.00,0.03,-0.03,0.52,0.19,0.00%,0.06,8.58,114.4,13.3,5.25,63.3,0.6,0.09,0.00,0.23,0.00,33,23,63,12,54,116,60,51.7%,61,29,47.5%,34.33,28.14,82.0%,7.88,5.53,70.2%,1.78,0.61,34.2%,0.05
João Mário,20,994,0.09,0.03,0.07,0.63,0.18,14.29%,0.04,15.39,197.8,12.9,10.14,135.4,1.2,0.09,0.00,0.36,0.00,14,13,43,3,13,102,60,58.8%,14,6,42.9%,44.55,34.95,78.5%,14.85,11.23,75.6%,1.81,0.63,35.0%,0.09
Juan Cuadrado,19,491,0.18,0.18,0.01,1.83,0.37,10.00%,0.10,17.23,181.4,10.5,10.08,109.2,2.0,0.73,0.00,0.92,0.00,18,4,29,2,7,91,47,51.6%,6,2,33.3%,39.59,32.26,81.5%,12.83,8.07,62.9%,4.95,1.65,33.3%,0.00
Juan Jesus,24,1678,0.00,0.02,-0.02,0.16,0.00,0.00%,0.11,12.66,119.8,9.5,5.20,44.8,0.5,0.00,0.00,0.11,0.00,40,27,87,11,61,88,42,47.7%,69,35,50.7%,74.12,67.85,91.5%,5.63,4.18,74.3%,0.05,0.00,0.0%,0.00
Juan Miranda,32,2573,0.03,0.02,0.01,0.45,0.17,7.69%,0.05,9.90,109.8,11.1,6.05,63.5,0.4,0.17,0.03,0.49,0.07,49,35,115,4,74,144,92,63.9%,62,34,54.8%,50.93,42.39,83.2%,15.15,11.30,74.6%,4.06,0.94,23.3%,0.14
Juan Rodríguez,17,1315,0.07,0.05,0.02,0.21,0.14,33.33%,0.25,8.42,73.2,8.7,3.56,35.3,0.7,0.00,0.00,0.00,0.00,37,18,41,14,81,69,46,66.7%,32,16,50.0%,45.31,40.17,88.7%,3.35,1.64,49.0%,0.34,0.07,20.0%,0.00
Junior Messias,20,675,0.40,0.25,0.15,2.53,0.93,15.79%,0.10,19.60,225.2,11.5,10.53,98.1,1.2,0.80,0.27,0.40,0.13,20,5,41,1,14,101,62,61.4%,34,13,38.2%,34.67,26.40,76.2%,17.87,13.20,73.9%,1.47,0.27,18.2%,0.00
Jurgen Ekkelenkamp,31,2203,0.20,0.20,0.01,1.35,0.61,15.15%,0.15,7.44,83.8,11.3,4.45,48.9,0.4,0.16,0.04,0.12,0.00,47,15,89,6,26,143,82,57.3%,38,15,39.5%,26.27,20.75,79.0%,9.97,7.27,73.0%,0.74,0.04,5.6%,0.04
Jérémie Boga,15,678,0.53,0.38,0.15,3.19,1.59,16.67%,0.12,15.53,213.0,13.7,9.56,123.1,1.7,0.93,0.13,0.66,0.00,7,2,14,0,4,70,36,51.4%,11,3,27.3%,28.27,23.36,82.6%,14.60,10.88,74.5%,1.86,0.80,42.9%,0.27
Kamaldeen Sulemana,25,1002,0.18,0.21,-0.03,2.25,0.90,8.00%,0.09,17.78,225.0,12.7,9.97,129.5,1.2,0.72,0.09,0.45,0.00,9,2,47,1,8,108,45,41.7%,24,12,50.0%,30.72,26.05,84.8%,16.44,13.11,79.8%,1.98,0.45,22.7%,0.09
Keinan Davis,30,2079,0.43,0.42,0.01,2.16,1.08,20.00%,0.19,7.14,96.7,13.5,3.98,55.7,0.6,0.78,0.04,0.43,0.13,11,2,75,3,26,181,88,48.6%,137,59,43.1%,17.14,13.33,77.8%,7.53,5.37,71.3%,0.22,0.00,0.0%,0.09
Kenan Yildiz,36,2837,0.32,0.26,0.06,3.08,1.27,10.31%,0.08,18.65,216.6,11.6,10.82,113.2,0.3,1.33,0.06,1.17,0.06,26,7,121,0,7,319,160,50.2%,29,16,55.2%,38.80,32.64,84.1%,19.99,15.61,78.1%,2.66,0.76,28.6%,0.32
Kenneth Taylor,17,1400,0.19,0.13,0.06,1.03,0.39,18.75%,0.13,9.00,88.7,9.9,4.05,31.9,0.5,0.32,0.06,0.19,0.00,21,10,45,6,10,99,42,42.4%,11,5,45.5%,43.26,38.38,88.7%,15.43,12.09,78.3%,0.58,0.06,11.1%,0.00
Kevin De Bruyne,18,1169,0.38,0.31,0.07,2.08,0.85,18.52%,0.15,12.32,126.8,10.3,7.01,73.5,0.8,0.23,0.00,0.54,0.08,12,5,43,0,4,64,27,42.2%,9,3,33.3%,56.97,47.73,83.8%,24.64,18.25,74.1%,2.31,0.38,16.7%,1.31
Khéphren Thuram,35,2453,0.11,0.11,-0.00,1.83,0.55,6.00%,0.06,15.89,189.7,11.9,8.55,107.9,0.5,0.40,0.00,0.37,0.11,60,12,120,9,29,172,95,55.2%,73,37,50.7%,55.29,47.99,86.8%,18.23,14.42,79.1%,0.62,0.11,17.6%,0.48
Kialonda Gaspar,23,1830,0.00,0.04,-0.04,0.44,0.05,0.00%,0.10,4.72,45.0,9.5,1.82,13.4,0.4,0.00,0.00,0.00,0.00,23,17,42,21,141,66,45,68.2%,87,49,56.3%,38.95,32.85,84.3%,4.57,1.97,43.0%,0.05,0.00,0.0%,0.00
Kieron Bowie,14,1204,0.30,0.32,-0.02,2.47,0.82,12.12%,0.13,5.83,63.4,10.9,2.99,27.4,0.7,0.75,0.07,0.15,0.00,9,0,35,3,8,103,41,39.8%,82,30,36.6%,14.95,10.47,70.0%,6.43,4.63,72.1%,0.45,0.00,0.0%,0.00
Kingsley Ehizibue,32,1810,0.10,0.06,0.04,0.40,0.10,25.00%,0.15,6.56,73.0,11.1,3.03,33.5,0.5,0.10,0.00,0.10,0.00,39,12,76,3,51,145,68,46.9%,27,12,44.4%,23.72,18.80,79.3%,6.61,4.57,69.2%,1.59,0.20,12.5%,0.05
Konan N’Dri,27,522,0.34,0.18,0.17,3.28,0.86,10.53%,0.05,21.55,298.8,13.9,13.45,172.9,2.2,2.07,0.34,0.52,0.00,11,2,24,0,0,105,39,37.1%,14,5,35.7%,22.76,15.86,69.7%,13.79,9.31,67.5%,3.45,0.34,10.0%,0.00
Koni De Winter,26,1798,0.05,0.03,0.02,0.35,0.05,14.29%,0.10,14.37,150.3,10.5,7.66,70.3,0.5,0.05,0.00,0.05,0.00,29,13,74,12,99,74,40,54.1%,64,42,65.6%,63.22,57.76,91.4%,7.91,6.26,79.1%,0.25,0.05,20.0%,0.00
Kostas Tsimikas,18,637,0.00,0.06,-0.06,0.99,0.00,0.00%,0.06,10.03,95.1,9.5,4.66,26.8,0.8,0.14,0.00,0.00,0.00,11,8,26,2,18,52,25,48.1%,11,5,45.5%,37.44,29.95,80.0%,10.31,7.35,71.2%,4.10,0.85,20.7%,0.00
Kristian Thorstvedt,32,2458,0.15,0.24,-0.09,1.57,0.48,9.30%,0.15,10.36,112.4,10.8,5.35,58.1,0.4,0.26,0.04,0.37,0.04,44,32,103,13,43,207,119,57.5%,79,30,38.0%,38.63,31.82,82.4%,14.94,11.20,75.0%,0.51,0.22,42.9%,0.26
Kristjan Asllani,15,1135,0.00,0.11,-0.11,1.59,0.32,0.00%,0.07,8.56,74.6,8.7,2.70,19.7,0.6,0.32,0.00,0.24,0.00,21,12,63,1,10,62,37,59.7%,11,2,18.2%,48.93,41.15,84.1%,12.61,7.85,62.3%,1.03,0.08,7.7%,0.24
Lameck Banda,32,1759,0.26,0.14,0.11,1.94,0.77,13.16%,0.07,13.97,181.6,13.0,7.67,95.1,0.6,1.13,0.05,0.56,0.15,27,7,79,0,13,258,110,42.6%,30,11,36.7%,17.50,14.02,80.1%,8.24,6.19,75.2%,3.38,0.41,12.1%,0.05
Lassana Coulibaly,33,2695,0.10,0.09,0.01,0.94,0.27,10.71%,0.10,7.55,84.0,11.1,3.37,27.5,0.3,0.10,0.00,0.20,0.00,48,8,138,6,31,228,124,54.4%,73,35,47.9%,26.08,21.37,82.0%,9.32,6.98,74.9%,0.60,0.07,11.1%,0.03
Lautaro Martínez,30,2178,0.70,0.56,0.15,3.80,1.61,18.48%,0.15,6.20,59.0,9.5,2.85,22.8,0.3,0.33,0.04,0.29,0.04,24,7,54,0,18,198,91,46.0%,56,24,42.9%,24.79,19.38,78.2%,12.40,8.97,72.3%,0.70,0.08,11.8%,0.12
Lautaro Valenti,27,2251,0.00,0.02,-0.02,0.68,0.16,0.00%,0.03,8.92,95.0,10.7,4.68,49.6,0.4,0.12,0.00,0.04,0.00,49,25,83,24,144,122,73,59.8%,77,43,55.8%,43.94,34.34,78.2%,7.68,3.84,50.0%,0.80,0.08,10.0%,0.00
Lazar Samardzic,26,1023,0.18,0.26,-0.08,2.20,0.79,8.00%,0.12,18.39,178.2,9.7,9.24,77.5,0.7,0.70,0.00,0.88,0.09,12,9,49,0,8,93,35,37.6%,28,6,21.4%,46.10,38.80,84.2%,24.90,20.67,83.0%,2.29,0.62,26.9%,0.09
Lennon Miller,24,992,0.00,0.03,-0.03,0.82,0.09,0.00%,0.04,6.99,64.1,9.2,2.72,15.9,0.5,0.18,0.00,0.18,0.00,21,7,52,4,18,82,48,58.5%,24,16,66.7%,34.84,27.04,77.6%,10.89,7.08,65.0%,0.82,0.09,11.1%,0.09
Leo Østigård,30,2623,0.17,0.12,0.06,0.75,0.41,22.73%,0.15,13.28,129.6,9.8,6.00,66.9,0.4,0.00,0.00,0.03,0.00,36,30,80,26,215,91,49,53.8%,151,108,71.5%,58.06,51.64,89.0%,5.97,3.19,53.5%,0.03,0.00,0.0%,0.00
Leonardo Spinazzola,32,1901,0.14,0.05,0.09,0.99,0.33,14.29%,0.06,17.04,214.9,12.6,11.22,144.8,0.6,0.28,0.05,0.57,0.00,24,4,92,2,32,115,49,42.6%,6,2,33.3%,46.68,37.69,80.7%,15.91,11.50,72.3%,3.46,1.04,30.1%,0.24
Lewis Ferguson,27,1596,0.06,0.04,0.02,0.73,0.11,7.69%,0.05,11.56,120.3,10.4,4.96,37.5,0.4,0.06,0.00,0.00,0.00,26,11,63,8,27,99,53,53.5%,60,31,51.7%,58.70,51.48,87.7%,14.04,11.11,79.1%,0.39,0.06,14.3%,0.00
Lloyd Kelly,35,2998,0.03,0.03,-0.00,0.51,0.09,5.88%,0.06,16.96,194.1,11.4,10.24,118.2,0.3,0.09,0.00,0.00,0.00,48,14,168,17,116,144,83,57.6%,143,90,62.9%,61.03,54.28,88.9%,9.73,6.75,69.4%,0.36,0.00,0.0%,0.12
Lorenzo Bernasconi,23,1569,0.00,0.02,-0.02,0.52,0.06,0.00%,0.04,8.60,115.3,13.4,5.39,72.4,0.8,0.06,0.00,0.23,0.06,29,14,53,6,37,71,41,57.7%,16,5,31.3%,40.61,34.19,84.2%,11.99,9.18,76.6%,3.50,1.03,29.5%,0.00
Lorenzo Colombo,38,2346,0.27,0.32,-0.05,2.53,1.04,10.61%,0.12,6.48,71.1,11.0,2.76,26.7,0.4,0.50,0.04,0.12,0.04,20,1,54,2,20,213,89,41.8%,190,61,32.1%,18.30,12.89,70.4%,7.56,4.95,65.5%,0.65,0.04,5.9%,0.27
Lorenzo De Silvestri,12,491,0.00,0.00,0.00,0.00,0.00,0.00%,0.00,8.25,100.3,12.2,3.85,32.5,1.5,0.00,0.00,0.18,0.00,2,7,15,3,24,17,6,35.3%,10,7,70.0%,33.54,28.78,85.8%,5.32,3.67,69.0%,1.28,0.73,57.1%,0.00
Lorenzo Pellegrini,24,1475,0.24,0.32,-0.08,1.95,0.73,12.50%,0.17,11.47,119.1,10.4,5.31,50.2,0.6,0.12,0.00,0.18,0.00,12,14,51,4,14,129,56,43.4%,46,21,45.7%,41.61,32.09,77.1%,19.95,14.22,71.3%,1.65,0.37,22.2%,0.18
Loïs Openda,24,654,0.14,0.49,-0.35,3.58,0.83,3.85%,0.14,7.84,100.6,12.8,4.68,58.9,1.7,0.69,0.00,0.28,0.00,6,1,12,1,3,51,30,58.8%,28,8,28.6%,20.78,15.14,72.8%,11.28,7.02,62.2%,0.96,0.14,14.3%,0.14
Luca Lipani,24,1028,0.00,0.07,-0.07,1.05,0.26,0.00%,0.07,7.00,60.3,8.6,3.15,19.1,0.5,0.18,0.00,0.09,0.00,29,15,54,2,26,103,42,40.8%,24,13,54.2%,42.29,35.46,83.8%,11.12,7.44,66.9%,0.18,0.00,0.0%,0.18
Luca Marianucci,12,691,0.00,0.00,-0.00,0.26,0.00,0.00%,0.01,9.77,102.7,10.5,6.90,70.8,1.3,0.00,0.00,0.52,0.13,16,10,32,3,34,46,21,45.7%,29,14,48.3%,53.66,45.07,84.0%,10.94,7.81,71.4%,1.04,0.39,37.5%,0.00
Luca Mazzitelli,18,766,0.23,0.09,0.15,1.76,0.59,13.33%,0.05,6.70,66.3,9.9,3.05,26.4,1.0,0.35,0.00,0.35,0.12,20,11,30,3,26,76,36,47.4%,27,10,37.0%,43.47,33.02,76.0%,9.40,5.87,62.5%,0.94,0.12,12.5%,0.12
Luca Pellegrini,24,1476,0.06,0.04,0.02,0.43,0.30,14.29%,0.10,8.11,87.1,10.7,5.91,60.8,0.6,0.00,0.00,0.24,0.00,27,17,60,10,26,110,48,43.6%,21,8,38.1%,49.39,39.57,80.1%,12.44,8.48,68.1%,1.95,0.30,15.6%,0.06
Luca Ranieri,34,2463,0.04,0.07,-0.03,0.66,0.11,5.56%,0.10,8.29,81.2,9.8,4.42,42.4,0.3,0.00,0.00,0.04,0.00,34,24,74,13,127,109,67,61.5%,82,47,57.3%,51.56,44.25,85.8%,9.24,5.66,61.3%,0.99,0.22,22.2%,0.11
Lucas da Cunha,36,2748,0.20,0.22,-0.02,1.34,0.52,14.63%,0.16,14.25,140.7,9.9,6.42,58.6,0.3,0.20,0.00,0.23,0.03,57,18,168,1,17,200,98,49.0%,40,17,42.5%,64.88,58.56,90.3%,17.59,14.15,80.5%,1.34,0.43,31.7%,0.13
Luis Henrique,30,1622,0.06,0.05,0.01,0.83,0.39,6.67%,0.06,12.93,148.0,11.4,6.55,58.7,0.5,0.17,0.00,0.67,0.11,20,6,98,1,15,55,33,60.0%,6,5,83.3%,45.55,39.56,86.8%,17.53,15.31,87.3%,2.27,0.61,26.8%,0.06
Luka Modric,34,2816,0.06,0.05,0.02,0.64,0.26,10.00%,0.08,19.02,189.6,10.0,8.50,77.7,0.3,0.19,0.00,0.42,0.00,51,39,188,12,33,180,101,56.1%,22,11,50.0%,70.92,64.11,90.4%,20.68,17.16,83.0%,0.67,0.19,28.6%,0.19
M'Bala Nzola,30,1520,0.24,0.43,-0.19,2.31,0.65,10.26%,0.18,9.59,121.4,12.7,4.80,51.8,0.6,0.71,0.12,0.53,0.00,8,3,71,1,12,133,53,39.9%,77,43,55.8%,17.59,13.86,78.8%,9.00,6.39,71.0%,0.41,0.06,14.3%,0.06
Malthe Højholt,17,850,0.00,0.08,-0.08,0.42,0.21,0.00%,0.18,4.02,35.3,8.8,1.59,13.5,0.9,0.11,0.00,0.11,0.00,14,9,28,3,7,55,20,36.4%,13,5,38.5%,29.65,25.09,84.6%,6.78,4.13,60.9%,0.42,0.11,25.0%,0.00
Mandela Keita,37,2991,0.03,0.02,0.01,0.48,0.15,6.25%,0.04,11.95,132.4,11.1,5.39,55.1,0.3,0.30,0.03,0.18,0.03,74,44,154,11,31,255,160,62.7%,32,19,59.4%,36.41,32.20,88.4%,6.80,5.24,77.0%,0.09,0.00,0.0%,0.00
Manor Solomon,16,887,0.20,0.09,0.12,1.12,0.41,18.18%,0.08,16.34,217.1,13.3,8.02,90.6,1.1,0.20,0.10,0.91,0.00,13,1,35,1,3,89,54,60.7%,3,1,33.3%,31.96,28.61,89.5%,14.21,12.18,85.7%,2.84,0.61,21.4%,0.10
Manu Koné,29,2459,0.07,0.08,-0.00,0.77,0.18,9.52%,0.10,13.29,142.7,10.7,6.81,69.6,0.4,0.04,0.00,0.37,0.04,49,18,127,3,28,252,127,50.4%,55,28,50.9%,50.14,45.35,90.4%,15.88,13.62,85.7%,0.04,0.00,0.0%,0.18
Manuel Akanji,33,2820,0.06,0.07,-0.00,0.73,0.19,8.70%,0.09,13.31,139.5,10.5,7.72,75.1,0.3,0.00,0.00,0.06,0.00,48,37,129,13,105,107,66,61.7%,95,51,53.7%,67.24,61.95,92.1%,11.65,9.67,83.0%,0.10,0.06,66.7%,0.06
Manuel Lazzari,23,933,0.00,0.01,-0.01,0.39,0.19,0.00%,0.04,14.08,218.5,15.5,10.32,169.7,1.6,0.19,0.00,0.10,0.00,13,6,38,1,24,73,41,56.2%,15,3,20.0%,38.30,32.80,85.6%,10.61,7.72,72.7%,1.54,0.29,18.8%,0.00
Manuel Locatelli,36,3004,0.03,0.08,-0.05,1.38,0.36,2.17%,0.06,16.12,154.6,9.6,8.09,80.5,0.3,0.06,0.00,0.30,0.00,102,39,180,22,75,251,153,61.0%,67,37,55.2%,84.04,74.09,88.2%,28.16,23.04,81.8%,0.42,0.03,7.1%,0.33
Marc Oliver Kempf,34,2323,0.15,0.11,0.05,0.81,0.23,19.05%,0.13,14.26,143.7,10.1,8.25,85.9,0.4,0.04,0.00,0.12,0.00,21,12,90,20,138,86,41,47.7%,139,93,66.9%,67.22,60.01,89.3%,7.59,4.46,58.7%,0.00,0.00,0.0%,0.00
Marco Brescianini,26,1034,0.17,0.16,0.02,1.13,0.35,15.38%,0.14,11.49,143.5,12.5,6.62,80.7,1.1,0.26,0.00,0.26,0.09,13,2,47,4,25,75,32,42.7%,25,7,28.0%,34.12,28.38,83.2%,10.88,8.09,74.4%,1.13,0.26,23.1%,0.09
Marco Palestra,37,3084,0.03,0.05,-0.02,0.85,0.20,3.45%,0.06,12.72,157.3,12.4,8.46,101.5,0.4,0.38,0.00,0.61,0.06,55,20,116,3,42,379,233,61.5%,37,15,40.5%,25.30,21.54,85.1%,5.98,4.76,79.5%,3.18,0.79,24.8%,0.03
Marcus Pedersen,29,2135,0.04,0.07,-0.03,0.63,0.13,6.67%,0.12,8.73,122.7,14.1,6.03,84.7,0.6,0.21,0.00,0.30,0.00,23,10,55,4,23,107,38,35.5%,32,7,21.9%,23.27,17.96,77.2%,6.58,4.59,69.9%,4.55,0.84,18.5%,0.00
Marcus Thuram,29,1913,0.61,0.43,0.18,3.48,1.36,17.57%,0.12,7.48,103.5,13.8,4.33,61.1,0.7,0.56,0.05,0.33,0.09,24,1,39,2,10,166,81,48.8%,92,49,53.3%,22.58,17.08,75.6%,11.10,7.67,69.1%,0.99,0.28,28.6%,0.05
Mariano Troilo,21,1628,0.06,0.04,0.01,0.50,0.11,11.11%,0.08,11.28,108.5,9.6,6.47,64.0,0.5,0.06,0.00,0.00,0.00,28,18,63,16,119,90,50,55.6%,62,39,62.9%,47.05,42.01,89.3%,5.36,2.93,54.6%,0.06,0.06,100.0%,0.00
Marin Pongracic,35,2917,0.00,0.02,-0.02,0.25,0.03,0.00%,0.09,18.05,205.6,11.4,9.35,96.2,0.3,0.03,0.00,0.09,0.00,31,35,158,27,130,153,68,44.4%,88,49,55.7%,58.65,53.75,91.6%,5.25,4.20,80.0%,0.12,0.03,25.0%,0.03
Mario Gila,31,2481,0.00,0.05,-0.05,0.44,0.11,0.00%,0.12,16.51,173.6,10.5,7.73,72.5,0.3,0.00,0.00,0.11,0.00,46,25,134,16,110,113,76,67.3%,90,58,64.4%,66.02,59.85,90.7%,7.29,4.97,68.2%,0.04,0.04,100.0%,0.07
Mario Hermoso,27,2096,0.13,0.08,0.05,0.86,0.26,15.00%,0.09,7.60,66.5,8.7,3.39,23.8,0.3,0.00,0.00,0.13,0.04,36,29,97,4,79,118,57,48.3%,81,50,61.7%,61.02,53.07,87.0%,11.29,7.73,68.4%,0.39,0.04,11.1%,0.04
Mario Pasalic,33,1932,0.14,0.13,0.01,1.12,0.28,12.50%,0.11,17.10,177.0,10.4,8.34,77.7,0.4,0.05,0.05,0.28,0.00,25,13,109,3,25,87,38,43.7%,72,29,40.3%,65.36,57.86,88.5%,19.19,15.89,82.8%,0.51,0.05,9.1%,0.33
Marius Marin,23,1287,0.00,0.01,-0.01,0.21,0.00,0.00%,0.04,5.45,60.7,11.1,2.87,29.7,0.7,0.00,0.00,0.00,0.00,45,13,69,4,23,133,65,48.9%,16,8,50.0%,31.26,24.13,77.2%,9.79,6.50,66.4%,1.26,0.07,5.6%,0.28
Marten de Roon,34,2704,0.03,0.03,0.01,0.53,0.13,6.25%,0.05,10.18,96.3,9.5,5.13,48.7,0.3,0.03,0.00,0.07,0.00,81,27,114,5,67,169,94,55.6%,81,36,44.4%,64.64,55.52,85.9%,19.50,15.28,78.3%,0.40,0.10,25.0%,0.17
Martin Baturina,29,1569,0.34,0.10,0.24,1.61,0.52,21.43%,0.07,17.72,194.6,11.0,8.72,86.2,0.6,0.52,0.17,1.09,0.06,21,5,86,2,2,176,88,50.0%,16,6,37.5%,48.47,42.50,87.7%,18.70,15.37,82.2%,1.66,0.75,44.8%,0.40
Martin Frese,31,2412,0.07,0.07,0.01,0.78,0.41,9.52%,0.08,4.48,40.8,9.1,2.35,18.1,0.3,0.04,0.00,0.07,0.00,84,29,65,9,88,180,104,57.8%,64,40,62.5%,26.79,20.11,75.1%,7.95,4.70,59.1%,1.38,0.30,21.6%,0.00
Martin Vitík,19,1324,0.00,0.02,-0.02,0.54,0.14,0.00%,0.05,11.69,114.2,9.8,5.37,48.3,0.6,0.07,0.00,0.07,0.00,36,10,32,6,93,75,42,56.0%,77,43,55.8%,49.69,43.71,88.0%,6.32,4.15,65.6%,0.14,0.00,0.0%,0.00
Martín Payero,25,1458,0.06,0.11,-0.05,1.42,0.49,4.35%,0.08,8.46,100.0,11.8,4.75,51.5,0.7,0.12,0.00,0.06,0.00,19,10,69,3,18,161,73,45.3%,54,20,37.0%,28.27,21.36,75.5%,9.51,5.80,61.0%,1.05,0.12,11.8%,0.06
Mateo Pellegrino,37,2991,0.27,0.26,0.01,2.20,0.66,12.33%,0.12,4.33,47.1,10.9,1.96,21.4,0.3,0.36,0.03,0.03,0.00,17,4,86,5,42,287,112,39.0%,259,121,46.7%,14.44,9.06,62.7%,7.34,3.76,51.2%,0.36,0.03,8.3%,0.09
Mathias Løvik,9,472,0.00,0.03,-0.03,0.57,0.00,0.00%,0.05,5.34,57.4,10.8,2.67,26.3,1.9,0.00,0.00,0.19,0.00,11,6,19,0,9,33,15,45.5%,13,3,23.1%,24.22,19.26,79.5%,7.06,4.19,59.5%,2.86,0.76,26.7%,0.00
Mathías Olivera,25,1369,0.00,0.09,-0.09,0.53,0.20,0.00%,0.17,18.47,204.4,11.1,11.04,119.6,0.7,0.07,0.00,0.07,0.00,42,15,70,5,21,85,54,63.5%,56,34,60.7%,72.58,66.07,91.0%,15.71,12.75,81.2%,0.39,0.13,33.3%,0.07
Matteo Bianchetti,27,2197,0.00,0.02,-0.02,0.29,0.04,0.00%,0.07,8.97,80.5,9.0,3.52,21.8,0.3,0.00,0.00,0.04,0.00,46,19,47,18,140,106,62,58.5%,88,53,60.2%,47.56,39.78,83.6%,7.33,4.06,55.3%,0.25,0.04,16.7%,0.04
Matteo Cancellieri,30,1730,0.21,0.23,-0.02,2.13,0.88,9.76%,0.11,9.10,102.8,11.3,4.27,36.1,0.4,0.73,0.16,0.36,0.00,42,24,57,2,26,235,121,51.5%,70,34,48.6%,23.77,18.26,76.8%,8.48,5.46,64.4%,1.09,0.26,23.8%,0.10
Matteo Gabbia,30,2531,0.00,0.05,-0.05,0.68,0.11,0.00%,0.07,9.78,92.3,9.4,4.62,46.2,0.4,0.00,0.00,0.00,0.00,21,14,67,22,156,55,26,47.3%,98,64,65.3%,53.30,49.00,91.9%,3.95,2.31,58.6%,0.04,0.00,0.0%,0.00
Matteo Politano,34,2213,0.08,0.10,-0.02,1.99,0.53,4.08%,0.05,16.76,216.3,12.9,9.96,118.8,0.5,0.81,0.00,0.65,0.08,15,5,83,2,14,158,75,47.5%,24,9,37.5%,38.23,31.36,82.0%,15.90,12.16,76.5%,5.25,1.14,21.7%,0.04
Matteo Prati,33,1889,0.05,0.07,-0.03,1.48,0.05,3.23%,0.05,6.24,53.3,8.5,2.05,15.2,0.4,0.19,0.00,0.00,0.00,39,20,68,9,61,115,56,48.7%,29,15,51.7%,40.50,32.30,79.8%,8.53,5.34,62.6%,0.29,0.10,33.3%,0.14
Mattia Zaccagni,26,2114,0.13,0.18,-0.05,1.45,0.60,8.82%,0.12,14.30,168.4,11.8,6.05,60.3,0.4,0.43,0.04,0.55,0.00,37,19,98,1,10,256,142,55.5%,36,15,41.7%,32.91,27.16,82.5%,12.39,9.28,74.9%,1.23,0.26,20.7%,0.30
Mattéo Guendouzi,16,1430,0.13,0.08,0.04,1.01,0.50,12.50%,0.08,10.89,107.0,9.8,3.97,28.8,0.5,0.00,0.00,0.19,0.00,14,11,62,6,14,86,43,50.0%,11,6,54.5%,46.26,40.53,87.6%,14.98,12.15,81.1%,1.26,0.44,35.0%,0.25
Mattéo Tramoni,27,1609,0.11,0.18,-0.07,1.57,0.50,7.14%,0.12,7.27,92.0,12.7,3.75,46.6,0.7,0.39,0.06,0.17,0.00,32,16,66,1,10,132,55,41.7%,20,12,60.0%,20.30,14.66,72.2%,10.24,7.16,70.0%,1.79,0.73,40.6%,0.22
Matías Soulé,33,2161,0.25,0.17,0.08,2.17,0.75,11.54%,0.08,17.70,205.1,11.6,8.70,89.1,0.4,0.62,0.00,0.33,0.00,19,9,132,2,12,227,95,41.9%,34,9,26.5%,41.19,34.78,84.4%,21.45,17.08,79.6%,1.67,0.37,22.5%,0.33
Matías Vecino,13,599,0.00,0.05,-0.05,1.05,0.00,0.00%,0.05,8.56,74.5,8.7,2.70,30.4,1.7,0.15,0.00,0.00,0.00,10,7,32,3,17,29,12,41.4%,28,13,46.4%,55.44,49.13,88.6%,11.72,9.47,80.8%,0.00,0.00,0.0%,0.15
Maxence Caqueret,30,1487,0.12,0.14,-0.02,1.09,0.24,11.11%,0.13,14.95,149.3,10.0,6.05,56.8,0.6,0.06,0.00,0.42,0.12,35,13,67,3,4,159,72,45.3%,20,10,50.0%,54.84,48.36,88.2%,19.13,14.95,78.2%,1.21,0.30,25.0%,0.54
Medon Berisha,13,880,0.20,0.12,0.08,2.45,0.51,8.33%,0.05,11.86,130.2,11.0,5.42,58.8,1.1,0.72,0.00,0.20,0.10,21,5,41,2,3,59,34,57.6%,15,7,46.7%,37.23,30.27,81.3%,14.32,9.72,67.9%,0.92,0.31,33.3%,0.10
Mehdi Léris,34,1907,0.09,0.07,0.02,1.18,0.33,8.00%,0.06,9.34,100.2,10.7,4.86,42.3,0.4,0.28,0.00,0.28,0.05,67,22,106,8,37,190,105,55.3%,85,56,65.9%,26.57,18.64,70.2%,10.67,7.13,66.8%,3.63,1.13,31.2%,0.00
Michael Folorunsho,27,2007,0.09,0.15,-0.06,1.61,0.40,5.56%,0.09,7.09,88.7,12.5,4.30,48.5,0.5,0.13,0.00,0.04,0.00,24,9,65,3,28,201,93,46.3%,80,34,42.5%,21.79,14.48,66.5%,8.16,4.44,54.4%,0.99,0.18,18.2%,0.09
Michel Adopo,38,3055,0.03,0.07,-0.04,0.82,0.32,3.57%,0.09,6.95,76.4,11.0,3.36,36.2,0.3,0.15,0.03,0.24,0.03,57,29,176,5,43,205,96,46.8%,72,31,43.1%,31.93,26.28,82.3%,8.87,6.30,71.1%,0.77,0.18,23.1%,0.03
Michel Aebischer,35,2900,0.03,0.02,0.01,0.59,0.16,5.26%,0.03,11.05,120.0,10.9,5.40,55.2,0.3,0.06,0.00,0.16,0.00,65,37,169,6,32,222,117,52.7%,35,14,40.0%,47.45,40.59,85.5%,12.29,8.53,69.4%,0.74,0.22,29.2%,0.16
Miguel Gutiérrez,28,1483,0.06,0.05,0.01,0.91,0.30,6.67%,0.05,12.44,142.1,11.4,5.52,53.4,0.6,0.18,0.06,0.42,0.00,33,9,99,1,21,123,68,55.3%,17,10,58.8%,48.19,42.42,88.0%,13.41,10.80,80.5%,2.67,0.42,15.9%,0.06
Mikael Ellertsson,36,2769,0.03,0.07,-0.04,0.85,0.20,3.85%,0.09,5.43,59.1,10.9,2.83,29.1,0.3,0.13,0.03,0.16,0.03,44,15,79,8,42,194,95,49.0%,42,13,31.0%,20.74,15.67,75.5%,7.74,5.43,70.2%,0.85,0.16,19.2%,0.03
Mohamed Kaba,15,626,0.00,0.06,-0.06,1.29,0.58,0.00%,0.05,9.78,105.7,10.8,5.18,57.2,1.6,0.29,0.00,0.29,0.00,12,4,33,2,6,82,41,50.0%,30,14,46.7%,26.74,20.42,76.3%,11.07,8.34,75.3%,1.15,0.43,37.5%,0.00
Moise Kean,26,2041,0.35,0.66,-0.31,4.32,1.19,8.16%,0.15,5.69,72.0,12.7,3.17,41.3,0.6,1.32,0.09,0.00,0.00,6,7,34,1,16,169,75,44.4%,59,27,45.8%,9.39,6.79,72.3%,4.23,2.73,64.6%,0.31,0.00,0.0%,0.09
Morten Frendrup,36,3089,0.03,0.01,0.02,0.23,0.09,12.50%,0.05,8.16,86.5,10.6,3.53,32.4,0.3,0.00,0.00,0.03,0.00,99,41,156,12,89,231,145,62.8%,55,28,50.9%,38.34,33.68,87.8%,7.02,5.22,74.3%,0.15,0.03,20.0%,0.06
Morten Thorsby,24,1375,0.20,0.15,0.05,1.37,0.52,14.29%,0.11,4.71,44.5,9.4,1.70,11.6,0.4,0.07,0.00,0.00,0.00,22,5,49,7,30,75,35,46.7%,176,96,54.5%,28.67,20.16,70.3%,9.62,6.35,66.0%,0.33,0.13,40.0%,0.13
Máximo Perrone,36,2748,0.10,0.07,0.03,0.59,0.29,16.67%,0.12,12.84,119.2,9.3,5.70,48.3,0.3,0.13,0.00,0.16,0.03,56,22,130,2,26,191,88,46.1%,23,12,52.2%,71.23,65.08,91.4%,14.38,11.53,80.2%,0.36,0.10,27.3%,0.36
Mërgim Vojvoda,30,1592,0.11,0.08,0.04,1.02,0.40,11.11%,0.08,11.48,112.4,9.8,5.60,38.0,0.4,0.34,0.06,0.51,0.00,13,14,61,2,23,92,38,41.3%,23,10,43.5%,42.57,35.67,83.8%,14.19,10.29,72.5%,3.28,0.90,27.6%,0.06
Nadir Zortea,32,1811,0.00,0.02,-0.02,0.55,0.05,0.00%,0.04,13.27,160.2,12.1,8.60,98.2,0.6,0.25,0.00,0.35,0.00,26,20,75,5,38,146,63,43.2%,30,17,56.7%,38.61,30.86,79.9%,11.33,7.70,68.0%,3.43,1.04,30.4%,0.10
Nahuel Estévez,32,1032,0.00,0.05,-0.05,0.78,0.09,0.00%,0.06,6.45,58.1,9.0,2.44,20.5,0.7,0.00,0.00,0.00,0.00,18,6,51,3,47,54,30,55.6%,59,33,55.9%,46.74,36.45,78.0%,12.82,7.94,61.9%,0.87,0.09,10.0%,0.09
Neil El Aynaoui,25,991,0.09,0.10,-0.01,0.54,0.36,16.67%,0.18,12.99,138.4,10.7,6.08,72.5,1.1,0.18,0.00,0.36,0.00,20,17,53,2,15,81,38,46.9%,28,13,46.4%,52.95,47.23,89.2%,10.90,9.54,87.5%,0.45,0.09,20.0%,0.18
Nemanja Matic,34,2669,0.03,0.01,0.02,0.37,0.13,9.09%,0.03,14.10,143.1,10.2,7.59,72.2,0.3,0.07,0.00,0.10,0.03,43,28,165,10,47,177,93,52.5%,51,31,60.8%,58.03,50.18,86.5%,13.86,10.12,73.0%,0.40,0.07,16.7%,0.17
Niccolò Fortini,16,530,0.00,0.05,-0.05,1.36,0.34,0.00%,0.03,13.58,149.9,11.0,6.79,59.2,1.5,0.34,0.00,0.00,0.00,22,4,35,2,8,76,47,61.8%,11,5,45.5%,35.66,31.25,87.6%,11.72,9.85,84.1%,4.92,0.85,17.2%,0.00
Niccolò Pisilli,25,1284,0.14,0.12,0.02,1.33,0.35,10.53%,0.09,13.81,142.1,10.3,6.66,76.5,0.8,0.35,0.00,0.35,0.07,27,24,76,1,15,114,39,34.2%,37,13,35.1%,56.92,49.00,86.1%,16.75,12.97,77.4%,0.49,0.07,14.3%,0.28
Niclas Füllkrug,20,647,0.14,0.53,-0.39,2.23,0.70,6.25%,0.24,3.06,29.7,9.7,0.97,8.8,1.3,0.00,0.00,0.14,0.00,1,3,13,0,14,30,12,40.0%,43,19,44.2%,25.18,18.08,71.8%,11.55,8.07,69.9%,0.14,0.00,0.0%,0.00
Nico Paz,35,2882,0.37,0.27,0.11,3.78,1.50,9.92%,0.07,13.93,156.8,11.3,7.56,86.7,0.4,0.72,0.06,0.53,0.03,91,28,138,2,13,387,201,51.9%,52,29,55.8%,43.53,36.04,82.8%,17.02,12.71,74.7%,1.00,0.19,18.8%,0.53
Nicola Zalewski,33,1906,0.09,0.13,-0.04,1.79,0.33,5.26%,0.07,15.06,193.9,12.9,8.50,105.6,0.6,0.71,0.09,0.42,0.05,29,18,114,1,23,199,108,54.3%,33,14,42.4%,33.20,25.22,76.0%,14.83,10.34,69.8%,3.26,0.76,23.2%,0.42
Nicolas Kühn,23,655,0.14,0.14,-0.00,1.10,0.41,12.50%,0.13,16.49,205.4,12.5,8.93,102.5,1.6,0.41,0.14,0.96,0.14,13,5,24,0,0,61,25,41.0%,12,3,25.0%,29.82,24.46,82.0%,15.94,11.95,75.0%,1.92,0.55,28.6%,0.14
Nicolás Valentini,21,1406,0.00,0.06,-0.06,1.02,0.45,0.00%,0.06,5.38,54.6,10.2,3.14,28.3,0.6,0.06,0.00,0.06,0.00,31,15,55,13,99,84,42,50.0%,83,53,63.9%,32.84,23.56,71.7%,8.13,3.52,43.3%,0.96,0.32,33.3%,0.00
Nicolò Barella,34,2533,0.11,0.11,-0.01,1.24,0.18,8.57%,0.09,15.10,159.2,10.5,8.24,80.9,0.3,0.07,0.00,0.43,0.04,54,9,166,3,10,197,101,51.3%,34,13,38.2%,62.53,53.62,85.7%,25.65,19.68,76.7%,2.49,0.82,32.9%,0.28
Nicolò Bertola,28,1760,0.00,0.03,-0.03,0.66,0.20,0.00%,0.04,9.31,91.4,9.8,4.45,38.2,0.4,0.15,0.00,0.15,0.00,37,23,65,12,86,102,54,52.9%,58,35,60.3%,41.78,32.68,78.2%,7.77,4.14,53.3%,0.41,0.00,0.0%,0.00
Nicolò Cambiaghi,28,1520,0.18,0.12,0.05,1.42,0.36,12.50%,0.09,13.50,176.1,13.0,7.64,91.4,0.7,0.71,0.00,0.71,0.24,30,8,69,0,5,202,115,56.9%,18,6,33.3%,23.51,19.60,83.4%,11.13,8.59,77.1%,3.79,0.95,25.0%,0.12
Nicolò Casale,12,675,0.00,0.10,-0.10,0.67,0.00,0.00%,0.15,12.93,132.2,10.2,5.47,51.6,1.3,0.00,0.00,0.13,0.00,7,7,26,5,59,32,12,37.5%,47,31,66.0%,47.60,41.07,86.3%,5.73,3.87,67.4%,0.27,0.13,50.0%,0.00
Nicolò Fagioli,33,2564,0.07,0.09,-0.02,1.16,0.25,6.06%,0.08,16.67,169.0,10.1,6.95,69.6,0.4,0.21,0.04,0.32,0.00,46,16,146,8,26,201,110,54.7%,3,1,33.3%,58.69,52.79,90.0%,16.71,12.88,77.1%,1.33,0.35,26.3%,0.32
Nicolò Rovella,11,513,0.00,0.01,-0.01,0.18,0.00,0.00%,0.03,17.02,164.7,9.7,7.19,52.4,1.3,0.00,0.00,0.35,0.00,11,9,36,1,9,47,29,61.7%,4,3,75.0%,86.32,80.00,92.7%,18.42,14.91,81.0%,0.18,0.00,0.0%,0.53
Nicolò Zaniolo,32,2269,0.20,0.22,-0.02,2.86,0.87,6.94%,0.08,14.12,183.6,13.0,6.98,75.3,0.4,1.11,0.00,0.56,0.08,28,4,92,0,0,320,122,38.1%,55,18,32.7%,22.97,17.93,78.1%,10.67,7.30,68.4%,1.71,0.24,13.9%,0.20
Nikola Krstovic,33,1786,0.50,0.71,-0.20,4.99,1.71,10.10%,0.14,8.42,86.8,10.3,3.98,34.6,0.4,1.11,0.10,0.35,0.05,15,3,66,3,15,138,58,42.0%,129,60,46.5%,25.20,18.59,73.8%,13.51,8.97,66.4%,0.25,0.05,20.0%,0.00
Nikola Moro,30,1797,0.10,0.07,0.03,1.10,0.15,9.09%,0.06,17.38,179.3,10.3,6.91,46.8,0.3,0.15,0.00,0.10,0.00,32,17,86,7,34,105,61,58.1%,38,19,50.0%,67.01,56.94,85.0%,21.09,15.93,75.5%,0.90,0.20,22.2%,0.10
Nikola Stulic,34,1714,0.21,0.24,-0.03,1.73,0.47,12.12%,0.14,2.68,27.0,10.1,1.16,7.4,0.3,0.42,0.00,0.05,0.00,12,2,39,4,13,98,39,39.8%,139,50,36.0%,16.49,11.34,68.8%,7.19,4.46,62.0%,0.05,0.05,100.0%,0.00
Nikola Vlasic,37,3053,0.24,0.21,0.03,1.44,0.50,16.33%,0.14,10.73,130.0,12.1,5.63,65.6,0.3,0.29,0.00,0.62,0.09,67,21,181,4,28,282,140,49.6%,58,22,37.9%,34.05,28.54,83.8%,13.65,10.88,79.7%,1.42,0.32,22.9%,0.21
Noa Lang,18,662,0.14,0.11,0.03,1.22,0.54,11.11%,0.09,17.67,208.2,11.8,8.43,72.6,1.2,0.27,0.00,0.00,0.00,12,2,32,0,1,57,31,54.4%,13,6,46.2%,36.57,28.82,78.8%,18.22,13.73,75.4%,3.40,0.68,20.0%,0.00
Nuno Tavares,23,1471,0.00,0.04,-0.04,0.98,0.06,0.00%,0.04,16.27,221.4,13.6,11.81,167.0,0.9,0.37,0.00,0.31,0.00,30,18,80,1,31,134,75,56.0%,20,11,55.0%,54.76,47.29,86.4%,15.42,12.79,82.9%,4.04,0.73,18.2%,0.06
Odilon Kossounou,19,985,0.09,0.04,0.06,0.46,0.09,20.00%,0.08,11.51,117.2,10.2,5.94,52.2,0.8,0.09,0.00,0.09,0.00,17,9,40,7,29,53,24,45.3%,34,13,38.2%,57.47,52.54,91.4%,8.68,7.86,90.5%,0.18,0.09,50.0%,0.00
Oier Zarraga,24,457,0.00,0.06,-0.06,0.79,0.20,0.00%,0.07,8.27,89.0,10.8,3.54,34.9,1.9,0.20,0.00,0.20,0.00,6,6,26,3,14,40,12,30.0%,14,8,57.1%,31.12,27.96,89.9%,8.27,7.68,92.9%,0.98,0.20,20.0%,0.00
Oliver Provstgaard,26,1527,0.00,0.02,-0.02,0.35,0.12,0.00%,0.05,17.56,179.1,10.2,10.37,117.5,0.7,0.00,0.00,0.00,0.00,12,15,57,12,71,47,21,44.7%,72,42,58.3%,67.96,62.77,92.4%,8.25,6.19,75.0%,0.12,0.06,50.0%,0.00
Oliver Sørensen,34,1835,0.05,0.07,-0.02,0.74,0.15,6.67%,0.10,6.96,75.0,10.8,3.38,34.2,0.5,0.05,0.00,0.10,0.00,18,17,61,2,31,103,43,41.7%,39,14,35.9%,25.21,20.89,82.9%,8.98,6.72,74.9%,0.69,0.10,14.3%,0.05
Omri Gandelman,19,978,0.18,0.13,0.06,0.92,0.28,20.00%,0.14,2.02,18.5,9.1,0.83,5.7,0.6,0.00,0.00,0.00,0.00,9,4,21,1,14,58,14,24.1%,127,55,43.3%,22.36,14.26,63.8%,8.65,4.60,53.2%,0.37,0.09,25.0%,0.00
Oumar Ngom,15,840,0.00,0.02,-0.02,0.54,0.21,0.00%,0.05,5.79,58.5,10.1,2.46,24.4,1.1,0.11,0.00,0.00,0.00,24,13,51,2,16,73,35,47.9%,26,12,46.2%,27.96,23.04,82.4%,6.96,5.68,81.5%,0.32,0.11,33.3%,0.00
Oumar Solet,35,2961,0.09,0.08,0.01,1.00,0.18,9.09%,0.08,19.67,218.9,11.1,10.94,111.0,0.3,0.27,0.06,0.36,0.00,75,48,170,19,125,232,143,61.6%,92,50,54.3%,63.07,56.29,89.3%,11.28,8.42,74.7%,0.61,0.06,10.0%,0.09
Pablo Marí,11,809,0.00,0.00,-0.00,0.22,0.00,0.00%,0.02,8.12,73.3,9.0,3.56,31.1,1.0,0.11,0.00,0.11,0.00,12,22,28,7,47,40,20,50.0%,35,18,51.4%,50.62,46.50,91.9%,4.45,2.34,52.5%,0.00,0.00,0.0%,0.00
Patric,14,662,0.00,0.04,-0.04,0.68,0.00,0.00%,0.06,11.15,102.1,9.2,3.81,26.9,1.0,0.00,0.00,0.00,0.00,2,4,34,6,32,13,6,46.2%,17,11,64.7%,77.63,70.97,91.4%,11.83,8.84,74.7%,0.14,0.00,0.0%,0.00
Patrick Cutrone,15,891,0.10,0.26,-0.16,2.53,0.71,4.00%,0.10,5.66,57.2,10.1,2.93,22.6,0.8,0.51,0.00,0.00,0.00,6,3,21,2,7,49,25,51.0%,30,10,33.3%,17.68,11.62,65.7%,8.59,4.85,56.5%,1.21,0.00,0.0%,0.00
Patrizio Masini,28,1400,0.00,0.12,-0.12,1.16,0.32,0.00%,0.10,8.10,95.8,11.8,3.47,36.7,0.7,0.13,0.00,0.00,0.00,68,25,78,8,44,186,115,61.8%,67,26,38.8%,36.32,27.00,74.3%,9.06,6.04,66.7%,0.90,0.19,21.4%,0.00
Paulo Dybala,22,1355,0.13,0.32,-0.18,2.86,1.20,4.65%,0.11,15.01,158.0,10.5,7.24,70.0,0.6,0.13,0.00,0.46,0.07,10,4,60,1,2,145,68,46.9%,25,10,40.0%,45.37,37.93,83.6%,23.85,18.27,76.6%,1.86,0.20,10.7%,0.27
Pedro,29,973,0.46,0.23,0.24,2.03,1.02,22.73%,0.11,14.80,167.7,11.3,7.03,67.2,0.9,0.28,0.09,0.46,0.00,11,4,33,0,4,91,48,52.7%,6,2,33.3%,44.58,38.76,86.9%,16.00,12.49,78.0%,1.39,0.00,0.0%,0.28
Pervis Estupiñán,19,1036,0.09,0.03,0.05,0.78,0.09,11.11%,0.04,10.08,105.6,10.5,5.30,39.5,0.6,0.09,0.00,0.09,0.00,15,11,59,0,23,62,25,40.3%,15,8,53.3%,45.78,39.70,86.7%,13.29,10.95,82.3%,1.74,0.69,40.0%,0.09
Petar Sucic,34,1765,0.10,0.08,0.02,1.12,0.31,9.09%,0.08,18.10,199.9,11.0,9.33,100.3,0.5,0.20,0.05,0.31,0.00,46,9,76,1,19,181,86,47.5%,21,12,57.1%,57.88,51.71,89.3%,21.93,18.00,82.1%,1.33,0.36,26.9%,0.20
Pierre Kalulu,37,3282,0.05,0.05,0.01,0.36,0.11,15.38%,0.13,13.68,153.8,11.2,7.10,76.1,0.3,0.03,0.00,0.19,0.03,62,24,158,8,62,148,84,56.8%,75,35,46.7%,60.25,53.53,88.8%,15.90,13.03,81.9%,2.58,0.60,23.4%,0.08
Pietro Comuzzo,27,1696,0.05,0.05,-0.00,0.53,0.11,10.00%,0.10,8.12,74.0,9.1,3.93,35.3,0.5,0.00,0.00,0.00,0.00,32,24,62,14,102,73,37,50.7%,64,32,50.0%,52.64,47.55,90.3%,5.57,4.25,76.2%,0.05,0.00,0.0%,0.00
Piotr Zielinski,34,2044,0.26,0.11,0.16,1.28,0.44,20.69%,0.09,19.42,212.5,10.9,11.05,117.5,0.5,0.18,0.00,0.18,0.00,31,5,113,3,25,111,66,59.5%,21,12,57.1%,65.87,60.81,92.3%,21.88,19.20,87.7%,0.75,0.26,35.3%,0.00
Pontus Almqvist,13,452,0.00,0.08,-0.08,1.00,0.40,0.00%,0.08,10.75,126.5,11.8,5.97,68.7,2.3,0.40,0.00,0.80,0.00,9,6,21,0,3,61,29,47.5%,12,6,50.0%,21.11,16.53,78.3%,10.15,7.37,72.5%,1.39,0.80,57.1%,0.00
Rafa Obrador,16,1123,0.08,0.01,0.07,0.56,0.16,14.29%,0.03,9.06,107.6,11.9,5.37,47.1,0.7,0.08,0.00,0.32,0.08,23,11,31,1,24,78,37,47.4%,14,2,14.3%,28.77,23.40,81.3%,7.45,5.37,72.0%,3.45,0.56,16.3%,0.00
Rafael Leão,29,1859,0.44,0.48,-0.04,3.05,1.16,14.29%,0.16,10.99,146.0,13.3,6.63,85.7,0.6,1.02,0.10,0.58,0.15,6,5,43,0,7,145,66,45.5%,55,28,50.9%,28.18,23.58,83.7%,12.30,9.30,75.6%,1.21,0.53,44.0%,0.44
Rafik Belghali,26,1926,0.09,0.10,-0.01,0.98,0.28,9.52%,0.10,9.91,114.9,11.6,4.91,48.2,0.5,0.51,0.00,0.56,0.00,21,18,86,6,23,150,70,46.7%,34,9,26.5%,22.99,17.66,76.8%,9.81,7.43,75.7%,2.43,0.70,28.9%,0.05
Raoul Bellanova,24,1374,0.00,0.03,-0.03,0.85,0.33,0.00%,0.04,10.15,115.1,11.3,6.55,63.6,0.6,0.00,0.00,0.07,0.07,18,9,58,3,24,57,38,66.7%,30,10,33.3%,36.03,32.03,88.9%,12.18,10.74,88.2%,5.11,0.92,17.9%,0.00
Rasmus Højlund,33,2761,0.39,0.34,0.05,1.96,0.81,20.00%,0.18,6.03,71.3,11.8,3.06,37.2,0.4,0.62,0.03,0.33,0.03,4,0,33,2,15,189,68,36.0%,120,43,35.8%,16.53,12.32,74.6%,7.92,5.48,69.1%,0.10,0.07,66.7%,0.23
Raúl Albiol,8,502,0.00,0.01,-0.01,0.18,0.00,0.00%,0.07,11.83,115.0,9.7,5.20,48.7,1.7,0.00,0.00,0.00,0.00,7,6,19,6,60,18,9,50.0%,15,7,46.7%,45.36,39.08,86.2%,5.92,3.05,51.5%,0.18,0.18,100.0%,0.00
Reda Belahyane,13,605,0.00,0.03,-0.03,0.45,0.15,0.00%,0.07,11.31,115.3,10.2,5.80,59.6,1.5,0.15,0.00,0.30,0.15,13,3,33,1,5,57,23,40.4%,4,3,75.0%,41.80,35.85,85.8%,13.83,10.56,76.3%,0.15,0.15,100.0%,0.30
Remo Freuler,29,2217,0.04,0.05,-0.01,0.32,0.04,12.50%,0.16,11.04,113.1,10.2,3.98,33.7,0.3,0.08,0.00,0.12,0.00,55,23,108,5,33,129,81,62.8%,41,15,36.6%,54.72,47.78,87.3%,13.88,10.68,76.9%,0.57,0.08,14.3%,0.12
Riccardo Orsolini,35,2115,0.43,0.41,0.01,3.49,1.32,12.20%,0.12,11.53,131.9,11.4,5.11,47.4,0.4,1.28,0.04,0.43,0.04,21,8,66,1,16,186,97,52.2%,49,29,59.2%,23.87,16.81,70.4%,10.81,7.23,66.9%,1.45,0.21,14.7%,0.13
Riccardo Sottil,21,1073,0.08,0.06,0.03,1.68,0.25,5.00%,0.03,14.18,198.4,14.0,7.97,109.6,1.2,0.59,0.08,0.59,0.08,4,2,38,0,5,103,44,42.7%,15,3,20.0%,20.97,17.28,82.4%,12.25,9.90,80.8%,4.11,1.01,24.5%,0.00
Riyad Idrissi,23,767,0.23,0.06,0.17,0.70,0.70,33.33%,0.09,8.10,112.4,13.9,5.98,80.2,1.6,0.23,0.00,0.23,0.00,21,8,42,4,28,68,35,51.5%,10,1,10.0%,33.68,26.87,79.8%,8.21,5.51,67.1%,2.23,0.00,0.0%,0.12
Roberto Gagliardini,29,2216,0.04,0.05,-0.01,0.61,0.12,6.67%,0.08,9.06,90.6,10.0,4.39,42.5,0.4,0.04,0.00,0.16,0.00,73,54,130,13,70,192,111,57.8%,93,58,62.4%,47.31,38.38,81.1%,13.81,9.38,67.9%,0.61,0.24,40.0%,0.04
Roberto Piccoli,32,1664,0.22,0.35,-0.14,2.54,0.81,8.51%,0.14,4.33,50.6,11.7,2.27,24.9,0.6,0.11,0.00,0.00,0.00,8,4,35,0,13,123,57,46.3%,139,53,38.1%,12.33,8.11,65.8%,4.65,2.70,58.1%,0.27,0.05,20.0%,0.11
Robin Gosens,26,1893,0.14,0.14,0.01,0.86,0.33,16.67%,0.16,6.47,66.2,10.2,3.80,34.8,0.4,0.05,0.05,0.10,0.05,31,25,46,4,66,99,53,53.5%,77,35,45.5%,36.89,29.33,79.5%,9.41,6.13,65.2%,2.00,0.43,21.4%,0.10
Rolando Mandragora,34,2438,0.26,0.17,0.09,2.36,0.66,10.94%,0.07,5.02,43.7,8.7,2.14,17.5,0.3,0.11,0.00,0.11,0.00,45,13,69,5,35,173,103,59.5%,62,38,61.3%,36.55,30.86,84.4%,11.37,8.20,72.1%,0.52,0.07,14.3%,0.15
Romano Floriani Mussolini,28,1164,0.00,0.03,-0.03,0.39,0.08,0.00%,0.08,6.96,88.0,12.6,3.71,33.9,0.7,0.15,0.00,0.08,0.00,27,5,35,5,37,83,36,43.4%,48,23,47.9%,23.81,16.70,70.1%,7.58,4.64,61.2%,2.24,0.31,13.8%,0.00
Rosen Bozhinov,9,614,0.00,0.03,-0.03,0.44,0.15,0.00%,0.06,16.27,181.5,11.2,8.94,78.7,1.3,0.00,0.00,0.15,0.00,7,11,20,4,28,22,7,31.8%,26,16,61.5%,60.54,52.92,87.4%,6.01,3.66,61.0%,0.44,0.15,33.3%,0.15
Ruben Loftus-Cheek,28,1127,0.24,0.25,-0.02,2.32,0.48,10.34%,0.11,12.22,166.8,13.7,7.83,102.3,1.0,0.40,0.00,0.24,0.00,14,5,38,1,16,103,45,43.7%,58,31,53.4%,32.42,27.39,84.5%,13.10,10.22,78.0%,0.80,0.24,30.0%,0.24
Ruslan Malinovskyi,34,2250,0.24,0.18,0.06,2.20,0.60,10.91%,0.08,14.48,161.8,11.2,5.92,45.9,0.3,0.32,0.00,0.24,0.04,30,15,120,5,17,162,67,41.4%,73,35,47.9%,48.72,40.04,82.2%,16.36,11.60,70.9%,0.60,0.12,20.0%,0.24
Sam Beukema,24,1680,0.11,0.09,0.02,0.43,0.21,25.00%,0.21,13.45,121.1,9.0,5.89,54.0,0.5,0.00,0.00,0.00,0.00,19,14,73,11,58,56,25,44.6%,61,32,52.5%,73.50,67.18,91.4%,12.70,9.91,78.1%,0.32,0.00,0.0%,0.00
Samuele Angori,35,2604,0.00,0.06,-0.06,0.48,0.10,0.00%,0.13,6.32,61.3,9.7,3.28,27.9,0.3,0.07,0.00,0.10,0.03,46,22,101,8,61,163,109,66.9%,43,19,44.2%,27.13,19.74,72.7%,9.33,5.94,63.7%,3.28,0.90,27.4%,0.00
Samuele Ricci,31,1297,0.07,0.11,-0.04,1.25,0.42,5.56%,0.08,11.10,112.4,10.1,5.27,51.5,0.7,0.28,0.00,0.14,0.00,16,9,58,5,29,83,53,63.9%,10,3,30.0%,44.90,40.45,90.1%,13.74,11.45,83.3%,1.04,0.49,46.7%,0.07
Sandi Lovric,14,519,0.00,0.08,-0.08,1.04,0.35,0.00%,0.08,12.83,138.4,10.8,6.42,57.2,1.5,0.17,0.00,0.35,0.00,22,11,31,0,14,63,31,49.2%,6,2,33.3%,40.92,35.90,87.7%,11.62,8.67,74.6%,2.60,0.52,20.0%,0.35
Santiago Castro,35,2366,0.27,0.28,-0.01,2.40,0.76,11.11%,0.11,4.75,44.8,9.4,1.64,5.1,0.1,0.38,0.00,0.30,0.04,10,1,46,2,29,173,76,43.9%,119,53,44.5%,14.76,11.34,76.8%,6.20,4.26,68.7%,0.15,0.00,0.0%,0.11
Santiago Giménez,16,896,0.00,0.34,-0.34,2.71,0.90,0.00%,0.13,4.82,52.5,10.9,1.91,18.3,1.0,0.60,0.00,0.00,0.00,8,1,14,1,1,63,26,41.3%,23,6,26.1%,13.46,10.85,80.6%,5.52,4.02,72.7%,0.10,0.10,100.0%,0.00
Santiago Pierotti,37,2613,0.03,0.11,-0.08,1.14,0.28,3.03%,0.10,9.95,121.1,12.2,5.27,62.1,0.4,0.28,0.00,0.28,0.03,83,20,150,5,24,384,145,37.8%,140,52,37.1%,22.04,16.60,75.3%,8.82,5.75,65.2%,0.79,0.10,13.0%,0.03
Sascha Britschgi,29,2095,0.00,0.02,-0.02,0.56,0.13,0.00%,0.03,7.60,82.3,10.8,4.64,46.0,0.4,0.21,0.00,0.21,0.09,33,8,77,5,38,144,65,45.1%,27,11,40.7%,26.42,20.11,76.1%,7.43,5.20,69.9%,2.11,0.47,22.4%,0.00
Saúl Coco,35,3090,0.03,0.03,0.00,0.44,0.12,6.67%,0.06,9.67,96.5,10.0,4.46,43.5,0.3,0.03,0.00,0.09,0.03,58,43,88,41,172,169,99,58.6%,123,66,53.7%,43.92,37.46,85.3%,5.85,3.44,58.7%,0.15,0.03,20.0%,0.03
Scott McTominay,33,2793,0.32,0.35,-0.03,3.25,1.10,9.90%,0.11,12.79,137.5,10.7,6.35,69.3,0.4,0.68,0.06,0.16,0.00,28,21,131,13,48,237,121,51.1%,81,48,59.3%,42.82,38.09,88.9%,10.83,8.60,79.5%,0.32,0.06,20.0%,0.13
Sead Kolasinac,19,1219,0.00,0.01,-0.01,0.22,0.00,0.00%,0.06,11.89,121.4,10.2,7.31,76.5,0.8,0.00,0.00,0.00,0.00,27,11,72,5,32,79,42,53.2%,30,13,43.3%,56.92,51.24,90.0%,11.44,8.86,77.4%,0.22,0.15,66.7%,0.00
Sebastian Otoa,13,829,0.00,0.01,-0.01,0.33,0.22,0.00%,0.03,10.10,100.1,9.9,4.99,48.3,1.1,0.00,0.00,0.00,0.00,11,9,32,11,46,36,26,72.2%,32,22,68.8%,39.30,35.61,90.6%,2.28,1.30,57.1%,0.11,0.00,0.0%,0.00
Sebastian Walukiewicz,34,2855,0.00,0.01,-0.01,0.22,0.00,0.00%,0.03,7.66,85.5,11.2,4.35,50.4,0.4,0.03,0.00,0.19,0.00,50,25,97,10,108,158,84,53.2%,55,26,47.3%,39.03,33.35,85.5%,7.91,5.89,74.5%,1.42,0.57,40.0%,0.00
Sebastiano Esposito,36,2700,0.23,0.17,0.07,1.90,0.53,12.28%,0.09,7.17,73.2,10.2,3.80,37.3,0.3,0.27,0.03,0.13,0.00,56,20,93,4,22,263,128,48.7%,49,21,42.9%,33.50,25.30,75.5%,13.80,9.80,71.0%,1.73,0.27,15.4%,0.53
Sebastiano Luperto,34,3017,0.03,0.02,0.01,0.36,0.15,8.33%,0.05,8.89,92.4,10.4,4.27,45.1,0.3,0.03,0.00,0.09,0.03,35,30,81,17,159,114,68,59.6%,75,33,44.0%,48.62,42.90,88.2%,5.34,2.86,53.6%,0.33,0.06,18.2%,0.03
Semih Kiliçsoy,22,976,0.37,0.17,0.20,1.57,0.74,23.53%,0.11,9.22,82.7,9.0,3.14,21.5,0.6,0.55,0.18,0.18,0.00,5,1,29,1,0,87,34,39.1%,39,6,15.4%,22.13,17.06,77.1%,6.82,4.61,67.6%,0.00,0.00,0.0%,0.09
Sergi Roberto,20,533,0.00,0.16,-0.16,1.18,0.34,0.00%,0.14,15.37,142.9,9.3,6.92,62.6,1.5,0.00,0.00,0.51,0.00,7,5,23,0,10,46,20,43.5%,10,5,50.0%,73.45,67.71,92.2%,16.21,13.85,85.4%,0.51,0.51,100.0%,0.00
Simon Sohm,28,1430,0.00,0.05,-0.05,0.57,0.06,0.00%,0.09,6.99,84.4,12.1,4.28,53.6,0.8,0.00,0.00,0.44,0.00,20,8,46,5,11,79,42,53.2%,61,23,37.7%,35.94,30.71,85.5%,9.00,6.55,72.7%,0.44,0.06,14.3%,0.44
Simone Canestrelli,37,3201,0.03,0.04,-0.01,0.45,0.08,6.25%,0.08,6.86,75.3,11.0,3.68,40.0,0.3,0.03,0.00,0.03,0.00,40,33,97,19,186,123,64,52.0%,153,94,61.4%,35.45,28.85,81.4%,5.03,2.78,55.3%,0.34,0.03,8.3%,0.00
Stanislav Lobotka,32,2435,0.04,0.02,0.02,0.30,0.15,12.50%,0.06,13.38,140.5,10.5,4.32,27.7,0.2,0.00,0.00,0.11,0.00,28,16,123,3,29,119,77,64.7%,21,11,52.4%,67.42,62.50,92.7%,16.11,13.86,86.0%,0.15,0.00,0.0%,0.11
Stefan de Vrij,11,671,0.00,0.05,-0.05,0.80,0.27,0.00%,0.06,15.83,175.1,11.1,8.45,89.0,1.4,0.00,0.00,0.00,0.00,15,7,27,4,34,27,20,74.1%,31,17,54.8%,62.64,58.75,93.8%,5.37,4.29,80.0%,0.00,0.00,0.0%,0.00
Stefano Moreo,37,2316,0.27,0.23,0.04,2.02,0.78,13.46%,0.11,5.79,67.5,11.7,2.68,28.6,0.4,0.12,0.00,0.27,0.04,17,22,78,4,51,102,50,49.0%,180,96,53.3%,21.30,12.75,59.9%,9.95,5.09,51.2%,1.09,0.12,10.7%,0.23
Stefano Sabelli,16,919,0.00,0.05,-0.05,0.78,0.00,0.00%,0.06,6.17,61.0,9.9,4.11,39.1,0.9,0.10,0.00,0.10,0.00,22,4,42,6,22,68,42,61.8%,16,3,18.8%,32.51,22.52,69.3%,12.73,7.74,60.8%,1.86,0.49,26.3%,0.10
Stephan El Shaarawy,20,657,0.14,0.20,-0.07,2.47,0.96,5.56%,0.08,17.12,206.8,12.1,8.90,97.3,1.5,0.27,0.00,0.55,0.14,10,7,30,2,6,66,29,43.9%,21,6,28.6%,45.34,38.49,84.9%,19.59,15.48,79.0%,1.78,0.00,0.0%,0.27
Strahinja Pavlovic,34,2870,0.16,0.11,0.05,0.82,0.19,19.23%,0.14,15.80,175.8,11.1,10.00,120.7,0.4,0.00,0.00,0.22,0.03,54,20,97,14,117,169,99,58.6%,126,70,55.6%,57.95,52.62,90.8%,9.09,6.87,75.5%,0.47,0.16,33.3%,0.03
Suat Serdar,20,1108,0.16,0.17,-0.01,1.54,0.57,10.53%,0.11,7.72,74.9,9.7,3.90,35.4,0.7,0.32,0.00,0.16,0.00,31,9,54,5,16,100,52,52.0%,22,8,36.4%,32.08,23.07,71.9%,16.08,9.50,59.1%,0.57,0.08,14.3%,0.49
Tarik Muharemovic,32,2835,0.06,0.05,0.01,0.63,0.19,10.00%,0.08,11.49,110.9,9.7,5.43,51.0,0.3,0.10,0.00,0.03,0.00,44,45,91,31,222,104,67,64.4%,104,67,64.4%,52.35,44.86,85.7%,7.52,3.97,52.7%,0.06,0.00,0.0%,0.13
Tasos Douvikas,38,2279,0.55,0.48,0.08,2.61,1.18,21.21%,0.18,4.90,50.9,10.4,2.49,24.2,0.4,0.63,0.20,0.24,0.04,13,4,29,4,14,166,68,41.0%,73,32,43.8%,12.56,9.75,77.7%,5.88,4.11,69.8%,0.16,0.00,0.0%,0.08
Tete Morente,16,859,0.00,0.08,-0.08,1.47,0.21,0.00%,0.06,8.49,96.8,11.4,4.61,38.9,0.9,0.42,0.00,0.52,0.00,11,3,37,2,13,87,32,36.8%,21,10,47.6%,27.45,20.43,74.4%,14.04,9.53,67.9%,2.62,0.31,12.0%,0.00
Teun Koopmeiners,33,1819,0.00,0.07,-0.07,1.39,0.35,0.00%,0.05,12.72,146.6,11.5,8.31,95.5,0.6,0.30,0.00,0.10,0.00,33,18,78,7,39,103,48,46.6%,55,32,58.2%,57.44,52.10,90.7%,15.19,12.72,83.7%,1.09,0.25,22.7%,0.05
Thijs Dallinga,23,803,0.22,0.33,-0.11,2.58,0.56,8.70%,0.13,7.62,77.9,10.2,2.69,17.5,0.7,0.11,0.00,0.11,0.00,7,1,20,2,10,54,18,33.3%,48,18,37.5%,25.33,18.04,71.2%,12.55,7.96,63.4%,0.56,0.11,20.0%,0.11
Thomas Kristensen,28,2475,0.11,0.04,0.07,0.40,0.22,27.27%,0.11,13.71,137.6,10.0,6.76,63.7,0.3,0.04,0.00,0.00,0.00,26,25,84,22,198,87,41,47.1%,128,81,63.3%,45.42,38.87,85.6%,6.51,3.67,56.4%,0.15,0.04,25.0%,0.04
Tiago Gabriel,37,3220,0.06,0.10,-0.04,0.56,0.11,10.00%,0.18,8.30,89.3,10.8,3.75,33.8,0.3,0.00,0.00,0.03,0.00,63,45,86,20,243,151,103,68.2%,187,124,66.3%,37.12,32.45,87.4%,2.80,1.48,53.0%,0.06,0.00,0.0%,0.00
Tijjani Noslin,29,1138,0.32,0.38,-0.06,2.77,1.03,11.43%,0.14,11.55,140.2,12.1,5.62,58.6,0.8,1.11,0.16,0.40,0.08,7,3,32,3,7,99,47,47.5%,50,21,42.0%,29.42,23.88,81.2%,10.91,7.99,73.2%,0.40,0.16,40.0%,0.00
Toma Basic,23,1746,0.10,0.07,0.03,1.55,0.62,6.67%,0.05,7.73,76.4,9.9,3.35,24.8,0.4,0.26,0.00,0.26,0.10,21,11,61,7,24,86,41,47.7%,33,21,63.6%,45.10,39.43,87.4%,10.26,7.94,77.4%,0.82,0.26,31.3%,0.05
Tommaso Baldanzi,18,784,0.11,0.23,-0.12,2.30,0.80,5.00%,0.10,15.27,170.1,11.1,7.12,62.5,1.0,0.69,0.00,0.34,0.00,16,5,41,0,1,88,45,51.1%,8,1,12.5%,39.83,35.01,87.9%,15.96,12.97,81.3%,1.26,0.34,27.3%,0.23
Tommaso Barbieri,29,1703,0.00,0.04,-0.04,0.85,0.11,0.00%,0.05,9.51,116.0,12.2,5.65,66.1,0.6,0.32,0.00,0.21,0.00,45,13,57,8,31,174,86,49.4%,57,26,45.6%,28.33,20.77,73.3%,9.99,6.08,60.9%,4.07,0.48,11.7%,0.00
Tommaso Pobega,26,1436,0.19,0.11,0.08,1.57,0.63,12.00%,0.07,4.76,45.1,9.5,1.88,15.3,0.5,0.13,0.00,0.00,0.00,37,19,45,11,30,115,56,48.7%,43,22,51.2%,31.96,24.69,77.3%,9.40,6.08,64.7%,0.13,0.00,0.0%,0.06
Torbjørn Heggem,27,2113,0.00,0.05,-0.05,0.47,0.09,0.00%,0.10,12.35,114.5,9.3,4.81,44.8,0.4,0.00,0.00,0.04,0.00,32,24,91,8,102,98,52,53.1%,82,37,45.1%,50.94,46.73,91.7%,3.92,2.56,65.2%,0.04,0.00,0.0%,0.00
Ulisses Garcia,13,943,0.10,0.01,0.09,0.19,0.10,50.00%,0.05,6.97,71.8,10.3,3.53,37.8,1.0,0.00,0.00,0.00,0.00,17,9,46,4,13,60,21,35.0%,10,6,60.0%,42.47,36.55,86.1%,12.12,9.73,80.3%,3.15,0.95,30.3%,0.48
Unai Núñez,17,1265,0.00,0.03,-0.03,0.50,0.07,0.00%,0.06,7.33,75.6,10.3,3.84,40.5,0.7,0.00,0.00,0.07,0.00,24,23,54,13,62,79,42,53.2%,61,28,45.9%,39.27,30.66,78.1%,9.60,5.98,62.2%,0.78,0.21,27.3%,0.00
Valentino Lazaro,31,2258,0.00,0.02,-0.02,0.32,0.08,0.00%,0.06,6.22,77.5,12.5,3.87,47.6,0.5,0.08,0.00,0.24,0.00,47,22,94,8,50,141,67,47.5%,39,15,38.5%,33.64,26.71,79.4%,10.88,7.73,71.1%,3.47,0.84,24.1%,0.04
Valentín Castellanos,11,694,0.26,0.26,0.00,2.59,1.04,10.00%,0.10,5.06,53.5,10.6,2.72,29.7,1.4,0.39,0.00,0.26,0.00,7,3,14,0,7,60,33,55.0%,28,14,50.0%,17.51,11.93,68.2%,7.52,4.15,55.2%,0.78,0.00,0.0%,0.52
Vítinha,35,2242,0.20,0.25,-0.05,2.61,0.80,7.69%,0.10,10.04,115.5,11.5,5.70,63.0,0.4,0.60,0.04,0.12,0.00,39,14,102,5,29,312,143,45.8%,134,58,43.3%,15.90,10.64,66.9%,7.51,4.26,56.7%,1.93,0.40,20.8%,0.12
Walid Cheddira,33,1211,0.30,0.27,0.03,2.45,0.89,12.12%,0.11,6.39,77.8,12.2,3.20,37.2,0.9,0.59,0.00,0.37,0.07,6,2,33,3,4,112,52,46.4%,75,25,33.3%,15.46,10.48,67.8%,8.18,4.98,60.9%,0.59,0.15,25.0%,0.07
Warren Bondo,27,1769,0.00,0.01,-0.01,0.41,0.10,0.00%,0.03,11.14,119.2,10.7,5.44,50.2,0.5,0.15,0.00,0.10,0.00,31,8,82,3,9,155,79,51.0%,18,6,33.3%,39.48,35.46,89.8%,6.66,5.19,77.9%,0.15,0.00,0.0%,0.00
Wesley,30,2457,0.18,0.06,0.12,0.92,0.48,20.00%,0.06,11.65,130.2,11.2,7.58,84.0,0.4,0.37,0.04,0.44,0.00,53,23,117,5,62,261,124,47.5%,56,25,44.6%,37.66,30.15,80.1%,15.35,11.68,76.1%,3.48,0.73,21.1%,0.07
Weston McKennie,36,2841,0.16,0.24,-0.08,1.36,0.51,11.63%,0.18,7.29,77.0,10.6,4.18,44.9,0.3,0.06,0.00,0.22,0.00,40,25,106,8,49,153,68,44.4%,84,46,54.8%,37.60,31.27,83.2%,16.95,13.27,78.3%,1.11,0.19,17.1%,0.10
Woyo Coulibaly,20,1048,0.00,0.01,-0.01,0.52,0.09,0.00%,0.02,13.48,157.6,11.7,7.90,96.2,1.0,0.26,0.00,0.00,0.00,24,9,52,4,18,79,44,55.7%,17,6,35.3%,37.36,33.75,90.3%,8.59,7.13,83.0%,0.94,0.17,18.2%,0.00
Yann Bisseck,23,1922,0.14,0.12,0.02,1.17,0.56,12.00%,0.10,13.16,139.4,10.6,6.74,66.6,0.5,0.14,0.05,0.00,0.00,27,22,70,7,74,88,50,56.8%,60,39,65.0%,60.73,56.29,92.7%,12.17,9.74,80.0%,0.61,0.09,15.4%,0.00
Yerry Mina,26,2153,0.08,0.06,0.02,0.46,0.13,18.18%,0.14,10.03,100.9,10.1,4.72,47.2,0.4,0.08,0.00,0.00,0.00,32,26,80,23,127,114,71,62.3%,89,58,65.2%,50.20,45.94,91.5%,3.85,1.80,46.7%,0.04,0.00,0.0%,0.00
Ylber Ramadani,37,3214,0.03,0.03,-0.00,0.95,0.14,2.94%,0.03,7.84,75.1,9.6,2.94,20.5,0.2,0.14,0.00,0.08,0.00,92,47,211,11,57,293,161,54.9%,55,32,58.2%,40.49,32.57,80.4%,11.54,7.70,66.8%,0.36,0.08,23.1%,0.11
Youssef Maleh,23,1565,0.06,0.06,0.00,1.27,0.23,4.55%,0.05,5.35,43.7,8.2,1.96,15.4,0.5,0.17,0.00,0.06,0.00,38,14,68,3,34,136,63,46.3%,27,11,40.7%,33.81,26.51,78.4%,10.01,6.56,65.5%,1.38,0.35,25.0%,0.00
Youssouf Fofana,33,2217,0.08,0.15,-0.07,1.83,0.73,4.44%,0.08,8.08,88.3,10.9,4.79,52.2,0.4,0.32,0.00,0.41,0.00,41,19,89,4,16,160,70,43.8%,32,10,31.3%,32.60,26.96,82.7%,11.77,8.44,71.7%,0.41,0.08,20.0%,0.53
Yunus Musah,20,651,0.14,0.09,0.05,0.97,0.28,14.29%,0.09,20.05,245.5,12.2,9.82,107.5,1.5,0.28,0.00,0.14,0.00,10,5,38,2,7,73,42,57.5%,17,5,29.4%,50.74,44.65,88.0%,17.42,14.65,84.1%,1.38,0.69,50.0%,0.00
Zachary Athekame,27,824,0.22,0.04,0.17,1.42,0.44,15.38%,0.03,11.47,141.6,12.3,6.77,74.1,1.2,0.55,0.00,0.44,0.00,15,3,34,0,23,61,32,52.5%,18,10,55.6%,39.10,31.46,80.5%,13.11,10.05,76.7%,5.02,1.31,26.1%,0.00
Zakaria Aboukhlal,15,508,0.00,0.06,-0.06,1.24,0.35,0.00%,0.05,12.05,169.7,14.1,8.33,117.7,2.5,0.53,0.00,0.35,0.00,22,1,24,1,8,79,39,49.4%,13,4,30.8%,29.41,21.79,74.1%,10.98,7.09,64.5%,3.19,0.35,11.1%,0.00
Zeki Çelik,34,2730,0.03,0.05,-0.02,0.73,0.13,4.55%,0.07,11.87,129.9,10.9,6.66,61.3,0.3,0.20,0.00,0.30,0.00,64,22,116,6,68,186,89,47.8%,63,36,57.1%,44.41,37.85,85.2%,15.53,12.73,82.0%,2.47,0.49,20.0%,0.10
Zé Pedro,23,1705,0.00,0.04,-0.04,0.37,0.00,0.00%,0.11,7.71,82.6,10.7,4.96,57.4,0.6,0.00,0.00,0.05,0.00,31,20,56,13,82,101,50,49.5%,44,18,40.9%,50.30,43.76,87.0%,6.81,4.54,66.7%,0.26,0.00,0.0%,0.05
Álex Valle,28,2025,0.04,0.05,-0.00,0.49,0.09,9.09%,0.09,9.20,96.6,10.5,4.80,50.4,0.5,0.00,0.00,0.22,0.04,51,23,60,6,52,150,75,50.0%,34,18,52.9%,45.02,38.04,84.5%,11.64,8.80,75.6%,2.04,0.49,23.9%,0.13
Álvaro Morata,26,922,0.00,0.49,-0.49,2.25,0.78,0.00%,0.22,5.56,54.2,9.7,2.64,24.2,0.9,0.10,0.00,0.10,0.00,14,1,20,0,8,89,49,55.1%,35,16,45.7%,22.55,16.98,75.3%,8.30,6.25,75.3%,0.88,0.29,33.3%,0.00
Éderson,30,2235,0.08,0.18,-0.10,1.41,0.44,5.71%,0.12,13.33,142.0,10.7,6.00,55.8,0.4,0.16,0.00,0.28,0.04,59,28,133,7,41,199,113,56.8%,53,22,41.5%,53.72,47.92,89.2%,14.94,12.24,81.9%,0.48,0.04,8.3%,0.08
Aaron Zehnter,20,1458,0.12,0.08,0.04,0.68,0.31,18.18%,0.12,6.48,63.1,9.7,4.14,32.0,0.5,0.06,0.00,0.19,0.00,0.93,1.11,3.95,0.43,2.72,2.16,1.36,62.9%,1.73,0.56,32.1%,36.79,28.27,76.8%,7.65,5.00,65.3%,1.85,0.68,36.7%,0.06
Adam Daghim,27,1357,0.13,0.17,-0.04,1.79,0.60,7.41%,0.10,9.82,129.4,13.2,6.90,93.1,0.9,0.53,0.00,0.33,0.07,1.72,0.86,2.98,0.13,1.86,9.82,4.38,44.6%,2.85,1.26,44.2%,26.33,17.58,66.8%,14.19,9.62,67.8%,1.33,0.20,15.0%,0.20
Adam Dzwigala,19,1295,0.07,0.01,0.06,0.28,0.14,25.00%,0.03,5.98,51.2,8.6,3.27,19.4,0.4,0.00,0.00,0.07,0.00,3.20,1.60,3.61,0.28,5.42,6.05,3.82,63.2%,4.45,2.15,48.4%,43.44,35.17,81.0%,8.20,5.00,61.0%,0.14,0.07,50.0%,0.07
Adrian Beck,24,860,0.10,0.09,0.01,1.15,0.42,9.09%,0.08,15.07,149.8,9.9,5.44,25.7,0.5,0.21,0.00,0.31,0.00,1.88,0.42,6.38,0.42,0.84,10.57,5.23,49.5%,2.83,1.05,37.0%,40.60,34.12,84.0%,12.77,9.63,75.4%,0.94,0.21,22.2%,0.10
Albert Grønbæk,7,495,0.18,0.09,0.09,1.45,0.73,12.50%,0.06,7.09,83.3,11.7,4.00,45.6,2.1,0.36,0.00,0.36,0.00,2.73,2.00,4.00,0.18,1.45,7.45,4.73,63.4%,0.91,0.36,40.0%,25.09,18.73,74.6%,9.45,6.73,71.2%,0.55,0.00,0.0%,0.18
Albert Sambi Lokonga,26,1712,0.26,0.11,0.16,1.00,0.58,26.32%,0.11,9.52,98.2,10.3,4.73,41.2,0.5,0.21,0.00,0.26,0.00,1.63,0.74,3.21,0.63,1.05,6.52,3.47,53.2%,1.95,1.16,59.5%,40.16,35.22,87.7%,9.62,7.62,79.2%,0.58,0.26,45.5%,0.21
Albian Hajdari,30,2440,0.04,0.06,-0.03,0.70,0.15,5.26%,0.09,11.14,107.4,9.6,5.20,49.8,0.4,0.04,0.00,0.00,0.00,2.14,1.55,3.87,0.81,6.09,5.50,3.02,55.0%,3.95,2.03,51.4%,57.91,47.95,82.8%,12.06,6.42,53.2%,0.74,0.11,15.0%,0.15
Aleix García,33,2676,0.10,0.08,0.02,1.01,0.17,10.00%,0.08,19.51,203.1,10.4,8.51,75.8,0.3,0.20,0.03,0.30,0.07,0.87,0.77,4.57,0.13,1.04,2.99,1.61,53.9%,0.67,0.34,50.0%,102.07,94.81,92.9%,26.17,22.84,87.3%,1.75,0.40,23.1%,0.30
Alejandro Grimaldo,29,2524,0.29,0.24,0.05,2.14,0.75,13.33%,0.11,14.76,162.9,11.0,8.42,88.2,0.4,0.36,0.00,0.43,0.07,1.75,0.68,4.53,0.18,1.85,7.24,3.67,50.7%,1.46,0.36,24.4%,65.36,57.12,87.4%,21.97,18.04,82.1%,3.00,0.86,28.6%,0.36
Aleksandar Pavlovic,24,1460,0.18,0.10,0.09,0.62,0.31,30.00%,0.16,22.62,234.0,10.3,9.99,99.9,0.6,0.06,0.00,0.37,0.00,1.60,0.86,4.87,0.49,1.05,4.75,2.47,51.9%,1.85,0.68,36.7%,98.32,92.96,94.5%,28.73,25.71,89.5%,0.43,0.12,28.6%,0.00
Alessio Castro-Montes,14,670,0.13,0.18,-0.05,1.07,0.13,12.50%,0.17,13.43,168.1,12.5,7.39,79.7,1.4,0.27,0.00,0.94,0.27,2.42,0.67,4.70,0.27,2.69,8.73,3.90,44.6%,2.42,1.75,72.2%,41.37,31.16,75.3%,18.13,12.90,71.1%,3.22,1.48,45.8%,0.54
Alexander Prass,32,1297,0.21,0.08,0.13,1.25,0.76,16.67%,0.07,11.24,132.1,11.8,6.38,62.3,0.7,0.21,0.00,0.28,0.07,2.22,0.49,5.34,0.21,1.25,10.82,4.79,44.2%,1.60,1.04,65.2%,35.94,27.41,76.3%,15.68,10.41,66.4%,2.08,0.83,40.0%,0.00
Alexis Claude-Maurice,29,2107,0.21,0.29,-0.08,3.03,1.11,7.04%,0.10,12.64,149.3,11.8,6.45,72.9,0.5,1.54,0.09,0.26,0.09,1.75,0.34,4.06,0.04,0.51,10.76,5.38,50.0%,2.31,0.77,33.3%,31.22,26.36,84.4%,11.06,8.37,75.7%,0.56,0.09,15.4%,0.09
Aljoscha Kemlein,30,1967,0.00,0.05,-0.05,0.78,0.09,0.00%,0.07,7.60,70.1,9.2,3.57,25.7,0.3,0.09,0.00,0.23,0.05,1.83,0.73,5.67,0.23,1.37,6.22,3.07,49.3%,2.33,1.42,60.8%,44.15,33.90,76.8%,14.23,8.42,59.2%,0.32,0.05,14.3%,0.09
Alphonso Davies,13,523,0.17,0.06,0.11,0.69,0.17,25.00%,0.09,23.75,271.6,11.4,12.22,138.3,1.9,0.17,0.00,0.00,0.00,1.55,0.52,8.78,0.34,1.55,8.60,4.65,54.0%,2.58,1.03,40.0%,61.95,57.99,93.6%,23.06,20.48,88.8%,1.03,0.34,33.3%,0.34
Amos Pieper,19,1504,0.00,0.03,-0.03,0.54,0.18,0.00%,0.05,11.19,118.6,10.6,6.70,73.2,0.7,0.06,0.00,0.00,0.00,1.86,1.50,3.17,0.84,6.76,3.71,2.69,72.6%,4.37,3.11,71.2%,60.98,52.24,85.7%,10.05,5.92,58.9%,0.48,0.24,50.0%,0.18
Andreas Hanche-Olsen,13,850,0.00,0.04,-0.04,0.64,0.32,0.00%,0.06,11.44,128.3,11.2,6.88,78.3,1.2,0.00,0.00,0.00,0.00,0.85,1.59,3.39,0.95,8.79,3.49,1.48,42.4%,8.15,5.51,67.5%,46.38,37.69,81.3%,6.99,3.81,54.5%,0.00,0.00,0.0%,0.11
Andrej Ilic,32,2256,0.20,0.45,-0.25,2.87,1.04,6.94%,0.16,3.07,34.1,11.1,1.64,15.0,0.4,0.24,0.04,0.08,0.08,0.16,0.04,1.99,0.24,1.32,5.35,1.72,32.1%,14.92,6.78,45.5%,17.19,9.41,54.8%,9.53,4.39,46.0%,0.72,0.08,11.1%,0.20
Andrej Kramaric,34,2222,0.57,0.48,0.09,2.59,1.34,21.88%,0.19,11.38,121.5,10.7,5.55,50.8,0.4,0.45,0.00,0.32,0.00,0.32,0.32,4.25,0.08,0.36,3.93,1.66,42.3%,0.73,0.20,27.8%,39.90,34.02,85.3%,16.16,13.08,81.0%,2.03,0.53,26.0%,0.24
András Schäfer,28,1420,0.13,0.12,0.00,1.71,0.63,7.41%,0.07,6.08,60.8,10.0,2.79,21.8,0.5,0.25,0.06,0.06,0.00,2.60,1.46,4.31,0.51,1.27,9.13,4.56,50.0%,3.68,1.77,48.3%,32.39,24.72,76.3%,10.84,7.16,66.1%,1.14,0.25,22.2%,0.06
Andréas Hountondji,21,1075,0.33,0.36,-0.03,1.76,1.09,19.05%,0.21,5.36,70.1,13.1,3.68,48.0,1.1,0.50,0.08,0.17,0.00,0.59,0.08,1.93,0.17,0.42,5.53,1.84,33.3%,6.11,0.92,15.1%,12.56,8.29,66.0%,6.87,4.35,63.4%,1.67,0.08,5.0%,0.17
Angelo Stiller,34,2744,0.07,0.10,-0.04,0.56,0.26,11.76%,0.18,14.40,144.8,10.1,6.46,57.4,0.3,0.03,0.03,0.26,0.03,1.61,0.98,5.25,0.23,1.57,5.58,3.51,62.9%,2.33,1.08,46.5%,76.49,67.40,88.1%,23.09,18.30,79.3%,1.25,0.39,31.6%,0.26
Ansgar Knauff,28,1322,0.27,0.26,0.01,2.38,0.95,11.43%,0.11,10.14,131.1,12.9,5.99,70.1,0.8,0.82,0.14,0.41,0.00,0.89,0.61,3.27,0.00,0.68,7.08,2.45,34.6%,3.20,0.89,27.7%,24.10,17.02,70.6%,12.05,7.90,65.5%,2.66,0.54,20.5%,0.07
Anthony Caci,10,520,0.00,0.06,-0.06,1.04,0.00,0.00%,0.06,10.56,111.3,10.5,7.27,73.5,1.8,0.35,0.00,0.17,0.00,2.60,0.52,4.85,0.17,2.42,7.10,4.33,61.0%,1.38,0.69,50.0%,52.10,42.23,81.1%,23.37,18.17,77.8%,6.92,1.56,22.5%,0.00
Anthony Jung,12,521,0.00,0.01,-0.01,0.17,0.00,0.00%,0.03,13.13,124.8,9.5,5.87,38.9,1.1,0.00,0.00,0.00,0.00,0.69,1.55,3.11,1.38,6.56,2.76,1.21,43.8%,3.45,2.42,70.0%,55.97,46.30,82.7%,9.85,6.56,66.7%,0.00,0.00,0.0%,0.00
Anton Kade,28,1746,0.31,0.33,-0.02,2.47,1.08,12.50%,0.13,8.35,119.7,14.3,4.48,67.7,0.8,0.52,0.00,0.31,0.00,1.60,0.67,3.92,0.05,0.98,7.94,3.76,47.4%,4.43,1.86,41.9%,23.09,16.91,73.2%,11.55,8.20,71.0%,1.19,0.26,21.7%,0.10
Antonio Nusa,31,2035,0.18,0.19,-0.02,2.70,0.88,6.56%,0.07,18.53,233.5,12.6,10.00,124.7,0.6,1.55,0.09,0.93,0.13,1.15,0.44,4.33,0.00,0.31,12.21,6.99,57.2%,1.02,0.22,21.7%,26.18,20.70,79.0%,13.58,9.51,70.0%,2.65,0.53,20.0%,0.75
Arijon Ibrahimovic,32,2181,0.08,0.26,-0.18,1.94,0.78,4.26%,0.13,12.21,157.8,12.9,6.64,79.9,0.5,0.33,0.00,0.70,0.08,1.40,0.95,5.28,0.21,0.83,7.51,3.43,45.6%,2.76,1.07,38.8%,33.55,24.18,72.1%,14.11,8.79,62.3%,2.23,0.62,27.8%,0.12
Arkadiusz Pyrka,31,2580,0.00,0.04,-0.04,0.66,0.10,0.00%,0.06,7.12,84.3,11.8,4.85,53.6,0.4,0.21,0.00,0.45,0.03,1.36,0.84,5.23,0.38,3.03,5.44,3.00,55.1%,1.64,0.45,27.7%,31.95,23.44,73.4%,11.76,7.85,66.8%,1.53,0.21,13.6%,0.00
Armindo Sieb,22,534,0.34,0.37,-0.04,3.03,1.01,11.11%,0.12,8.93,122.1,13.7,6.57,75.1,1.9,0.34,0.00,0.34,0.00,1.18,0.17,3.88,0.00,0.51,10.62,2.53,23.8%,5.73,2.02,35.3%,24.78,17.19,69.4%,12.64,8.26,65.3%,2.19,0.84,38.5%,0.00
Arnaud Kalimuendo,19,1420,0.38,0.26,0.12,1.90,1.01,20.00%,0.13,9.38,110.4,11.8,4.94,53.7,0.7,0.82,0.00,0.95,0.06,0.70,0.25,2.03,0.06,0.44,7.16,3.17,44.2%,3.49,0.76,21.8%,19.08,16.35,85.7%,8.68,6.85,78.8%,0.95,0.19,20.0%,0.13
Arnaud Nordin,13,466,0.00,0.15,-0.15,2.51,0.39,0.00%,0.06,12.17,153.3,12.6,7.53,89.8,2.3,1.16,0.00,0.19,0.00,1.93,0.77,4.83,0.19,1.16,8.30,5.21,62.8%,2.32,0.39,16.7%,30.90,25.49,82.5%,11.39,7.92,69.5%,3.48,0.58,16.7%,0.00
Arthur,20,1132,0.08,0.07,0.01,0.80,0.16,10.00%,0.09,10.73,117.0,10.9,5.64,52.4,0.7,0.40,0.08,0.24,0.16,1.59,1.35,4.69,0.16,2.23,8.59,3.50,40.7%,1.83,1.19,65.2%,36.57,30.61,83.7%,11.61,8.98,77.4%,2.62,0.56,21.2%,0.08
Arthur Chaves,15,1068,0.17,0.09,0.08,0.42,0.17,40.00%,0.22,4.21,45.4,10.8,2.28,26.4,1.0,0.00,0.00,0.08,0.00,2.19,1.01,3.03,0.84,6.40,5.90,3.29,55.7%,4.13,2.11,51.0%,38.01,31.18,82.0%,5.48,3.12,56.9%,0.25,0.00,0.0%,0.00
Arthur Theate,24,2143,0.04,0.05,-0.00,0.63,0.29,6.67%,0.07,14.11,146.4,10.4,7.94,87.7,0.5,0.13,0.00,0.13,0.00,1.47,1.26,3.28,0.67,5.67,3.32,2.14,64.6%,3.40,1.34,39.5%,68.33,61.44,89.9%,12.14,8.57,70.6%,0.55,0.04,7.7%,0.08
Assan Ouédraogo,19,954,0.38,0.23,0.15,2.55,1.23,14.81%,0.09,10.66,128.2,12.0,6.13,79.5,1.2,0.57,0.09,0.57,0.09,0.75,0.28,4.91,0.28,1.04,8.02,4.15,51.8%,1.23,0.57,46.2%,28.02,23.30,83.2%,10.66,8.30,77.9%,0.38,0.09,25.0%,0.00
Atakan Karazor,28,1890,0.00,0.03,-0.03,0.33,0.10,0.00%,0.10,6.90,60.5,8.8,2.71,24.5,0.4,0.00,0.00,0.05,0.00,2.00,0.76,3.43,0.38,2.52,6.05,4.00,66.1%,3.86,2.48,64.2%,52.10,44.29,85.0%,14.14,10.67,75.4%,0.24,0.05,20.0%,0.10
Aurèle Amenda,24,1676,0.00,0.04,-0.04,0.54,0.11,0.00%,0.08,12.78,127.8,10.0,7.57,71.1,0.5,0.05,0.00,0.05,0.00,0.81,1.40,4.08,0.38,6.39,3.17,1.61,50.8%,5.91,4.08,69.1%,73.94,64.87,87.7%,11.81,7.89,66.8%,0.32,0.05,16.7%,0.16
Ayoube Amaimouni-Echghouyab,17,580,0.31,0.08,0.23,1.86,1.09,16.67%,0.04,15.52,194.0,12.5,9.62,113.4,1.8,0.93,0.31,0.31,0.31,0.93,0.47,3.26,0.16,1.55,13.03,5.59,42.9%,1.09,0.00,0.0%,19.55,15.05,77.0%,9.31,6.52,70.0%,4.34,1.24,28.6%,0.00
Badredine Bouanani,14,458,0.00,0.19,-0.19,3.14,0.79,0.00%,0.06,17.29,201.3,11.6,9.04,100.5,2.2,0.79,0.00,0.59,0.00,0.79,0.79,3.73,0.00,0.79,7.27,2.75,37.8%,1.38,0.39,28.6%,39.69,30.85,77.7%,20.63,14.54,70.5%,4.72,0.98,20.8%,0.20
Bakery Jatta,15,918,0.10,0.08,0.02,1.08,0.39,9.09%,0.08,6.96,72.4,10.4,3.53,29.4,0.8,0.20,0.00,0.00,0.00,1.47,0.88,2.16,0.29,2.94,5.88,2.25,38.3%,2.06,0.59,28.6%,21.86,17.84,81.6%,8.04,5.20,64.6%,1.86,0.10,5.3%,0.00
Bazoumana Touré,30,2325,0.19,0.16,0.03,1.86,0.50,10.42%,0.09,14.52,201.8,13.9,9.48,125.7,0.5,0.43,0.00,0.74,0.08,1.32,0.23,4.92,0.08,0.77,10.49,4.30,41.0%,3.41,1.59,46.6%,25.59,19.47,76.1%,12.81,8.90,69.5%,4.45,1.51,33.9%,0.19
Benedict Hollerbach,14,882,0.10,0.21,-0.10,2.24,0.61,4.55%,0.09,9.69,133.6,13.8,6.43,95.7,1.5,0.61,0.00,0.20,0.00,1.33,0.10,3.16,0.10,0.31,11.43,3.88,33.9%,6.33,1.73,27.4%,18.78,13.57,72.3%,8.67,5.41,62.4%,2.04,0.31,15.0%,0.00
Benedikt Gimber,21,1437,0.00,0.02,-0.02,0.31,0.13,0.00%,0.05,9.90,102.4,10.3,5.01,43.7,0.5,0.00,0.00,0.00,0.00,2.19,0.81,3.01,0.44,5.57,7.45,4.45,59.7%,2.88,1.69,58.7%,41.52,34.82,83.9%,4.45,2.44,54.9%,0.31,0.19,60.0%,0.00
Bernardo,29,2318,0.00,0.02,-0.02,0.39,0.00,0.00%,0.05,8.00,81.3,10.2,5.01,49.9,0.4,0.00,0.00,0.08,0.00,2.64,1.55,4.00,0.43,5.05,5.59,3.22,57.6%,6.13,3.96,64.6%,48.53,38.52,79.4%,13.32,8.58,64.4%,0.62,0.08,12.5%,0.04
Bilal El Khannouss,25,1634,0.22,0.17,0.05,2.31,0.83,9.52%,0.08,14.21,165.4,11.6,6.77,64.9,0.5,0.77,0.06,0.72,0.11,1.54,0.55,3.03,0.17,0.50,6.22,3.03,48.7%,1.87,1.10,58.8%,52.00,41.25,79.3%,24.68,18.07,73.2%,1.87,0.66,35.3%,0.44
Brajan Gruda,13,755,0.36,0.41,-0.05,2.62,1.19,13.64%,0.16,13.83,183.0,13.2,7.75,102.1,1.6,0.72,0.00,0.72,0.36,0.95,0.00,5.01,0.00,0.60,10.01,4.89,48.8%,1.79,0.60,33.3%,30.99,24.32,78.5%,15.85,11.92,75.2%,1.79,0.60,33.3%,0.36
Bruno Ogbus,18,1175,0.00,0.03,-0.03,0.38,0.15,0.00%,0.07,15.01,182.0,12.1,7.05,81.4,0.9,0.00,0.00,0.00,0.00,1.76,0.84,3.75,1.30,5.82,4.98,2.76,55.4%,3.98,1.76,44.2%,47.41,43.43,91.6%,5.29,3.91,73.9%,0.23,0.08,33.3%,0.00
Budu Zivzivadze,20,1146,0.47,0.42,0.05,2.20,1.10,21.43%,0.19,7.15,88.1,12.3,3.14,22.8,0.6,0.31,0.08,0.16,0.00,1.10,0.08,2.51,0.16,0.94,7.85,3.14,40.0%,4.71,1.26,26.7%,17.20,12.41,72.2%,7.54,5.34,70.8%,0.47,0.00,0.0%,0.08
Cameron Puertas,28,1853,0.05,0.09,-0.04,1.80,0.39,2.70%,0.05,11.17,115.1,10.3,4.95,45.6,0.4,0.34,0.00,0.15,0.00,2.91,0.92,5.10,0.39,1.07,10.20,4.71,46.2%,1.75,0.63,36.1%,42.74,36.43,85.2%,12.19,9.33,76.5%,1.41,0.15,10.3%,0.10
Can Uzun,21,1164,0.62,0.30,0.31,3.17,1.47,19.51%,0.10,14.92,158.9,10.6,6.57,47.3,0.6,1.01,0.08,0.31,0.08,1.16,0.15,4.33,0.15,0.39,9.82,4.41,44.9%,0.85,0.46,54.5%,45.85,37.42,81.6%,21.26,15.62,73.5%,1.39,0.23,16.7%,0.70
Carney Chukwuemeka,28,907,0.20,0.19,0.01,1.79,0.20,11.11%,0.11,15.08,172.3,11.4,7.14,84.5,1.2,0.10,0.00,0.20,0.00,2.08,0.60,4.86,0.10,0.50,11.51,5.76,50.0%,2.08,0.60,28.6%,38.00,32.35,85.1%,18.85,15.18,80.5%,0.10,0.00,0.0%,0.40
Castello Lukeba,26,2177,0.04,0.05,-0.01,0.33,0.08,12.50%,0.15,16.33,171.2,10.5,8.47,100.3,0.5,0.04,0.00,0.08,0.00,1.28,1.24,5.25,0.83,5.13,3.64,2.65,72.7%,2.56,1.28,50.0%,71.07,64.08,90.2%,9.10,5.95,65.5%,0.17,0.00,0.0%,0.08
Cenk Özkacar,25,1793,0.00,0.05,-0.05,0.55,0.20,0.00%,0.09,13.30,136.2,10.2,7.83,82.0,0.5,0.00,0.00,0.00,0.00,1.66,1.20,2.86,0.70,5.87,4.27,2.26,52.9%,5.17,3.11,60.2%,54.61,47.38,86.8%,9.34,6.37,68.3%,0.15,0.00,0.0%,0.00
Chema Andres,25,1306,0.21,0.10,0.11,1.03,0.41,20.00%,0.09,8.06,80.6,10.0,3.51,34.0,0.7,0.00,0.00,0.00,0.00,2.07,2.21,5.58,0.76,3.10,4.62,2.62,56.7%,6.41,3.58,55.9%,50.10,42.52,84.9%,13.71,11.09,80.9%,0.00,0.00,0.0%,0.07
Chris Führich,33,1705,0.37,0.22,0.14,2.38,1.21,15.56%,0.09,19.64,252.1,12.8,10.19,115.8,0.6,0.95,0.16,1.16,0.16,0.79,0.16,4.33,0.00,0.48,5.17,2.59,50.0%,0.69,0.21,30.8%,46.50,38.59,83.0%,22.91,17.37,75.8%,3.01,1.16,38.6%,0.37
Chrislain Matsima,18,1490,0.06,0.03,0.04,0.42,0.06,14.29%,0.06,7.07,68.5,9.7,2.78,20.4,0.4,0.00,0.00,0.00,0.00,1.15,1.81,4.47,1.15,5.56,2.48,1.39,56.1%,3.20,2.36,73.6%,45.79,38.96,85.1%,6.16,3.81,61.8%,0.24,0.06,25.0%,0.00
Christian Eriksen,31,2419,0.11,0.22,-0.11,1.41,0.52,7.89%,0.15,8.56,81.6,9.5,3.72,32.3,0.3,0.22,0.00,0.41,0.07,1.41,0.67,4.54,0.30,1.64,4.73,1.97,41.7%,0.93,0.37,40.0%,43.20,33.56,77.7%,15.14,10.16,67.1%,1.26,0.33,26.5%,0.60
Christian Günter,24,1550,0.00,0.02,-0.02,0.52,0.00,0.00%,0.04,4.53,40.8,9.0,2.55,18.7,0.4,0.12,0.00,0.23,0.06,1.10,0.52,2.15,0.35,1.92,2.90,1.57,54.0%,1.10,0.58,52.6%,29.85,23.52,78.8%,9.17,6.50,70.9%,2.85,0.81,28.6%,0.00
Christian Kofane,29,1235,0.36,0.50,-0.13,3.35,1.38,10.87%,0.15,4.66,50.2,10.8,2.77,27.9,0.7,0.66,0.00,0.29,0.22,0.95,0.15,1.89,0.07,1.24,6.34,2.62,41.4%,5.25,2.33,44.4%,14.79,12.24,82.8%,7.58,5.90,77.9%,0.00,0.00,0.0%,0.00
Christoph Baumgartner,33,2789,0.42,0.50,-0.08,2.61,1.13,16.05%,0.19,7.58,83.1,11.0,4.07,39.9,0.3,0.19,0.03,0.19,0.03,1.74,0.68,3.65,0.13,1.39,7.65,3.23,42.2%,3.84,1.90,49.6%,36.14,27.36,75.7%,12.13,7.20,59.3%,0.16,0.06,40.0%,0.58
Christopher Trimmel,29,1869,0.00,0.00,-0.00,0.24,0.05,0.00%,0.02,6.26,67.5,10.8,4.04,45.4,0.5,0.05,0.00,0.24,0.00,1.83,0.53,3.71,0.39,3.61,4.48,2.31,51.6%,1.25,0.72,57.7%,32.70,22.25,68.0%,12.62,6.89,54.6%,3.03,0.82,27.0%,0.05
Connor Metcalfe,25,575,0.00,0.10,-0.10,2.50,0.63,0.00%,0.04,9.55,104.3,10.9,4.70,56.6,1.9,1.10,0.00,0.31,0.00,2.35,0.94,2.82,0.00,0.78,9.08,3.60,39.7%,2.50,1.10,43.8%,30.52,22.54,73.8%,14.87,10.49,70.5%,2.82,0.78,27.8%,0.16
Conrad Harder,29,919,0.29,0.39,-0.10,4.11,1.27,7.14%,0.10,7.93,98.4,12.4,4.80,62.5,1.3,0.88,0.00,0.29,0.10,0.98,0.59,2.15,0.10,0.78,9.40,3.23,34.4%,5.58,2.15,38.6%,19.10,13.51,70.8%,7.15,4.70,65.8%,1.27,0.10,7.7%,0.00
Cédric Zesiger,27,1812,0.00,0.04,-0.04,0.60,0.15,0.00%,0.07,8.39,87.4,10.4,4.72,48.7,0.5,0.05,0.00,0.15,0.00,1.69,0.89,3.18,0.89,5.81,4.77,2.58,54.2%,3.08,1.74,56.5%,46.84,38.25,81.7%,10.78,7.45,69.1%,1.64,0.50,30.3%,0.05
Damion Downs,12,537,0.00,0.10,-0.10,1.17,0.67,0.00%,0.08,5.03,54.1,10.8,2.18,17.1,1.3,0.67,0.00,0.17,0.00,1.01,0.00,1.34,0.17,1.01,4.86,1.51,31.0%,5.36,1.17,21.9%,11.73,9.22,78.6%,4.86,3.18,65.5%,0.00,0.00,0.0%,0.00
Danel Sinani,30,2068,0.22,0.22,-0.00,2.22,0.78,9.80%,0.10,9.01,86.5,9.6,4.26,34.6,0.4,0.52,0.00,0.35,0.04,1.09,0.30,4.70,0.04,0.57,7.14,2.79,39.0%,2.31,0.48,20.8%,41.52,30.81,74.2%,17.97,11.58,64.4%,2.22,0.52,23.5%,0.48
Daniel Elfadli,21,1253,0.00,0.03,-0.03,0.29,0.07,0.00%,0.10,12.14,128.4,10.6,6.18,58.4,0.7,0.00,0.00,0.07,0.00,1.58,1.44,2.73,0.50,4.31,5.17,2.80,54.2%,2.94,1.36,46.3%,47.84,44.68,93.4%,2.94,2.44,82.9%,0.00,0.00,0.0%,0.00
Daniel Svensson,33,2452,0.07,0.07,0.01,0.44,0.15,16.67%,0.15,6.83,75.1,11.0,3.49,32.3,0.3,0.07,0.00,0.18,0.00,1.39,0.73,3.23,0.29,2.86,5.07,2.61,51.4%,2.02,0.81,40.0%,30.83,25.73,83.5%,10.61,8.19,77.2%,2.35,0.40,17.2%,0.00
Danilho Doekhi,34,3060,0.15,0.13,0.02,1.35,0.32,10.87%,0.09,7.62,75.1,9.9,3.82,33.7,0.3,0.03,0.00,0.00,0.00,1.29,1.18,3.12,0.71,5.56,3.18,1.79,56.5%,6.97,4.59,65.8%,37.00,28.62,77.3%,7.74,3.79,49.0%,0.18,0.03,16.7%,0.00
Danny da Costa,34,2697,0.07,0.05,0.01,0.47,0.17,14.29%,0.12,8.61,91.1,10.6,4.44,46.4,0.3,0.03,0.00,0.20,0.00,1.43,1.00,3.94,0.50,5.24,4.54,2.70,59.6%,3.07,1.67,54.3%,38.21,28.93,75.7%,10.58,6.07,57.4%,1.60,0.57,35.4%,0.03
David Raum,30,2556,0.11,0.08,0.03,0.85,0.28,12.50%,0.09,12.61,137.8,10.9,8.03,91.7,0.4,0.11,0.00,0.25,0.00,1.69,1.06,5.39,0.28,3.66,5.74,2.85,49.7%,1.30,0.56,43.2%,59.72,48.24,80.8%,17.61,12.32,70.0%,3.56,0.92,25.7%,0.32
Dayot Upamecano,24,1797,0.05,0.05,-0.00,0.40,0.10,12.50%,0.13,21.04,200.8,9.5,10.52,88.6,0.4,0.00,0.00,0.15,0.00,2.20,0.95,6.06,0.25,2.60,4.56,2.65,58.2%,3.01,1.70,56.7%,82.59,76.48,92.6%,14.17,11.82,83.4%,0.35,0.15,42.9%,0.15
Denis Huseinbasic,15,725,0.00,0.05,-0.05,0.74,0.00,0.00%,0.07,15.52,184.0,11.9,9.43,101.4,1.3,0.25,0.00,0.00,0.00,2.11,0.50,3.97,0.12,1.24,5.46,3.23,59.1%,0.87,0.50,57.1%,53.38,48.29,90.5%,11.05,8.69,78.7%,0.12,0.00,0.0%,0.12
Denis Vavro,17,1174,0.08,0.07,0.01,0.92,0.38,8.33%,0.08,6.67,60.9,9.1,2.68,20.3,0.6,0.15,0.00,0.08,0.00,0.61,1.07,2.45,0.61,10.89,2.53,1.07,42.4%,3.91,2.45,62.7%,39.71,33.88,85.3%,6.52,3.37,51.8%,0.31,0.15,50.0%,0.00
Deniz Undav,29,2247,0.76,0.65,0.11,4.89,1.84,15.57%,0.13,6.85,61.6,9.0,3.12,27.3,0.4,1.16,0.12,0.40,0.08,0.72,0.16,2.16,0.08,0.28,5.29,1.96,37.1%,3.85,1.44,37.5%,25.03,18.18,72.6%,12.98,8.93,68.8%,0.48,0.04,8.3%,0.44
Derrick Köhn,29,1902,0.05,0.10,-0.05,1.32,0.24,3.57%,0.08,6.77,66.1,9.8,3.83,33.1,0.4,0.09,0.00,0.09,0.05,1.61,0.38,4.16,0.24,1.89,6.62,2.89,43.6%,0.57,0.28,50.0%,26.36,20.11,76.3%,9.23,6.01,65.1%,3.55,0.95,26.7%,0.05
Derry Scherhant,31,1292,0.35,0.18,0.17,2.51,0.91,13.89%,0.07,12.05,155.5,12.9,7.45,93.3,0.9,0.63,0.00,0.70,0.07,1.39,0.49,3.69,0.28,1.25,14.14,5.99,42.4%,1.81,0.42,23.1%,15.74,11.91,75.7%,6.69,4.67,69.8%,1.95,0.35,17.9%,0.07
Dimitrios Giannoulis,27,1901,0.09,0.06,0.04,0.47,0.28,20.00%,0.12,7.57,79.3,10.5,5.16,49.2,0.5,0.00,0.00,0.38,0.05,1.28,0.90,5.02,0.52,3.17,5.54,3.12,56.4%,1.33,0.57,42.9%,31.06,22.16,71.3%,12.07,7.86,65.1%,4.59,1.42,30.9%,0.00
Diogo Leite,23,1970,0.00,0.06,-0.06,0.46,0.05,0.00%,0.12,8.91,88.9,10.0,5.07,52.0,0.5,0.00,0.00,0.09,0.00,1.51,1.96,3.52,0.46,6.58,5.07,2.88,56.8%,5.12,2.88,56.3%,48.38,37.01,76.5%,11.15,6.03,54.1%,0.32,0.14,42.9%,0.00
Dominik Kohr,29,2345,0.08,0.06,0.02,0.58,0.15,13.33%,0.10,9.17,92.1,10.0,5.14,53.1,0.4,0.12,0.04,0.15,0.00,1.84,1.73,3.61,0.65,5.10,6.52,3.61,55.3%,3.30,1.54,46.5%,43.18,36.12,83.6%,10.44,6.99,66.9%,0.65,0.08,11.8%,0.04
Dzenan Pejcinovic,30,1454,0.50,0.49,0.01,3.09,1.42,16.00%,0.16,4.27,39.5,9.2,1.80,15.5,0.5,0.68,0.00,0.06,0.00,0.62,0.19,1.98,0.19,1.05,3.84,1.30,33.9%,8.54,3.16,37.0%,23.65,16.03,67.8%,9.35,5.76,61.6%,0.31,0.06,20.0%,0.00
Edmond Tapsoba,29,2576,0.17,0.09,0.09,1.01,0.35,17.24%,0.09,22.78,227.1,10.0,13.03,125.6,0.3,0.14,0.00,0.14,0.03,1.08,0.70,5.38,0.56,4.89,2.93,1.43,48.8%,4.12,2.45,59.3%,84.17,76.55,91.0%,13.38,10.69,79.9%,0.42,0.14,33.3%,0.07
El Chadaille Bitshiabu,11,654,0.00,0.02,-0.02,0.28,0.00,0.00%,0.08,16.10,149.5,9.3,7.43,74.6,1.4,0.00,0.00,0.14,0.00,1.10,0.96,3.85,1.24,6.06,2.20,1.10,50.0%,3.03,1.38,45.5%,77.06,71.56,92.9%,6.47,5.09,78.7%,0.00,0.00,0.0%,0.00
Elias Saad,10,499,0.00,0.10,-0.10,1.26,0.54,0.00%,0.08,13.71,156.5,11.4,8.12,90.8,2.0,0.54,0.00,0.90,0.00,2.71,0.18,4.87,0.18,0.36,15.51,7.58,48.8%,2.34,1.08,46.2%,27.41,21.82,79.6%,13.35,10.46,78.4%,1.26,0.00,0.0%,0.00
Ellyes Skhiri,25,1442,0.00,0.04,-0.04,0.50,0.00,0.00%,0.08,11.17,101.4,9.1,4.99,42.0,0.5,0.06,0.00,0.00,0.00,1.25,1.62,4.68,0.37,2.00,4.68,2.50,53.3%,3.06,1.50,49.0%,56.80,49.99,88.0%,10.92,7.86,72.0%,0.25,0.12,50.0%,0.00
Elvis Rexhbeçaj,26,1109,0.16,0.04,0.12,0.89,0.41,18.18%,0.05,7.63,74.3,9.7,4.06,36.5,0.7,0.24,0.00,0.32,0.00,1.46,0.41,4.06,0.08,1.62,7.14,3.17,44.3%,2.03,0.97,48.0%,32.95,25.48,77.3%,11.44,7.79,68.1%,1.38,0.16,11.8%,0.00
Emre Can,9,621,0.43,0.36,0.08,0.72,0.58,60.00%,0.49,13.04,143.8,11.0,6.23,69.3,1.6,0.14,0.00,0.00,0.00,1.74,2.32,5.94,1.01,5.22,6.96,3.62,52.1%,4.78,2.61,54.5%,65.22,56.23,86.2%,12.75,8.99,70.5%,0.29,0.00,0.0%,0.00
Equi Fernández,20,987,0.00,0.06,-0.06,1.00,0.09,0.00%,0.06,15.05,136.7,9.1,5.74,39.5,0.6,0.09,0.00,0.27,0.09,2.83,1.09,6.11,0.27,1.55,10.12,5.74,56.8%,2.37,0.82,34.6%,75.32,67.39,89.5%,17.05,13.31,78.1%,0.36,0.00,0.0%,0.27
Eren Dinkçi,22,1380,0.20,0.26,-0.07,1.89,0.59,10.34%,0.14,9.85,115.5,11.7,5.48,64.5,0.8,0.52,0.13,0.26,0.00,1.63,0.65,5.28,0.07,0.98,6.72,2.67,39.8%,0.91,0.26,28.6%,26.41,18.65,70.6%,9.78,5.87,60.0%,2.02,0.52,25.8%,0.13
Eric Martel,31,2564,0.07,0.09,-0.02,0.81,0.14,8.70%,0.11,9.93,96.1,9.7,3.48,22.0,0.2,0.07,0.00,0.04,0.00,1.61,1.23,3.72,0.77,4.39,6.18,3.30,53.4%,5.93,3.23,54.4%,49.77,42.96,86.3%,8.71,6.32,72.6%,0.39,0.14,36.4%,0.07
Eric Smith,27,2314,0.08,0.02,0.06,0.47,0.19,16.67%,0.05,10.07,98.3,9.8,4.82,46.1,0.4,0.00,0.00,0.00,0.00,1.32,0.89,5.13,0.62,4.04,4.47,2.80,62.6%,2.33,1.17,50.0%,57.10,48.38,84.7%,11.78,6.88,58.4%,0.62,0.08,12.5%,0.00
Ermedin Demirovic,25,1498,0.72,0.45,0.27,2.46,1.32,29.27%,0.18,4.27,39.0,9.1,1.92,17.3,0.5,0.30,0.06,0.42,0.06,0.84,0.06,2.34,0.06,0.72,6.97,2.76,39.7%,5.29,1.86,35.2%,15.02,10.99,73.2%,7.93,5.71,72.0%,0.06,0.00,0.0%,0.24
Ernest Poku,29,1484,0.30,0.18,0.13,1.64,0.55,18.52%,0.11,15.22,193.9,12.7,10.13,124.4,0.7,0.55,0.12,1.03,0.18,0.79,0.49,2.67,0.06,0.91,8.67,3.52,40.6%,1.27,0.18,14.3%,33.84,28.14,83.2%,15.77,12.31,78.1%,0.73,0.00,0.0%,0.00
Exequiel Palacios,18,1097,0.00,0.05,-0.05,0.82,0.16,0.00%,0.06,20.26,199.8,9.9,9.52,88.5,0.8,0.00,0.00,0.33,0.00,1.72,0.66,8.04,0.25,1.64,6.32,3.53,55.8%,0.74,0.33,44.4%,96.73,87.70,90.7%,30.44,25.43,83.6%,0.16,0.00,0.0%,0.16
Ezechiel Banzuzi,24,578,0.00,0.22,-0.22,2.34,0.62,0.00%,0.09,9.19,87.7,9.5,3.58,39.0,1.7,0.16,0.00,0.00,0.00,2.34,1.25,5.61,0.47,5.14,7.32,3.74,51.1%,7.16,3.89,54.3%,44.38,37.68,84.9%,14.48,11.99,82.8%,0.78,0.00,0.0%,0.00
Fabian Rieder,32,2352,0.23,0.16,0.07,1.45,0.50,15.79%,0.11,9.60,101.1,10.5,4.82,46.5,0.4,0.23,0.00,0.31,0.08,1.42,0.61,4.17,0.11,0.61,8.15,3.56,43.7%,2.07,0.54,25.9%,31.45,23.84,75.8%,15.08,10.56,70.0%,1.91,0.46,24.0%,0.27
Fabio Chiarodia,15,673,0.00,0.08,-0.08,0.53,0.13,0.00%,0.15,12.57,129.9,10.3,5.62,53.6,1.3,0.13,0.00,0.00,0.00,2.01,1.60,4.41,0.80,5.75,4.15,2.27,54.8%,1.74,0.80,46.2%,58.97,50.68,85.9%,6.29,3.61,57.5%,0.00,0.00,0.0%,0.00
Farès Chaïbi,28,1797,0.10,0.14,-0.04,1.75,0.45,5.71%,0.08,8.86,95.7,10.8,4.91,44.0,0.4,0.30,0.00,0.25,0.15,1.55,0.70,4.11,0.10,1.45,6.01,3.16,52.5%,2.50,1.15,46.0%,40.07,31.60,78.9%,15.88,11.17,70.3%,1.85,0.30,16.2%,0.15
Felix Agu,11,746,0.00,0.01,-0.01,0.24,0.12,0.00%,0.03,10.13,105.2,10.4,5.07,39.2,0.9,0.12,0.00,0.24,0.00,2.41,1.33,4.95,0.72,2.65,7.12,4.71,66.1%,2.17,1.69,77.8%,34.99,27.75,79.3%,10.50,7.12,67.8%,1.57,0.60,38.5%,0.12
Felix Nmecha,29,2184,0.08,0.15,-0.07,1.36,0.29,6.06%,0.11,11.29,136.0,12.0,6.06,72.7,0.5,0.21,0.00,0.08,0.00,1.52,1.11,4.49,0.16,1.20,6.96,3.71,53.3%,1.77,1.11,62.8%,44.30,38.61,87.2%,15.37,11.79,76.7%,0.29,0.08,28.6%,0.12
Finn Jeltsch,23,1506,0.00,0.01,-0.01,0.18,0.00,0.00%,0.05,18.71,209.2,11.2,7.95,90.8,0.7,0.00,0.00,0.30,0.06,1.43,1.14,4.78,0.84,4.12,4.54,2.69,59.2%,3.47,1.73,50.0%,62.39,56.65,90.8%,9.74,7.53,77.3%,0.18,0.00,0.0%,0.06
Fisnik Asllani,33,2354,0.38,0.32,0.06,2.79,1.07,13.70%,0.11,5.73,54.6,9.5,2.41,20.8,0.3,0.50,0.04,0.27,0.08,0.65,0.27,2.91,0.00,0.80,6.23,2.68,42.9%,3.48,0.92,26.4%,24.93,17.09,68.6%,11.36,6.58,57.9%,0.34,0.11,33.3%,0.42
Florian Neuhaus,17,934,0.00,0.10,-0.10,2.12,0.58,0.00%,0.05,11.85,133.8,11.3,6.17,74.5,1.2,0.58,0.00,0.39,0.00,1.16,0.87,4.34,0.39,1.16,6.26,2.60,41.5%,0.87,0.19,22.2%,47.41,37.87,79.9%,14.16,9.25,65.3%,0.67,0.10,14.3%,0.39
Franck Honorat,28,1987,0.09,0.04,0.05,0.77,0.23,11.76%,0.05,7.52,97.3,12.9,4.89,66.1,0.6,0.14,0.00,0.59,0.14,1.00,0.27,3.13,0.18,1.13,5.44,2.04,37.5%,1.27,0.54,42.9%,26.18,19.48,74.4%,11.82,7.97,67.4%,4.03,1.04,25.8%,0.18
Fábio Silva,28,805,0.22,0.30,-0.07,2.57,0.89,8.70%,0.11,8.94,107.3,12.0,5.37,61.0,1.3,0.22,0.00,0.78,0.22,0.78,0.22,2.91,0.11,0.11,9.17,3.24,35.4%,5.37,1.57,29.2%,29.96,21.69,72.4%,16.55,11.40,68.9%,1.45,0.34,23.1%,0.11
Fábio Vieira,29,2215,0.28,0.19,0.10,2.40,0.77,11.86%,0.08,9.79,113.1,11.6,4.39,47.3,0.4,0.49,0.04,0.33,0.04,0.81,0.53,5.12,0.08,0.85,6.91,3.90,56.5%,1.30,0.41,31.3%,34.46,28.60,83.0%,12.07,8.98,74.4%,0.77,0.24,31.6%,0.33
Giorgi Gocholeishvili,24,931,0.00,0.07,-0.07,1.35,0.19,0.00%,0.05,9.28,106.7,11.5,5.99,66.4,1.1,0.39,0.00,0.19,0.00,2.42,0.77,5.03,0.10,2.51,11.41,5.90,51.7%,2.42,1.06,44.0%,23.68,17.69,74.7%,7.06,3.87,54.8%,2.03,0.58,28.6%,0.00
Giovanni Reyna,19,510,0.18,0.12,0.06,1.24,0.35,14.29%,0.10,16.06,175.1,10.9,6.53,60.3,1.6,0.35,0.00,1.06,0.00,1.59,0.88,4.59,0.18,1.94,9.53,5.12,53.7%,3.53,0.71,20.0%,52.06,43.94,84.4%,17.65,13.59,77.0%,1.24,0.18,14.3%,0.00
Grischa Prömel,33,1746,0.36,0.26,0.10,2.22,0.72,16.28%,0.12,9.90,105.9,10.7,5.05,43.1,0.4,0.41,0.05,0.26,0.00,1.86,0.82,5.26,0.26,2.37,6.39,3.61,56.5%,3.40,1.39,40.9%,47.84,39.23,82.0%,14.90,10.98,73.7%,0.57,0.10,18.2%,0.26
Han-Noah Massengo,33,2435,0.07,0.05,0.03,0.74,0.22,10.00%,0.06,10.83,114.8,10.6,4.99,44.8,0.3,0.15,0.00,0.18,0.00,1.52,1.40,5.10,0.33,1.59,5.95,3.33,55.9%,1.52,0.63,41.5%,41.25,35.41,85.8%,10.42,7.54,72.3%,0.59,0.04,6.3%,0.00
Haris Tabakovic,32,2394,0.49,0.49,0.00,2.52,1.02,19.40%,0.19,2.82,24.5,8.7,0.94,5.7,0.2,0.23,0.00,0.15,0.04,0.38,0.00,1.62,0.19,2.26,4.62,1.24,26.8%,7.89,3.95,50.0%,18.23,12.33,67.6%,6.20,3.42,55.1%,0.08,0.00,0.0%,0.15
Harry Kane,31,2382,1.36,1.01,0.35,4.50,2.53,30.25%,0.23,8.31,84.1,10.1,3.51,27.3,0.3,0.68,0.23,0.30,0.08,0.72,0.30,2.91,0.23,1.25,6.39,3.14,49.1%,2.64,1.62,61.4%,27.47,22.25,81.0%,13.72,10.16,74.1%,0.45,0.04,8.3%,0.64
Hauke Wahl,30,2591,0.07,0.02,0.05,0.35,0.14,20.00%,0.06,10.52,117.8,11.2,6.70,75.7,0.4,0.00,0.00,0.00,0.00,1.49,1.04,3.99,0.63,5.63,2.95,1.98,67.1%,4.20,1.91,45.5%,55.16,47.62,86.3%,10.21,6.39,62.6%,0.42,0.03,8.3%,0.03
Hennes Behrens,16,1319,0.07,0.02,0.05,0.61,0.27,11.11%,0.04,9.76,103.4,10.6,5.25,49.8,0.6,0.20,0.07,0.34,0.00,1.91,1.09,5.39,0.41,3.14,7.44,4.78,64.2%,1.91,0.96,50.0%,32.07,23.27,72.5%,9.76,5.66,58.0%,2.66,0.61,23.1%,0.07
Hiroki Ito,16,921,0.10,0.08,0.01,0.98,0.29,10.00%,0.09,13.78,131.8,9.6,7.04,61.9,0.9,0.00,0.00,0.10,0.10,0.39,1.37,3.62,0.29,3.62,2.15,1.07,50.0%,3.13,2.05,65.6%,78.96,71.92,91.1%,18.18,15.05,82.8%,0.68,0.00,0.0%,0.00
Hugo Bolin,13,547,0.16,0.13,0.03,2.47,0.66,6.67%,0.05,8.88,101.5,11.4,4.94,59.1,2.0,0.33,0.00,0.49,0.16,0.66,0.16,4.77,0.00,0.66,7.07,3.13,44.2%,0.99,0.49,50.0%,22.54,18.43,81.8%,8.72,6.58,75.5%,2.47,0.16,6.7%,0.16
Hugo Larsson,25,1820,0.10,0.07,0.03,0.64,0.30,15.38%,0.11,8.11,85.9,10.6,3.66,30.9,0.4,0.20,0.00,0.15,0.00,0.94,1.53,3.76,0.25,1.93,2.62,1.24,47.2%,1.04,0.45,42.9%,50.88,44.16,86.8%,12.31,9.35,75.9%,0.45,0.20,44.4%,0.10
Ibrahim Maza,28,1852,0.15,0.26,-0.11,2.62,0.83,5.56%,0.10,16.57,183.3,11.1,9.33,102.9,0.5,0.63,0.05,0.63,0.05,1.99,0.78,4.23,0.05,0.63,10.74,6.07,56.6%,1.26,0.39,30.8%,43.30,35.96,83.0%,20.41,14.72,72.1%,2.92,0.63,21.7%,0.39
Igor Matanovic,31,1561,0.63,0.53,0.10,3.00,1.15,21.15%,0.18,3.75,36.4,9.7,1.90,17.4,0.5,0.23,0.00,0.00,0.00,1.33,0.52,2.94,0.12,2.02,8.88,3.29,37.0%,9.22,4.79,51.9%,18.33,11.47,62.6%,8.01,4.15,51.8%,0.00,0.00,0.0%,0.12
Ilyas Ansah,33,1902,0.24,0.15,0.08,1.56,0.57,15.15%,0.10,9.79,117.3,12.0,5.63,60.7,0.5,0.43,0.00,0.24,0.00,0.80,0.24,3.69,0.14,0.80,10.84,3.97,36.7%,3.31,0.80,24.3%,14.15,10.60,74.9%,6.91,4.83,69.9%,0.90,0.19,21.1%,0.28
Isaac Schmidt,19,677,0.13,0.14,-0.00,0.80,0.27,16.67%,0.17,13.83,147.9,10.7,6.38,58.5,1.2,0.13,0.13,0.40,0.00,2.13,1.46,5.05,0.00,2.66,7.31,3.86,52.7%,3.06,2.13,69.6%,46.26,35.76,77.3%,15.16,11.57,76.3%,0.93,0.13,14.3%,0.27
Jackson Irvine,24,1624,0.00,0.08,-0.08,1.05,0.22,0.00%,0.08,5.15,56.4,10.9,2.88,34.4,0.7,0.00,0.00,0.00,0.00,1.88,1.50,4.05,0.44,2.83,5.76,3.10,53.8%,5.21,2.60,50.0%,38.07,27.38,71.9%,15.63,9.53,61.0%,0.67,0.11,16.7%,0.22
Jahmai Simpson-Pusey,11,864,0.00,0.04,-0.04,0.63,0.31,0.00%,0.07,13.44,123.6,9.2,6.88,63.5,1.0,0.00,0.00,0.00,0.00,0.94,1.35,3.23,0.73,6.46,2.19,1.67,76.2%,3.85,2.50,64.9%,56.04,48.54,86.6%,6.98,3.75,53.7%,0.10,0.00,0.0%,0.10
Jakub Kaminski,34,3019,0.21,0.21,-0.00,1.88,0.78,11.11%,0.11,10.20,123.7,12.1,5.69,65.0,0.3,0.63,0.00,0.45,0.03,1.34,0.69,3.58,0.24,1.10,5.90,2.89,49.0%,1.46,0.42,28.6%,30.20,24.18,80.1%,14.19,10.55,74.4%,1.55,0.36,23.1%,0.27
Jamal Musiala,15,679,0.40,0.64,-0.24,3.98,1.19,10.00%,0.16,15.64,159.7,10.2,7.69,72.9,1.3,1.19,0.00,0.27,0.27,1.46,0.27,3.71,0.00,0.13,13.92,6.63,47.6%,0.27,0.27,100.0%,38.70,32.87,84.9%,20.41,15.91,77.9%,0.53,0.00,0.0%,0.27
James Sands,24,1941,0.05,0.05,-0.00,0.74,0.19,6.25%,0.06,4.87,49.0,10.1,2.27,17.1,0.3,0.05,0.00,0.05,0.00,1.95,1.95,3.89,0.32,1.85,6.26,3.62,57.8%,5.05,2.83,56.0%,40.85,30.83,75.5%,11.92,7.70,64.6%,0.42,0.14,33.3%,0.00
Jamie Leweling,32,2375,0.27,0.16,0.10,1.86,0.68,14.29%,0.09,13.95,179.9,12.9,7.20,88.0,0.5,1.10,0.08,0.91,0.23,0.83,0.53,3.68,0.08,1.14,7.47,3.68,49.2%,1.10,0.45,41.4%,28.65,22.17,77.4%,12.77,8.83,69.1%,4.62,1.17,25.4%,0.30
Jan Schöppner,31,2260,0.12,0.09,0.03,1.00,0.28,12.00%,0.09,7.09,72.6,10.2,3.42,27.1,0.3,0.04,0.00,0.16,0.04,1.27,1.35,3.86,0.44,3.90,5.93,2.35,39.6%,3.90,1.91,49.0%,27.76,18.88,68.0%,8.96,5.22,58.2%,0.56,0.12,21.4%,0.16
Jan Thielmann,26,1547,0.17,0.13,0.04,1.63,0.64,10.71%,0.08,7.33,83.6,11.4,4.42,43.0,0.6,0.17,0.00,0.17,0.06,1.05,0.87,3.55,0.17,2.56,5.99,2.79,46.6%,1.98,1.11,55.9%,23.62,17.74,75.1%,9.02,6.40,71.0%,2.09,0.70,33.3%,0.17
Janik Haberer,28,1652,0.00,0.03,-0.03,0.60,0.05,0.00%,0.05,4.96,45.0,9.1,1.74,7.2,0.2,0.05,0.00,0.16,0.00,1.91,0.44,3.92,0.16,2.34,6.76,3.27,48.4%,3.00,1.14,38.2%,31.92,24.35,76.3%,9.75,5.88,60.3%,1.53,0.65,42.9%,0.11
Jarell Quansah,28,2302,0.16,0.11,0.05,0.70,0.31,22.22%,0.16,15.09,168.6,11.2,7.70,86.5,0.4,0.12,0.00,0.12,0.00,1.09,1.06,3.83,0.55,3.48,4.07,2.42,59.6%,2.66,1.60,60.3%,64.04,57.82,90.3%,14.35,11.85,82.6%,0.78,0.16,20.0%,0.12
Jean-Luc Dompé,20,1136,0.24,0.16,0.07,1.98,0.95,12.00%,0.08,12.20,139.1,11.4,7.05,78.7,0.9,0.79,0.08,1.19,0.00,0.40,0.00,1.82,0.00,0.08,5.15,2.77,53.8%,0.24,0.00,0.0%,22.74,18.38,80.8%,11.65,8.87,76.2%,4.83,1.19,24.6%,0.40
Jean-Mattéo Bahoya,27,1329,0.20,0.14,0.07,1.96,0.61,10.34%,0.07,14.70,192.5,13.1,8.60,108.4,0.9,0.95,0.00,1.15,0.20,2.10,0.88,4.06,0.14,0.88,10.90,6.37,58.4%,1.76,0.47,26.9%,30.14,24.24,80.5%,11.04,8.13,73.6%,2.23,0.47,21.2%,0.07
Jeanuël Belocian,22,1543,0.00,0.03,-0.03,0.23,0.00,0.00%,0.12,10.32,102.0,9.9,5.07,50.7,0.6,0.06,0.00,0.06,0.00,2.04,0.93,3.44,0.82,4.08,5.42,3.21,59.1%,2.45,0.93,38.1%,42.05,37.62,89.5%,7.76,6.94,89.5%,0.47,0.06,12.5%,0.00
Jeff Chabot,27,2296,0.00,0.04,-0.04,0.71,0.27,0.00%,0.06,16.19,152.2,9.4,8.27,82.1,0.4,0.16,0.00,0.04,0.00,1.33,1.41,4.12,0.59,7.84,4.78,2.98,62.3%,7.17,5.02,69.9%,67.70,60.13,88.8%,9.68,6.94,71.7%,0.04,0.00,0.0%,0.00
Jeffrey Gouweleeuw,11,851,0.00,0.03,-0.03,0.53,0.32,0.00%,0.07,8.99,82.5,9.2,4.76,41.2,0.9,0.00,0.00,0.11,0.00,2.01,1.48,3.49,0.32,6.45,4.02,2.54,63.2%,3.49,1.48,42.4%,39.24,31.09,79.3%,8.78,3.81,43.4%,0.53,0.32,60.0%,0.11
Jens Castrop,26,1592,0.17,0.21,-0.04,1.70,0.68,10.00%,0.12,12.10,140.0,11.6,7.63,80.2,0.6,0.51,0.11,0.34,0.00,3.28,1.02,4.75,0.06,1.70,12.04,6.16,51.2%,1.36,0.73,54.2%,28.15,21.20,75.3%,10.35,7.35,71.0%,1.19,0.23,19.1%,0.06
Jens Stage,29,2468,0.36,0.22,0.14,2.04,0.77,17.86%,0.11,7.95,77.2,9.7,3.25,20.3,0.2,0.15,0.04,0.26,0.00,1.50,0.66,4.23,0.33,1.46,6.20,3.06,49.4%,3.46,2.22,64.2%,40.37,30.41,75.3%,13.64,8.21,60.2%,0.47,0.18,38.5%,0.36
Jenson Seelt,9,680,0.00,0.03,-0.03,0.26,0.00,0.00%,0.10,11.38,97.2,8.5,3.57,19.3,0.7,0.00,0.00,0.00,0.00,1.72,0.66,3.71,0.66,9.53,3.84,2.78,72.4%,5.43,3.04,56.1%,50.16,43.15,86.0%,3.71,1.72,46.4%,0.00,0.00,0.0%,0.00
Joakim Mæhle,16,1224,0.07,0.06,0.01,1.03,0.22,7.14%,0.06,9.49,110.5,11.6,4.78,52.8,0.8,0.37,0.00,0.37,0.00,2.57,1.47,5.22,0.00,2.79,7.79,3.60,46.2%,1.47,0.74,50.0%,36.69,30.22,82.4%,11.03,8.53,77.3%,1.54,0.29,19.1%,0.22
Jobe Bellingham,32,1784,0.00,0.05,-0.05,0.96,0.30,0.00%,0.06,12.21,125.9,10.3,5.50,46.3,0.4,0.15,0.00,0.05,0.00,2.22,1.92,5.70,0.40,1.26,7.26,3.99,54.9%,2.12,1.21,57.1%,52.87,46.21,87.4%,15.89,12.71,80.0%,0.20,0.00,0.0%,0.15
Joe Scally,32,2611,0.07,0.04,0.03,0.55,0.34,12.50%,0.08,7.86,80.6,10.3,3.52,25.2,0.2,0.14,0.00,0.21,0.00,1.65,0.59,3.90,0.14,2.69,7.93,4.24,53.5%,2.31,1.03,44.8%,31.44,25.23,80.3%,7.48,5.38,71.9%,1.65,0.28,16.7%,0.00
Joel Chima Fujita,32,2671,0.03,0.04,-0.01,1.04,0.24,3.23%,0.04,8.90,98.0,11.0,5.05,53.7,0.4,0.27,0.00,0.27,0.03,2.29,1.11,5.66,0.13,0.61,9.33,4.52,48.4%,1.18,0.47,40.0%,39.63,30.39,76.7%,15.30,9.70,63.4%,0.91,0.13,14.8%,0.51
Johan Bakayoko,20,773,0.23,0.24,-0.01,2.79,1.05,8.33%,0.09,14.20,163.8,11.5,6.64,72.6,1.3,1.28,0.23,0.47,0.00,0.58,0.23,3.61,0.00,0.35,8.38,3.61,43.1%,1.28,0.23,18.2%,33.42,27.59,82.6%,12.23,9.20,75.2%,1.75,0.35,20.0%,0.23
Johan Manzambi,27,2094,0.21,0.17,0.05,2.19,0.52,9.80%,0.08,18.14,223.0,12.3,9.76,106.4,0.5,0.56,0.09,0.39,0.09,1.50,1.16,4.73,0.09,1.63,10.49,6.28,59.8%,2.58,1.42,55.0%,40.36,34.08,84.5%,12.94,9.24,71.4%,1.50,0.47,31.4%,0.26
Jonas Föhrenbach,27,2327,0.04,0.02,0.02,0.19,0.04,20.00%,0.11,6.30,63.9,10.1,3.75,34.7,0.4,0.00,0.00,0.04,0.00,1.78,1.16,2.59,0.35,3.79,4.14,2.51,60.7%,2.01,1.01,50.0%,31.79,25.37,79.8%,7.62,4.91,64.5%,2.13,0.46,21.8%,0.00
Jonas Hofmann,23,1009,0.18,0.15,0.03,2.05,0.62,8.70%,0.07,9.99,96.6,9.7,3.75,23.1,0.5,0.27,0.00,0.45,0.18,1.16,0.18,3.39,0.00,1.16,4.55,2.59,56.9%,0.80,0.36,44.4%,48.79,40.76,83.5%,17.04,12.84,75.4%,2.50,0.09,3.6%,0.45
Jonas Wind,11,480,0.19,0.22,-0.03,1.69,1.13,11.11%,0.13,4.31,33.0,7.6,1.31,10.8,1.5,0.19,0.00,0.19,0.00,0.00,0.00,2.44,0.19,0.94,4.50,3.00,66.7%,9.00,3.75,41.7%,27.19,17.25,63.5%,14.44,8.25,57.1%,0.00,0.00,0.0%,0.19
Jonathan Burkardt,22,1340,0.87,0.83,0.04,2.75,1.41,31.71%,0.30,3.69,38.7,10.5,1.88,18.3,0.7,0.27,0.20,0.00,0.00,0.54,0.07,1.48,0.00,0.74,4.50,1.95,43.3%,3.69,0.74,20.0%,13.84,10.14,73.3%,5.98,4.10,68.5%,0.34,0.07,20.0%,0.00
Jonathan Tah,28,2019,0.09,0.03,0.06,0.36,0.22,25.00%,0.07,16.94,166.8,9.8,8.69,86.4,0.4,0.00,0.00,0.09,0.00,1.07,1.16,4.01,0.94,5.53,3.03,1.47,48.5%,2.72,1.92,70.5%,84.56,81.44,96.3%,11.32,10.07,89.0%,0.04,0.00,0.0%,0.04
Jordan Torunarigha,24,1965,0.00,0.02,-0.02,0.23,0.05,0.00%,0.07,10.12,105.7,10.4,5.59,59.8,0.5,0.05,0.00,0.05,0.00,1.69,1.37,2.79,0.82,8.29,4.40,2.56,58.3%,4.08,2.43,59.6%,48.00,40.99,85.4%,6.32,3.44,54.4%,0.14,0.00,0.0%,0.00
Jordy Makengo,20,1173,0.00,0.00,0.00,0.00,0.00,0.00%,0.00,8.06,91.3,11.3,3.38,31.8,0.7,0.00,0.00,0.08,0.00,1.69,1.15,3.68,0.77,3.99,4.60,2.92,63.3%,1.84,1.07,58.3%,34.14,28.70,84.0%,7.90,5.75,72.8%,2.53,0.77,30.3%,0.00
Josha Vagnoman,27,1586,0.06,0.16,-0.11,1.08,0.62,5.26%,0.15,8.51,90.1,10.6,4.03,39.4,0.6,0.06,0.00,0.23,0.00,1.70,0.17,3.12,0.23,2.78,5.73,2.95,51.5%,2.33,0.96,41.5%,34.62,28.32,81.8%,10.38,8.23,79.2%,1.82,0.34,18.8%,0.11
Joshua Kimmich,29,2280,0.08,0.10,-0.02,1.11,0.39,7.14%,0.09,26.88,266.2,9.9,11.17,101.5,0.4,0.20,0.00,0.20,0.00,1.26,0.99,4.62,0.24,0.71,4.54,2.53,55.7%,0.75,0.28,36.8%,104.61,96.63,92.4%,34.38,28.70,83.5%,1.54,0.51,33.3%,1.30
Josip Stanisic,26,1855,0.10,0.07,0.03,0.34,0.19,28.57%,0.19,13.92,152.1,10.9,8.30,90.3,0.5,0.05,0.00,0.39,0.05,1.36,0.87,4.08,0.39,2.96,4.22,2.33,55.2%,2.04,1.21,59.5%,61.04,54.78,89.8%,22.95,19.94,86.9%,1.60,0.29,18.2%,0.19
Jovan Milosevic,13,483,0.56,0.37,0.18,2.24,0.75,25.00%,0.17,4.66,49.1,10.5,2.24,14.4,1.2,0.37,0.00,0.19,0.00,0.75,0.19,2.42,0.19,0.56,5.96,2.24,37.5%,7.83,3.17,40.5%,19.75,14.72,74.5%,4.84,3.17,65.4%,0.56,0.00,0.0%,0.00
Joël Schmied,16,1080,0.00,0.02,-0.02,0.42,0.00,0.00%,0.05,8.50,91.1,10.7,2.75,13.5,0.4,0.00,0.00,0.08,0.00,0.92,0.92,2.25,0.83,4.08,3.50,1.67,47.6%,3.25,1.50,46.2%,36.58,32.08,87.7%,7.50,5.25,70.0%,0.42,0.08,20.0%,0.00
Julian Brandt,29,1607,0.39,0.32,0.07,2.07,1.01,18.92%,0.15,10.14,101.3,10.0,4.59,30.2,0.4,0.34,0.00,0.50,0.06,0.78,0.28,3.58,0.00,0.56,4.87,2.07,42.5%,2.41,1.29,53.5%,42.51,34.39,80.9%,19.38,14.95,77.2%,1.29,0.28,21.7%,0.62
Julian Niehues,24,1389,0.19,0.08,0.11,1.23,0.32,15.79%,0.07,8.16,82.9,10.2,3.17,27.6,0.6,0.06,0.00,0.19,0.00,1.10,1.36,4.60,0.45,2.59,4.15,2.01,48.4%,2.85,1.62,56.8%,39.59,32.46,82.0%,8.16,4.92,60.3%,0.19,0.06,33.3%,0.26
Julian Ryerson,31,2272,0.00,0.04,-0.04,0.48,0.04,0.00%,0.08,11.37,122.6,10.8,6.97,64.1,0.4,0.08,0.00,0.44,0.12,1.35,0.55,4.79,0.16,1.62,8.12,3.09,38.0%,1.03,0.44,42.3%,35.93,29.67,82.6%,15.77,12.08,76.6%,6.18,1.35,21.8%,0.08
Julián Malatini,11,516,0.00,0.01,-0.01,0.35,0.00,0.00%,0.01,14.83,153.1,10.3,5.06,43.7,1.5,0.00,0.00,0.00,0.00,2.62,0.87,4.88,0.17,8.02,5.41,2.97,54.8%,3.84,1.92,50.0%,59.13,49.36,83.5%,8.72,6.45,74.0%,0.87,0.35,40.0%,0.00
Junior Adamu,9,450,0.20,0.33,-0.13,1.40,0.60,14.29%,0.24,5.60,58.4,10.4,1.60,8.4,1.1,0.20,0.00,0.20,0.00,2.20,1.20,2.80,0.40,1.20,9.20,5.00,54.3%,10.20,4.60,45.1%,16.40,9.60,58.5%,6.60,3.20,48.5%,0.40,0.20,50.0%,0.00
Justin Njinmah,33,1955,0.23,0.31,-0.08,2.85,1.06,8.06%,0.11,9.71,124.2,12.8,5.57,63.6,0.5,1.38,0.09,0.28,0.00,1.06,0.28,2.26,0.05,0.60,6.08,3.18,52.3%,1.75,0.78,44.7%,20.16,15.47,76.7%,8.79,6.40,72.8%,1.61,0.41,25.7%,0.00
Kacper Potulski,15,1060,0.08,0.16,-0.08,1.19,0.42,7.14%,0.14,6.11,52.7,8.6,2.38,11.7,0.4,0.00,0.00,0.00,0.00,1.27,1.53,3.23,1.19,6.20,4.08,1.87,45.8%,5.43,3.23,59.4%,37.36,30.74,82.3%,5.18,2.63,50.8%,0.17,0.00,0.0%,0.08
Kaishu Sano,34,3059,0.03,0.04,-0.01,0.71,0.18,4.17%,0.06,10.03,121.0,12.1,5.27,63.0,0.4,0.18,0.03,0.26,0.03,1.53,1.94,5.97,0.38,1.35,5.03,3.21,63.7%,3.56,2.18,61.2%,37.72,30.22,80.1%,11.80,8.30,70.3%,0.53,0.12,22.2%,0.09
Karim Adeyemi,28,1196,0.53,0.37,0.16,2.33,1.05,22.58%,0.16,11.59,146.1,12.6,6.92,73.9,0.8,0.38,0.08,0.60,0.23,0.38,0.60,3.46,0.00,0.15,11.51,4.29,37.3%,1.13,0.53,46.7%,22.05,15.80,71.7%,12.42,8.58,69.1%,0.90,0.23,25.0%,0.30
Karim Coulibaly,27,2122,0.04,0.03,0.01,0.25,0.04,16.67%,0.11,13.87,128.4,9.3,5.98,50.6,0.4,0.00,0.00,0.08,0.00,1.15,0.98,2.80,0.72,4.54,3.48,1.87,53.7%,3.35,1.53,45.6%,60.95,52.85,86.7%,7.51,5.05,67.2%,0.55,0.13,23.1%,0.00
Karol Mets,23,1934,0.05,0.04,0.01,0.33,0.05,14.29%,0.11,7.96,82.4,10.4,4.28,36.6,0.4,0.00,0.00,0.00,0.00,1.16,0.93,3.07,0.33,5.77,2.51,1.63,64.8%,3.72,2.09,56.3%,55.84,47.89,85.8%,9.12,5.44,59.7%,0.28,0.09,33.3%,0.00
Keke Topp,20,629,0.14,0.29,-0.15,3.58,0.43,4.00%,0.08,7.30,76.8,10.5,3.00,32.1,1.5,0.57,0.00,0.00,0.00,1.29,0.14,4.01,0.00,1.57,8.01,2.86,35.7%,8.44,3.29,39.0%,27.04,20.32,75.1%,12.45,8.59,69.0%,0.72,0.14,20.0%,0.00
Keven Schlotterbeck,24,2031,0.00,0.06,-0.06,0.53,0.13,0.00%,0.11,9.84,92.0,9.4,5.36,46.2,0.4,0.00,0.00,0.04,0.00,1.77,1.46,4.48,0.97,5.49,4.65,3.06,65.7%,4.70,2.97,63.2%,53.62,45.86,85.5%,8.64,5.49,63.6%,0.27,0.18,66.7%,0.22
Kevin Diks,30,2467,0.18,0.19,-0.00,0.84,0.47,21.74%,0.22,10.94,114.7,10.5,5.33,52.6,0.4,0.07,0.00,0.00,0.00,1.57,0.88,4.78,0.58,4.82,3.98,2.74,68.8%,2.99,1.79,59.8%,58.59,52.39,89.4%,7.77,5.55,71.4%,0.18,0.04,20.0%,0.15
Kevin Stöger,29,1324,0.07,0.17,-0.10,1.56,0.48,4.35%,0.11,11.08,119.7,10.8,6.32,62.7,0.7,0.34,0.00,0.14,0.00,2.52,0.95,4.42,0.14,1.22,9.31,4.69,50.4%,0.68,0.14,20.0%,54.52,45.07,82.7%,18.90,13.12,69.4%,1.63,0.34,20.8%,0.41
Kilian Fischer,11,803,0.00,0.01,-0.01,0.22,0.00,0.00%,0.05,9.41,102.1,10.8,4.82,43.8,1.0,0.11,0.00,0.00,0.00,2.24,1.34,2.35,0.34,3.59,5.72,2.80,49.0%,2.35,1.34,57.1%,40.91,32.95,80.5%,8.97,5.94,66.3%,1.79,0.22,12.5%,0.00
Kim Min-Jae,25,1605,0.06,0.03,0.02,0.28,0.17,20.00%,0.12,18.28,197.5,10.8,10.09,111.5,0.6,0.00,0.00,0.11,0.06,1.23,2.19,4.88,0.90,4.49,2.30,1.46,63.4%,4.15,2.58,62.2%,88.60,84.11,94.9%,15.20,13.51,88.9%,0.06,0.00,0.0%,0.17
Konrad Laimer,29,1997,0.14,0.11,0.03,0.77,0.36,17.65%,0.14,14.47,147.7,10.2,9.24,93.4,0.5,0.14,0.05,0.59,0.00,2.07,0.77,4.06,0.27,1.35,7.17,3.11,43.4%,1.85,0.68,36.6%,62.10,55.93,90.1%,26.59,23.39,88.0%,1.71,0.54,31.6%,0.27
Konstantinos Koulierakis,29,2481,0.15,0.12,0.03,0.94,0.44,15.38%,0.12,11.14,115.2,10.3,6.28,63.5,0.4,0.11,0.00,0.11,0.00,1.41,1.34,3.01,0.54,5.88,3.45,1.96,56.8%,4.03,2.29,56.8%,53.83,45.38,84.3%,8.42,5.33,63.4%,0.73,0.33,45.0%,0.11
Kristijan Jakic,26,1653,0.11,0.08,0.02,0.98,0.33,11.11%,0.09,7.19,71.2,9.9,3.10,22.8,0.4,0.27,0.00,0.38,0.00,1.85,0.87,5.17,0.38,2.94,5.77,3.05,52.8%,2.18,1.03,47.5%,39.20,31.47,80.3%,10.29,7.35,71.4%,0.33,0.16,50.0%,0.05
Kristoffer Lund,33,2283,0.00,0.03,-0.03,0.79,0.12,0.00%,0.04,8.87,98.4,11.1,5.24,54.4,0.4,0.04,0.00,0.24,0.04,1.50,1.02,4.10,0.28,3.90,5.72,3.78,66.2%,3.15,1.26,40.0%,32.96,25.35,76.9%,9.93,6.35,63.9%,2.80,0.79,28.2%,0.08
Lars Ritzka,21,970,0.00,0.04,-0.04,0.37,0.09,0.00%,0.11,3.99,34.4,8.6,2.04,15.2,0.7,0.00,0.00,0.00,0.00,3.71,1.48,3.43,0.46,3.15,6.77,3.90,57.5%,2.69,1.11,41.4%,35.44,25.70,72.5%,8.26,4.64,56.2%,1.76,0.37,21.1%,0.00
Lee Jae-Sung,28,2198,0.16,0.13,0.03,1.23,0.37,13.33%,0.11,4.55,45.3,10.0,2.21,18.4,0.3,0.08,0.00,0.12,0.00,1.56,1.02,3.56,0.04,1.43,5.53,2.62,47.4%,4.50,1.80,40.0%,27.56,21.29,77.3%,9.99,6.96,69.7%,0.90,0.25,27.3%,0.29
Lennard Maloney,21,472,0.00,0.07,-0.07,0.95,0.19,0.00%,0.07,4.77,38.5,8.1,1.33,9.7,1.4,0.00,0.00,0.00,0.00,1.91,1.53,3.81,0.38,5.34,5.91,2.48,41.9%,8.58,4.19,48.9%,32.99,23.83,72.3%,8.01,2.67,33.3%,0.38,0.19,50.0%,0.00
Lennart Karl,26,1282,0.35,0.53,-0.18,2.95,1.47,11.90%,0.18,17.41,184.8,10.6,7.58,58.0,0.5,1.19,0.14,0.70,0.14,1.76,0.98,3.79,0.14,0.14,10.32,4.00,38.8%,0.98,0.14,14.3%,57.29,49.21,85.9%,25.41,19.87,78.2%,1.76,0.49,28.0%,0.28
Leon Avdullahu,33,2838,0.00,0.02,-0.02,0.44,0.06,0.00%,0.04,11.61,119.5,10.3,4.98,34.5,0.2,0.03,0.00,0.13,0.00,1.49,1.08,5.45,0.16,1.46,4.88,2.12,43.5%,1.81,1.01,56.1%,64.82,58.32,90.0%,15.03,11.99,79.8%,0.41,0.06,15.4%,0.13
Leon Goretzka,31,1954,0.23,0.22,0.01,1.61,0.51,14.29%,0.14,17.78,186.0,10.5,9.17,99.3,0.5,0.18,0.00,0.28,0.05,1.34,1.20,4.61,0.37,1.93,4.65,2.58,55.4%,2.72,1.01,37.3%,74.52,68.12,91.4%,22.15,18.88,85.2%,0.28,0.00,0.0%,0.60
Leonardo Bittencourt,17,609,0.00,0.04,-0.04,1.03,0.00,0.00%,0.04,17.88,187.9,10.5,6.95,50.5,1.1,0.30,0.00,0.15,0.00,2.36,1.18,5.32,0.00,1.48,7.39,4.43,60.0%,1.63,0.89,54.5%,64.58,55.12,85.3%,16.70,12.41,74.3%,0.30,0.00,0.0%,0.15
Leopold Querfeld,31,2704,0.10,0.12,-0.02,0.97,0.33,10.34%,0.12,10.09,93.6,9.3,5.13,52.2,0.3,0.00,0.00,0.07,0.00,1.73,1.20,2.86,0.77,7.32,5.06,2.76,54.6%,6.59,4.26,64.6%,40.51,32.39,80.0%,9.05,4.29,47.4%,0.13,0.00,0.0%,0.07
Linton Maina,24,1021,0.18,0.12,0.06,1.76,0.71,10.00%,0.07,12.43,179.2,14.4,7.67,100.5,1.2,0.71,0.18,0.97,0.00,0.79,0.35,4.32,0.18,0.53,5.91,2.20,37.3%,0.44,0.09,20.0%,26.97,22.83,84.6%,12.87,10.40,80.8%,1.76,0.18,10.0%,0.18
Livan Burcu,18,645,0.14,0.22,-0.09,2.23,0.42,6.25%,0.10,16.74,228.1,13.6,9.07,110.6,1.7,0.70,0.00,0.84,0.00,1.67,0.28,5.02,0.00,1.26,10.88,5.58,51.3%,1.40,0.14,10.0%,29.02,23.16,79.8%,12.56,8.65,68.9%,2.09,0.56,26.7%,0.28
Lorenz Assignon,24,1092,0.00,0.05,-0.05,0.99,0.33,0.00%,0.05,10.14,111.1,11.0,4.86,52.2,0.9,0.25,0.00,0.25,0.00,1.81,1.07,3.30,0.16,2.55,6.92,3.30,47.6%,3.21,1.65,51.3%,39.56,33.13,83.8%,12.28,9.64,78.5%,3.30,0.91,27.5%,0.00
Louis Oppie,23,1616,0.06,0.05,0.01,0.84,0.22,6.67%,0.06,4.01,39.4,9.8,2.28,21.0,0.5,0.11,0.00,0.06,0.00,1.34,0.56,4.18,0.11,2.39,4.46,2.28,51.3%,1.34,0.39,29.2%,36.09,28.29,78.4%,12.20,8.69,71.2%,2.34,0.39,16.7%,0.06
Lovro Majer,28,1373,0.13,0.20,-0.07,1.77,0.46,7.41%,0.11,13.77,136.6,9.9,6.23,47.4,0.5,0.52,0.00,0.33,0.13,1.70,0.59,4.72,0.07,1.25,8.91,3.87,43.4%,2.16,0.79,36.4%,35.00,28.71,82.0%,13.70,10.16,74.2%,1.31,0.26,20.0%,0.52
Loïc Badé,23,1652,0.00,0.07,-0.07,0.65,0.22,0.00%,0.11,16.34,168.1,10.3,7.46,75.8,0.6,0.05,0.00,0.05,0.00,1.80,1.14,5.99,0.98,6.05,3.54,2.18,61.5%,4.63,3.00,64.7%,77.42,71.31,92.1%,9.42,7.85,83.2%,0.22,0.05,25.0%,0.11
Luca Jaquez,14,900,0.00,0.01,-0.01,0.40,0.00,0.00%,0.03,18.80,182.1,9.7,8.00,80.5,1.0,0.10,0.00,0.00,0.00,0.80,1.00,4.50,0.50,4.50,2.00,1.10,55.0%,3.50,1.90,54.3%,72.70,66.00,90.8%,10.70,7.80,72.9%,0.10,0.00,0.0%,0.10
Luca Kerber,18,677,0.27,0.22,0.04,1.06,0.40,25.00%,0.21,3.19,28.1,8.8,1.20,5.1,0.6,0.00,0.00,0.00,0.00,2.26,0.40,1.20,0.40,1.99,7.05,3.06,43.4%,3.32,1.60,48.0%,15.29,11.03,72.2%,5.58,3.06,54.8%,0.53,0.13,25.0%,0.00
Luca Netz,15,938,0.00,0.00,-0.00,0.19,0.00,0.00%,0.02,6.33,64.6,10.2,3.45,29.0,0.8,0.00,0.00,0.10,0.00,1.54,0.48,2.97,0.48,3.65,5.37,2.59,48.2%,1.54,0.77,50.0%,33.97,26.10,76.8%,8.35,6.33,75.9%,0.96,0.29,30.0%,0.00
Luca Reggiani,8,513,0.18,0.08,0.10,0.53,0.18,33.33%,0.14,13.68,132.3,9.7,7.02,58.9,1.5,0.18,0.00,0.00,0.00,2.46,0.35,3.16,0.18,2.63,5.09,3.51,69.0%,1.93,0.88,45.5%,66.32,58.42,88.1%,11.93,7.19,60.3%,0.18,0.00,0.0%,0.35
Luca Waldschmidt,24,666,0.68,0.75,-0.07,3.51,1.76,19.23%,0.21,9.32,109.5,11.7,4.05,42.3,1.4,0.41,0.00,0.00,0.00,1.08,0.54,2.84,0.27,1.22,6.62,2.84,42.9%,2.30,1.35,58.8%,30.27,22.97,75.9%,12.57,7.84,62.4%,0.95,0.41,42.9%,0.95
Lucas Höler,33,2043,0.13,0.20,-0.07,1.50,0.66,8.82%,0.13,4.80,45.7,9.5,2.20,15.7,0.3,0.22,0.00,0.13,0.00,1.10,0.48,3.39,0.09,1.81,6.43,2.82,43.8%,6.26,3.00,47.9%,24.67,17.00,68.9%,10.88,6.30,57.9%,0.35,0.04,12.5%,0.04
Lucas Vázquez,12,479,0.19,0.09,0.09,0.75,0.19,25.00%,0.13,11.46,116.9,10.2,4.70,44.5,1.8,0.00,0.00,0.94,0.00,1.13,0.38,4.13,0.38,1.69,6.01,2.82,46.9%,1.32,0.75,57.1%,43.78,38.14,87.1%,16.53,13.72,83.0%,3.57,1.32,36.8%,0.38
Luis Díaz,32,2450,0.55,0.56,-0.01,3.23,1.36,17.05%,0.17,18.59,213.4,11.5,9.33,80.7,0.3,1.51,0.11,0.92,0.11,0.77,0.51,5.07,0.07,0.07,10.25,4.41,43.0%,1.25,0.44,35.3%,47.39,40.67,85.8%,23.07,18.33,79.5%,1.73,0.29,17.0%,0.33
Luka Vuskovic,28,2441,0.22,0.16,0.07,1.18,0.37,18.75%,0.13,13.75,144.6,10.5,7.60,70.5,0.3,0.04,0.00,0.15,0.00,0.81,1.47,4.65,0.92,9.25,3.91,2.14,54.7%,7.37,5.49,74.5%,56.56,46.97,83.0%,8.30,3.80,45.8%,0.07,0.00,0.0%,0.11
Lukas Kübler,23,1593,0.11,0.18,-0.07,1.07,0.28,10.53%,0.17,6.10,60.4,9.9,2.94,18.4,0.4,0.06,0.00,0.11,0.06,2.26,2.20,3.05,0.51,4.12,5.03,2.99,59.6%,3.73,2.15,57.6%,35.88,29.15,81.3%,8.64,6.05,69.9%,1.64,0.45,27.6%,0.00
Lukas Ullrich,23,1306,0.00,0.04,-0.04,0.69,0.14,0.00%,0.06,9.58,104.4,10.9,5.10,55.6,0.8,0.21,0.00,0.21,0.00,1.93,1.45,3.58,0.34,2.89,6.48,3.31,51.1%,1.24,0.69,55.6%,33.56,26.12,77.8%,7.79,5.38,69.0%,2.41,0.62,25.7%,0.00
Mahmoud Dahoud,15,716,0.25,0.11,0.15,2.14,0.25,11.76%,0.05,10.18,85.3,8.4,3.77,33.2,1.1,0.38,0.00,0.00,0.00,1.38,1.26,4.53,0.25,1.26,6.66,2.26,34.0%,1.76,0.63,35.7%,45.75,37.21,81.3%,11.19,7.67,68.5%,0.50,0.13,25.0%,0.13
Malik Tillman,29,1677,0.32,0.25,0.07,1.82,0.70,17.65%,0.14,8.86,92.7,10.5,4.88,48.3,0.5,0.21,0.05,0.38,0.00,2.04,0.97,4.40,0.32,0.70,8.64,4.19,48.4%,2.20,1.40,63.4%,42.02,35.10,83.5%,15.62,11.43,73.2%,0.91,0.11,11.8%,0.64
Manolis Saliakas,17,1110,0.08,0.05,0.03,1.30,0.24,6.25%,0.04,8.19,86.8,10.6,4.95,44.5,0.7,0.24,0.00,0.08,0.00,2.35,1.05,4.62,0.08,2.11,4.62,3.32,71.9%,1.46,0.65,44.4%,42.00,31.22,74.3%,14.68,8.92,60.8%,3.16,0.57,17.9%,0.24
Marcel Sabitzer,26,1822,0.05,0.06,-0.01,0.99,0.20,5.00%,0.06,6.27,64.0,10.2,3.01,28.0,0.5,0.00,0.00,0.20,0.00,1.48,0.94,3.26,0.30,2.12,4.35,2.42,55.7%,1.73,0.79,45.7%,39.12,32.80,83.8%,14.82,11.31,76.3%,1.73,0.59,34.3%,0.10
Marco Friedl,30,2549,0.04,0.02,0.01,0.28,0.07,12.50%,0.08,12.39,125.4,10.1,6.81,69.1,0.4,0.00,0.00,0.07,0.00,1.55,1.24,4.13,0.78,5.54,3.67,2.22,60.6%,3.04,1.94,64.0%,63.41,56.42,89.0%,11.26,7.94,70.5%,0.49,0.04,7.1%,0.11
Marco Grüll,33,2011,0.13,0.16,-0.03,1.92,0.58,6.98%,0.08,10.65,126.3,11.9,5.95,65.3,0.5,0.67,0.04,0.31,0.00,1.70,0.67,3.54,0.27,1.12,8.50,3.85,45.3%,1.79,0.67,37.5%,27.57,21.26,77.1%,12.35,8.86,71.7%,2.15,0.54,25.0%,0.09
Mario Götze,21,879,0.00,0.06,-0.06,0.51,0.00,0.00%,0.11,8.70,80.6,9.3,3.99,32.0,0.8,0.00,0.00,0.20,0.00,1.43,0.51,5.02,0.31,0.31,7.88,3.17,40.3%,1.64,0.10,6.3%,50.58,42.08,83.2%,15.77,11.88,75.3%,1.43,0.20,14.3%,0.20
Marius Bülter,32,1591,0.28,0.25,0.04,2.38,0.96,11.90%,0.10,8.03,89.8,11.2,4.02,39.9,0.6,0.45,0.06,0.51,0.06,0.40,0.40,2.38,0.11,1.02,4.86,1.92,39.5%,5.83,2.38,40.8%,22.74,16.63,73.1%,10.35,6.84,66.1%,3.51,0.85,24.2%,0.06
Marius Wolf,29,1013,0.09,0.10,-0.01,1.24,0.44,7.14%,0.08,6.75,88.2,13.1,3.82,46.3,1.1,0.44,0.09,0.27,0.00,1.69,0.98,4.18,0.00,2.22,5.15,2.49,48.3%,1.51,0.62,41.2%,29.14,19.19,65.8%,12.17,7.29,59.9%,3.82,0.89,23.3%,0.00
Marnon Busch,29,1912,0.05,0.05,-0.01,0.56,0.14,8.33%,0.09,7.34,80.4,10.9,3.95,32.9,0.4,0.05,0.00,0.28,0.09,1.69,1.51,3.86,0.47,4.05,4.38,2.21,50.5%,2.21,0.99,44.7%,32.20,25.79,80.1%,9.41,6.07,64.5%,2.73,0.38,13.8%,0.14
Martijn Kaars,29,1345,0.20,0.24,-0.04,1.61,0.67,12.50%,0.15,5.69,72.7,12.8,3.41,43.5,0.9,0.47,0.07,0.13,0.07,0.47,0.00,1.94,0.00,0.47,4.15,1.20,29.0%,3.41,0.87,25.5%,22.15,17.46,78.8%,8.97,6.76,75.4%,1.07,0.13,12.5%,0.07
Martin Terrier,18,672,0.54,0.34,0.19,2.28,0.80,23.53%,0.15,6.70,67.3,10.1,2.68,22.8,1.1,0.54,0.13,0.13,0.13,1.47,0.13,2.41,0.13,0.54,6.16,3.88,63.0%,2.01,0.94,46.7%,33.08,28.13,85.0%,13.53,10.85,80.2%,0.67,0.13,20.0%,0.13
Marvin Pieringer,27,1653,0.22,0.32,-0.10,1.74,0.44,12.50%,0.18,7.79,83.1,10.7,3.92,32.3,0.4,0.22,0.00,0.38,0.00,1.09,0.54,2.40,0.05,1.69,7.40,3.32,44.9%,7.19,3.48,48.5%,20.85,14.16,67.9%,8.87,4.95,55.8%,0.87,0.16,18.8%,0.05
Mathias Honsak,27,1248,0.14,0.23,-0.08,2.24,0.58,6.45%,0.10,9.09,103.5,11.4,4.83,40.8,0.6,0.36,0.00,0.29,0.07,1.51,1.30,4.83,0.07,2.02,8.44,3.61,42.7%,2.88,1.15,40.0%,21.63,16.01,74.0%,7.79,5.12,65.7%,1.73,0.22,12.5%,0.07
Mathias Pereira Lage,28,2030,0.09,0.19,-0.10,1.91,0.67,4.65%,0.10,5.01,53.7,10.7,3.06,29.2,0.4,0.22,0.00,0.00,0.00,1.68,0.71,2.93,0.09,1.46,7.45,3.68,49.4%,5.14,2.00,38.8%,21.55,14.32,66.5%,9.18,5.67,61.8%,1.51,0.22,14.7%,0.04
Mathias Rasmussen,13,692,0.00,0.10,-0.10,0.78,0.26,0.00%,0.13,5.98,53.4,8.9,2.73,21.9,1.0,0.00,0.00,0.13,0.00,1.95,0.91,4.55,0.13,1.04,5.59,3.38,60.5%,2.21,1.04,47.1%,40.32,31.08,77.1%,11.05,6.76,61.2%,0.65,0.26,40.0%,0.00
Matthias Ginter,32,2836,0.10,0.07,0.02,0.60,0.22,15.79%,0.12,15.80,151.7,9.6,9.77,97.8,0.3,0.03,0.00,0.03,0.00,0.70,0.73,3.40,0.63,6.12,2.32,1.40,60.3%,5.55,3.43,61.7%,56.71,49.60,87.5%,10.00,6.82,68.3%,0.57,0.16,27.8%,0.03
Mattias Svanberg,24,854,0.32,0.31,0.01,2.21,0.84,14.29%,0.14,4.85,50.6,10.4,2.74,24.0,0.9,0.32,0.00,0.21,0.00,1.05,0.95,3.16,0.42,2.21,8.33,3.48,41.8%,2.85,1.26,44.4%,23.82,16.86,70.8%,8.85,5.59,63.1%,0.74,0.11,14.3%,0.21
Max Finkgräfe,13,502,0.18,0.03,0.15,0.72,0.36,25.00%,0.05,10.94,120.2,11.0,6.45,74.0,2.1,0.18,0.00,0.00,0.00,2.87,1.25,6.27,0.18,1.25,6.81,4.48,65.8%,1.43,0.36,25.0%,54.32,49.12,90.4%,13.45,12.19,90.7%,2.15,0.00,0.0%,0.00
Max Rosenfelder,12,491,0.00,0.00,-0.00,0.18,0.00,0.00%,0.02,11.18,151.0,13.5,5.68,76.6,2.5,0.00,0.00,0.00,0.00,1.47,0.92,4.03,0.37,5.32,3.48,2.57,73.7%,3.67,1.10,30.0%,43.81,39.04,89.1%,4.58,2.57,56.0%,0.00,0.00,0.0%,0.00
Maximilian Arnold,25,1854,0.05,0.02,0.03,0.68,0.24,7.14%,0.03,10.00,90.7,9.1,4.22,29.7,0.3,0.15,0.00,0.05,0.00,1.07,1.17,3.69,0.58,3.64,4.42,2.52,57.1%,1.21,0.58,48.0%,49.95,42.33,84.7%,10.73,7.23,67.4%,0.68,0.29,42.9%,0.00
Maximilian Beier,32,2036,0.40,0.33,0.07,2.21,0.88,18.00%,0.15,6.76,74.1,11.0,3.76,36.0,0.4,0.35,0.04,0.27,0.04,1.15,0.62,3.05,0.13,0.93,7.82,3.01,38.4%,2.83,1.06,37.5%,25.99,18.30,70.4%,12.55,8.05,64.1%,1.24,0.09,7.1%,0.22
Maximilian Eggestein,34,3060,0.09,0.11,-0.02,1.29,0.38,6.82%,0.09,9.82,105.1,10.7,4.68,45.3,0.3,0.12,0.00,0.12,0.00,1.88,0.88,3.79,0.44,1.82,4.50,2.91,64.7%,3.44,1.62,47.0%,43.59,36.03,82.7%,11.82,8.35,70.7%,0.41,0.06,14.3%,0.06
Maximilian Mittelstädt,32,2189,0.25,0.18,0.07,1.27,0.66,19.35%,0.14,13.53,132.9,9.8,6.41,51.4,0.3,0.21,0.04,0.29,0.00,2.75,1.52,4.81,0.25,2.92,6.58,4.40,66.9%,2.47,1.48,60.0%,55.01,47.41,86.2%,16.77,12.79,76.2%,4.11,1.11,27.0%,0.21
Mert Kömür,28,1462,0.12,0.22,-0.09,2.65,0.98,4.65%,0.08,10.96,125.8,11.5,5.23,50.0,0.6,0.92,0.00,0.25,0.06,0.92,0.43,2.89,0.00,1.35,8.19,3.08,37.6%,3.63,0.86,23.7%,28.26,22.72,80.4%,12.13,9.17,75.6%,1.35,0.18,13.6%,0.25
Michael Gregoritsch,17,918,0.59,0.52,0.07,2.84,0.98,20.69%,0.18,3.14,30.3,9.6,1.67,16.8,1.0,0.49,0.10,0.00,0.00,0.49,0.49,1.76,0.39,1.47,4.90,2.25,46.0%,8.63,3.14,36.4%,17.45,9.71,55.6%,8.92,4.41,49.5%,0.59,0.20,33.3%,0.10
Michael Olise,32,2317,0.58,0.45,0.14,3.92,1.94,14.85%,0.11,25.48,300.7,11.8,13.21,121.8,0.4,1.83,0.31,1.20,0.39,0.93,0.50,3.88,0.04,0.35,12.00,5.71,47.6%,0.82,0.31,38.1%,60.48,50.88,84.1%,36.36,29.09,80.0%,2.60,0.62,23.9%,0.85
Mikkel Kaufmann,16,534,0.17,0.24,-0.07,1.85,0.51,9.09%,0.13,3.03,33.7,11.1,1.18,12.4,1.8,0.17,0.00,0.00,0.00,0.51,0.17,2.19,0.17,1.85,7.25,2.53,34.9%,9.10,3.88,42.6%,16.69,10.79,64.7%,6.40,3.88,60.5%,0.17,0.17,100.0%,0.00
Miro Muheim,29,2437,0.00,0.04,-0.04,0.85,0.26,0.00%,0.05,10.56,114.0,10.8,5.98,60.6,0.4,0.11,0.00,0.22,0.07,2.29,1.00,4.65,0.18,2.29,8.12,4.87,60.0%,1.59,0.66,41.9%,40.92,30.95,75.6%,12.67,8.38,66.2%,2.66,0.74,27.8%,0.04
Mohammed Amoura,30,1927,0.37,0.40,-0.03,2.80,0.89,13.33%,0.14,8.31,102.6,12.3,5.74,61.7,0.5,0.70,0.09,0.47,0.14,1.77,0.33,2.80,0.05,0.89,7.52,3.04,40.4%,3.27,1.17,35.7%,23.07,16.07,69.6%,9.99,6.12,61.2%,1.54,0.19,12.1%,0.28
Montrell Culbreath,12,740,0.12,0.22,-0.10,1.09,0.24,11.11%,0.20,11.31,139.1,12.3,7.42,76.4,1.3,0.36,0.00,0.24,0.00,3.28,0.97,3.53,0.00,1.22,8.51,5.23,61.4%,1.34,0.36,27.3%,30.77,26.03,84.6%,12.89,9.85,76.4%,2.92,0.36,12.5%,0.00
Moritz Jenz,22,1789,0.05,0.03,0.02,0.25,0.05,20.00%,0.11,9.46,89.4,9.4,4.78,36.9,0.4,0.00,0.00,0.00,0.00,1.61,0.60,2.82,1.01,6.44,3.72,1.96,52.7%,4.68,3.17,67.7%,51.36,45.73,89.0%,4.33,2.72,62.8%,0.05,0.05,100.0%,0.00
Nadiem Amiri,26,2090,0.52,0.45,0.07,2.37,0.99,21.82%,0.19,12.66,147.0,11.6,6.89,71.5,0.4,0.43,0.00,0.34,0.04,1.33,0.95,4.74,0.13,0.39,7.06,3.53,50.0%,0.99,0.52,52.2%,47.84,38.89,81.3%,21.75,15.67,72.1%,1.08,0.26,24.0%,0.39
Nathan Tella,17,871,0.10,0.29,-0.19,2.48,0.83,4.17%,0.12,10.95,142.9,13.1,7.13,96.0,1.4,1.24,0.00,0.52,0.21,1.24,0.52,2.89,0.10,0.72,9.51,4.55,47.8%,1.96,0.93,47.4%,24.39,20.77,85.2%,10.75,8.58,79.8%,3.10,0.72,23.3%,0.10
Nathaniel Brown,33,2657,0.14,0.09,0.05,0.61,0.30,22.22%,0.14,11.96,128.3,10.7,6.47,60.3,0.3,0.24,0.03,0.47,0.03,2.74,0.88,4.00,0.20,1.49,7.52,4.44,59.0%,1.02,0.30,30.0%,38.41,32.55,84.7%,10.30,7.69,74.7%,1.39,0.24,17.1%,0.07
Nelson Weiper,24,540,0.00,0.45,-0.45,2.17,1.00,0.00%,0.21,6.50,89.5,13.8,4.67,64.8,2.3,0.17,0.00,0.17,0.00,0.50,0.50,2.67,0.17,0.50,7.33,2.17,29.5%,13.50,5.67,42.0%,23.17,14.50,62.6%,12.17,7.00,57.5%,0.83,0.00,0.0%,0.00
Nico Elvedi,33,2967,0.00,0.01,-0.01,0.27,0.00,0.00%,0.05,15.59,181.0,11.6,9.71,118.6,0.4,0.03,0.00,0.12,0.00,1.30,1.24,3.15,0.88,8.19,2.70,1.82,67.4%,4.06,2.28,56.0%,55.21,50.78,92.0%,5.88,4.52,76.8%,0.03,0.00,0.0%,0.09
Nico Schlotterbeck,28,2520,0.18,0.13,0.04,1.14,0.32,15.62%,0.12,15.64,158.0,10.1,9.39,97.2,0.4,0.07,0.00,0.11,0.00,1.79,0.96,5.07,0.43,4.54,5.36,3.29,61.3%,3.75,2.36,62.9%,70.89,62.57,88.3%,16.86,12.54,74.4%,0.82,0.18,21.7%,0.14
Nicolai Remberg,32,2880,0.00,0.03,-0.03,0.53,0.25,0.00%,0.06,9.38,104.3,11.1,4.03,40.4,0.3,0.00,0.00,0.16,0.03,1.88,1.31,4.31,0.50,3.50,6.22,3.72,59.8%,2.53,1.59,63.0%,41.91,37.31,89.0%,5.19,3.66,70.5%,0.16,0.03,20.0%,0.16
Nicolas Jackson,23,1004,0.72,0.66,0.06,3.41,1.88,21.05%,0.19,10.22,119.1,11.7,5.11,59.4,1.0,1.43,0.09,0.36,0.00,0.72,0.36,2.24,0.00,0.36,7.44,2.60,34.9%,1.34,0.63,46.7%,28.69,23.40,81.6%,18.11,13.45,74.3%,0.63,0.00,0.0%,0.18
Nicolas Seiwald,33,2703,0.00,0.06,-0.06,0.63,0.23,0.00%,0.10,9.12,90.1,9.9,3.83,43.7,0.4,0.07,0.00,0.13,0.03,2.20,1.86,3.90,0.33,2.13,4.20,2.66,63.5%,2.03,1.10,54.1%,48.08,42.75,88.9%,8.52,6.29,73.8%,0.23,0.07,28.6%,0.10
Nicolás Capaldo,26,2009,0.04,0.09,-0.05,0.99,0.27,4.55%,0.09,9.00,104.6,11.6,5.78,68.8,0.5,0.18,0.00,0.22,0.09,3.05,1.57,4.17,0.22,2.82,9.41,5.51,58.6%,3.27,1.70,52.1%,33.60,26.12,77.7%,8.74,5.06,58.0%,0.90,0.27,30.0%,0.13
Niklas Beste,28,1709,0.11,0.18,-0.08,1.26,0.74,8.33%,0.14,10.95,122.6,11.2,4.42,16.1,0.2,0.53,0.05,0.37,0.00,2.11,0.90,3.42,0.11,1.32,8.95,4.79,53.5%,1.32,0.32,24.0%,25.96,19.59,75.5%,8.48,5.53,65.2%,2.90,0.68,23.6%,0.00
Niklas Dorsch,32,2270,0.00,0.02,-0.02,0.56,0.12,0.00%,0.04,11.26,113.9,10.1,4.72,33.3,0.3,0.00,0.00,0.16,0.00,2.34,0.79,5.55,0.20,1.59,6.70,3.85,57.4%,0.87,0.59,68.2%,38.93,34.57,88.8%,10.07,7.77,77.2%,0.28,0.12,42.9%,0.08
Niklas Stark,14,701,0.00,0.05,-0.05,0.39,0.13,0.00%,0.14,12.07,118.9,9.9,6.03,47.3,1.0,0.00,0.00,0.00,0.00,2.05,1.80,2.05,0.64,7.57,4.62,2.95,63.9%,2.57,1.41,55.0%,58.54,51.48,87.9%,6.68,3.72,55.8%,0.13,0.00,0.0%,0.00
Niklas Süle,11,487,0.00,0.01,-0.01,0.37,0.18,0.00%,0.02,13.68,148.7,10.9,8.50,79.2,1.7,0.00,0.00,0.00,0.00,1.48,0.92,4.25,0.37,2.59,4.07,1.85,45.5%,1.85,1.29,70.0%,66.90,62.65,93.7%,11.64,10.53,90.5%,1.11,0.18,16.7%,0.00
Nikolas Nartey,28,1256,0.29,0.18,0.11,1.58,0.86,18.18%,0.11,10.03,97.7,9.7,4.66,29.5,0.5,0.07,0.00,0.29,0.00,1.00,0.72,3.44,0.21,1.50,6.88,3.94,57.3%,4.51,2.72,60.3%,36.90,30.74,83.3%,14.33,11.11,77.5%,0.72,0.14,20.0%,0.07
Nikolas Veratschnig,21,652,0.00,0.01,-0.01,0.55,0.14,0.00%,0.03,6.49,71.5,11.0,3.45,40.0,1.6,0.14,0.00,0.28,0.00,2.62,1.38,3.87,0.28,2.35,9.66,4.83,50.0%,2.76,1.10,40.0%,28.85,19.46,67.5%,12.01,6.76,56.3%,2.90,0.55,19.1%,0.14
Nnamdi Collins,23,1497,0.06,0.03,0.03,0.24,0.06,25.00%,0.11,15.69,162.6,10.4,8.72,73.7,0.5,0.06,0.00,0.06,0.06,2.95,1.50,3.19,0.06,3.43,7.70,4.69,60.9%,1.98,1.14,57.6%,64.69,56.69,87.6%,12.44,9.50,76.3%,0.24,0.06,25.0%,0.00
Noahkai Banks,23,1726,0.05,0.06,-0.01,0.47,0.26,11.11%,0.13,9.54,97.5,10.2,4.22,30.1,0.4,0.00,0.00,0.21,0.05,2.19,0.78,2.97,0.68,4.54,6.10,3.39,55.6%,2.87,1.77,61.8%,45.94,41.40,90.1%,8.92,7.25,81.3%,0.21,0.05,25.0%,0.05
Oliver Burke,29,1675,0.32,0.28,0.04,1.77,0.81,18.18%,0.16,6.18,80.0,13.0,3.76,51.3,0.7,0.54,0.21,0.32,0.00,0.64,0.27,3.06,0.11,0.27,5.00,1.67,33.3%,3.55,1.61,45.5%,18.70,13.49,72.1%,9.99,6.50,65.0%,2.04,0.70,34.2%,0.00
Olivier Deman,16,1255,0.07,0.04,0.04,0.72,0.22,10.00%,0.05,8.10,78.4,9.7,3.87,22.5,0.4,0.00,0.00,0.14,0.00,2.80,0.79,4.66,0.29,2.94,6.67,4.02,60.2%,2.51,1.72,68.6%,43.10,34.28,79.5%,12.48,8.25,66.1%,3.44,0.57,16.7%,0.07
Omar Haktab Traoré,26,1500,0.00,0.03,-0.03,0.60,0.12,0.00%,0.04,8.64,110.6,12.8,5.10,59.1,0.7,0.12,0.00,0.06,0.00,1.44,0.84,3.72,0.06,1.62,6.48,3.30,50.9%,2.04,0.66,32.4%,33.96,26.16,77.0%,11.10,7.08,63.8%,2.22,0.24,10.8%,0.00
Oscar Højlund,24,1091,0.08,0.04,0.04,0.58,0.25,14.29%,0.08,11.88,124.8,10.5,5.61,50.0,0.7,0.16,0.00,0.00,0.00,2.39,0.58,1.98,0.41,1.40,8.08,3.22,39.8%,1.48,0.41,27.8%,46.53,41.74,89.7%,11.47,9.24,80.6%,0.16,0.00,0.0%,0.16
Ozan Kabak,25,1745,0.21,0.23,-0.02,1.86,0.62,11.11%,0.12,9.70,100.1,10.3,6.29,63.3,0.5,0.05,0.00,0.05,0.00,1.03,1.29,3.25,0.67,7.22,3.56,1.75,49.3%,9.18,5.93,64.6%,58.38,49.46,84.7%,10.21,5.67,55.6%,0.10,0.00,0.0%,0.05
Pascal Groß,11,614,0.00,0.09,-0.09,1.17,0.15,0.00%,0.07,16.27,157.6,9.7,8.94,78.5,1.3,0.29,0.00,0.00,0.00,1.17,0.88,4.40,0.00,1.32,5.57,2.35,42.1%,1.03,0.44,42.9%,68.01,59.36,87.3%,24.63,19.50,79.2%,2.20,0.88,40.0%,0.15
Patrick Mainka,34,3060,0.06,0.10,-0.04,1.09,0.26,5.41%,0.09,7.47,75.9,10.2,3.71,37.0,0.3,0.00,0.00,0.03,0.00,1.32,1.03,3.09,1.12,7.68,2.91,2.00,68.7%,6.85,4.24,61.8%,39.82,34.68,87.1%,4.12,2.24,54.3%,0.00,0.00,0.0%,0.00
Patrick Osterhage,20,1188,0.08,0.07,0.00,0.53,0.15,14.29%,0.14,7.88,89.1,11.3,3.64,36.1,0.8,0.15,0.00,0.15,0.00,1.06,1.29,3.18,0.76,1.14,5.23,2.50,47.8%,2.42,0.61,25.0%,34.62,30.00,86.7%,8.86,6.52,73.5%,0.68,0.30,44.4%,0.08
Patrick Wimmer,25,1634,0.22,0.17,0.05,1.32,0.44,16.67%,0.13,11.73,157.3,13.4,6.83,89.1,0.7,0.55,0.11,0.39,0.06,2.59,1.38,4.41,0.11,1.16,12.94,6.33,48.9%,4.74,1.87,39.5%,27.21,17.74,65.2%,12.89,7.33,56.8%,0.83,0.06,6.7%,0.17
Patrik Schick,28,1995,0.72,0.77,-0.05,3.25,1.53,22.22%,0.24,3.43,33.1,9.6,1.44,11.7,0.4,0.36,0.05,0.09,0.05,0.41,0.14,1.04,0.09,0.95,4.38,1.71,39.2%,4.96,2.80,56.4%,18.54,14.93,80.5%,6.81,5.46,80.1%,0.00,0.00,0.0%,0.05
Paul Nebel,30,2076,0.22,0.23,-0.02,1.39,0.35,15.62%,0.17,10.19,104.5,10.3,4.81,37.7,0.3,0.17,0.04,0.61,0.00,2.17,0.56,4.16,0.09,1.08,8.28,3.86,46.6%,2.47,0.61,24.6%,33.38,26.18,78.4%,14.26,10.36,72.6%,3.16,0.78,24.7%,0.09
Philip Otele,9,477,0.19,0.21,-0.02,1.32,0.57,14.29%,0.16,10.00,120.4,12.0,5.28,55.2,2.0,0.00,0.00,0.57,0.19,0.38,0.57,3.58,0.00,0.94,6.98,2.45,35.1%,3.21,1.89,58.8%,21.32,14.53,68.1%,11.51,7.92,68.8%,2.26,0.38,16.7%,0.00
Philipp Lienhart,20,1300,0.07,0.07,-0.00,0.55,0.14,12.50%,0.13,20.49,253.3,12.4,11.77,136.1,0.8,0.00,0.00,0.07,0.00,1.25,1.04,3.25,0.55,5.26,3.12,2.01,64.4%,3.25,2.15,66.0%,67.64,61.06,90.3%,11.42,7.82,68.5%,0.90,0.35,38.5%,0.00
Philipp Sander,30,2454,0.07,0.06,0.02,0.92,0.29,8.00%,0.06,15.04,160.4,10.7,6.01,44.6,0.3,0.04,0.00,0.07,0.00,2.38,1.83,5.83,0.29,3.81,5.39,3.08,57.1%,3.23,2.09,64.8%,52.00,44.78,86.1%,8.58,6.38,74.4%,1.03,0.40,39.3%,0.11
Philipp Treu,28,2188,0.04,0.05,-0.01,0.70,0.21,5.88%,0.07,8.02,85.0,10.6,3.25,18.7,0.2,0.08,0.00,0.29,0.04,1.85,0.37,3.62,0.29,1.73,6.58,3.91,59.4%,1.77,0.53,30.2%,33.48,28.67,85.6%,7.40,6.05,81.7%,1.32,0.33,25.0%,0.04
Phillip Tietz,29,1807,0.30,0.45,-0.15,2.59,1.20,11.54%,0.17,4.08,34.2,8.4,1.44,1.2,0.0,0.15,0.00,0.10,0.05,0.40,0.35,2.79,0.05,1.84,6.87,2.24,32.6%,9.91,4.68,47.2%,24.65,14.39,58.4%,12.50,5.98,47.8%,0.15,0.05,33.3%,0.05
Phillipp Mwene,29,2072,0.04,0.09,-0.04,0.43,0.09,10.00%,0.20,6.78,72.3,10.7,3.61,32.8,0.4,0.00,0.00,0.17,0.04,1.26,0.65,3.39,0.35,2.00,5.99,3.00,50.0%,1.52,0.56,37.1%,25.71,19.37,75.3%,10.16,7.04,69.2%,3.00,0.83,27.5%,0.04
Ragnar Ache,29,1725,0.37,0.54,-0.17,2.71,1.15,13.46%,0.20,2.50,29.5,11.8,1.25,14.5,0.6,0.26,0.00,0.16,0.00,0.68,0.21,1.77,0.21,2.03,5.43,2.56,47.1%,12.10,6.68,55.2%,15.91,9.70,61.0%,8.50,4.33,50.9%,0.05,0.00,0.0%,0.05
Ramon Hendriks,31,2022,0.00,0.01,-0.01,0.22,0.00,0.00%,0.06,15.04,157.6,10.5,6.50,53.1,0.4,0.00,0.00,0.09,0.09,1.56,0.93,2.85,0.49,3.38,4.41,2.98,67.7%,2.89,1.96,67.7%,54.84,49.58,90.4%,9.21,6.81,73.9%,0.89,0.27,30.0%,0.04
Ramy Bensebaini,21,1529,0.29,0.18,0.11,1.00,0.41,29.41%,0.18,15.60,157.6,10.1,10.71,106.5,0.6,0.00,0.00,0.18,0.00,1.65,1.06,4.71,0.47,5.00,5.24,2.83,53.9%,4.00,2.30,57.4%,68.75,60.10,87.4%,17.95,13.36,74.4%,0.71,0.18,25.0%,0.24
Rani Khedira,32,2835,0.16,0.06,0.09,0.73,0.32,21.74%,0.09,3.62,36.3,10.0,1.62,14.9,0.3,0.03,0.00,0.06,0.00,1.87,1.17,3.05,0.16,2.13,5.43,2.51,46.2%,2.48,1.21,48.7%,20.83,13.87,66.6%,7.33,3.62,49.4%,0.83,0.22,26.9%,0.06
Ransford Königsdörffer,33,2351,0.19,0.29,-0.10,2.49,0.84,7.69%,0.12,5.70,77.1,13.5,3.37,45.5,0.5,0.42,0.08,0.15,0.00,0.23,0.23,2.03,0.00,1.30,5.01,2.03,40.5%,4.44,1.76,39.7%,16.38,11.56,70.6%,7.27,4.94,67.9%,0.73,0.11,15.8%,0.11
Raphaël Guerreiro,18,784,0.57,0.39,0.18,1.38,0.57,41.67%,0.29,9.41,89.2,9.5,4.25,31.9,0.9,0.23,0.11,0.46,0.11,0.80,0.23,4.25,0.11,0.80,4.25,1.38,32.4%,0.80,0.23,28.6%,60.27,53.95,89.5%,26.75,22.39,83.7%,0.23,0.00,0.0%,0.11
Rasmus Kristensen,22,1542,0.12,0.04,0.08,0.88,0.35,13.33%,0.05,10.97,110.7,10.1,6.71,71.1,0.6,0.12,0.00,0.35,0.00,2.68,1.11,5.31,0.06,3.39,7.53,4.14,55.0%,3.21,1.87,58.2%,58.95,46.81,79.4%,18.09,11.67,64.5%,1.93,0.29,15.2%,0.06
Rav van den Berg,14,1132,0.00,0.00,0.00,0.00,0.00,0.00%,0.00,9.62,87.5,9.1,4.05,33.5,0.7,0.00,0.00,0.00,0.00,1.11,1.11,2.86,0.95,5.64,2.46,1.35,54.8%,3.90,2.07,53.1%,56.13,52.39,93.3%,3.34,2.07,61.9%,0.08,0.08,100.0%,0.00
Rayan Philippe,28,1285,0.35,0.36,-0.01,2.73,1.12,12.82%,0.13,7.84,98.0,12.5,4.83,60.0,0.9,0.63,0.14,0.35,0.00,1.40,0.28,4.06,0.00,0.63,7.49,2.87,38.3%,2.87,0.49,17.1%,14.29,9.95,69.6%,6.79,4.20,61.9%,2.17,0.49,22.6%,0.21
Ridle Baku,32,2509,0.07,0.09,-0.02,1.08,0.22,6.67%,0.09,12.45,135.7,10.9,7.71,81.2,0.4,0.18,0.00,0.11,0.00,2.15,1.11,5.02,0.25,3.16,6.46,3.41,52.8%,1.40,0.39,28.2%,58.97,50.76,86.1%,15.28,11.66,76.3%,2.01,0.57,28.6%,0.14
Ritsu Doan,31,2379,0.19,0.13,0.06,1.55,0.57,12.20%,0.08,10.25,101.3,9.9,4.50,33.0,0.3,0.45,0.08,0.19,0.08,1.63,0.64,2.84,0.04,0.61,9.57,4.20,43.9%,2.23,0.79,35.6%,33.18,25.76,77.7%,14.45,10.21,70.7%,1.78,0.45,25.5%,0.45
Robert Andrich,32,2547,0.07,0.03,0.05,0.42,0.11,16.67%,0.06,12.65,139.0,11.0,7.46,82.2,0.4,0.07,0.00,0.07,0.00,1.52,1.17,3.71,0.67,2.86,3.99,2.30,57.5%,2.26,1.48,65.6%,65.69,59.19,90.1%,11.52,8.66,75.2%,0.42,0.14,33.3%,0.04
Robert Glatzel,19,608,0.44,0.40,0.05,2.37,1.04,18.75%,0.17,5.33,46.3,8.7,1.92,10.4,0.8,0.15,0.15,0.15,0.15,0.15,0.00,3.11,0.00,1.18,6.96,2.81,40.4%,5.63,2.37,42.1%,19.69,14.36,72.9%,8.14,4.88,60.0%,0.30,0.00,0.0%,0.00
Robin Fellhauer,34,2810,0.10,0.09,0.01,0.96,0.29,10.00%,0.09,5.77,60.0,10.4,3.52,33.7,0.3,0.19,0.03,0.22,0.00,1.83,0.77,3.68,0.29,2.24,6.05,3.30,54.5%,2.75,1.31,47.7%,28.92,21.88,75.6%,9.38,6.47,68.9%,2.88,0.45,15.6%,0.03
Robin Hranác,29,2251,0.04,0.09,-0.05,0.32,0.12,12.50%,0.27,6.44,57.6,9.0,2.80,13.4,0.2,0.00,0.00,0.00,0.00,1.00,0.68,3.12,0.72,6.20,2.84,1.44,50.7%,5.36,3.32,61.9%,50.58,43.66,86.3%,7.12,4.60,64.6%,0.24,0.04,16.7%,0.00
Robin Koch,32,2835,0.10,0.04,0.05,0.48,0.16,20.00%,0.09,10.54,95.4,9.0,5.21,45.0,0.3,0.00,0.00,0.03,0.00,1.33,1.46,3.43,0.86,6.63,3.24,1.81,55.9%,5.49,3.43,62.4%,67.90,62.32,91.8%,6.98,4.44,63.6%,0.06,0.00,0.0%,0.06
Rocco Reitz,31,2636,0.00,0.09,-0.09,1.60,0.48,0.00%,0.05,10.31,117.0,11.4,5.80,65.7,0.4,0.27,0.00,0.20,0.07,2.32,1.67,4.78,0.17,1.67,9.42,4.98,52.9%,1.60,0.85,53.2%,42.30,32.95,77.9%,13.55,8.84,65.2%,1.74,0.20,11.8%,0.34
Rodrigo Ribeiro,14,632,0.28,0.50,-0.21,3.70,1.00,7.69%,0.13,5.55,63.8,11.5,2.99,28.5,1.4,0.85,0.00,0.14,0.00,0.85,0.71,1.42,0.43,0.14,5.27,2.42,45.9%,8.40,2.99,35.6%,16.66,11.39,68.4%,8.12,4.56,56.1%,0.43,0.14,33.3%,0.00
Romano Schmid,34,2988,0.12,0.24,-0.12,1.72,0.63,7.02%,0.14,14.25,155.9,10.9,7.68,77.9,0.3,0.33,0.00,0.63,0.06,1.39,0.33,5.21,0.12,0.39,8.28,3.43,41.5%,1.84,0.51,27.9%,43.83,33.40,76.2%,21.54,15.33,71.2%,2.89,0.75,26.0%,0.51
Rômulo,30,2204,0.37,0.59,-0.22,2.57,1.10,14.29%,0.23,5.15,51.8,10.1,2.12,18.3,0.4,0.37,0.12,0.16,0.00,1.23,0.37,2.90,0.12,1.14,5.72,2.41,42.1%,5.59,2.16,38.7%,22.79,17.07,74.9%,9.07,6.74,74.3%,0.00,0.00,0.0%,0.08
Sacha Boey,9,462,0.00,0.05,-0.05,1.17,0.00,0.00%,0.05,7.40,73.5,9.9,3.70,20.9,1.1,0.19,0.00,0.19,0.00,1.17,0.97,4.09,0.00,1.56,7.40,2.73,36.8%,1.95,1.17,60.0%,57.08,49.29,86.3%,20.26,15.78,77.9%,0.97,0.19,20.0%,0.00
Samuel Mbangula,26,1170,0.23,0.12,0.11,1.31,0.62,17.65%,0.09,15.77,195.0,12.4,8.00,85.7,0.8,0.31,0.08,0.31,0.00,1.23,0.31,4.77,0.08,0.23,9.92,5.31,53.5%,1.69,0.46,27.3%,37.00,32.15,86.9%,15.77,13.54,85.8%,1.23,0.15,12.5%,0.31
Saël Kumbedi,24,1805,0.00,0.02,-0.02,0.25,0.00,0.00%,0.08,7.28,79.0,10.9,4.44,46.6,0.5,0.10,0.00,0.00,0.00,2.24,0.80,3.29,0.20,3.44,7.73,3.94,51.0%,1.60,0.55,34.4%,33.31,25.78,77.4%,10.52,7.03,66.8%,1.99,0.40,20.0%,0.10
Saïd El Mala,34,1957,0.60,0.52,0.08,3.45,1.43,17.33%,0.15,11.31,158.3,14.0,7.27,92.5,0.6,1.70,0.28,0.37,0.05,1.10,0.37,2.90,0.00,0.23,10.62,4.18,39.4%,1.75,0.78,44.7%,15.68,11.64,74.2%,7.82,5.24,67.1%,1.79,0.46,25.6%,0.14
Sebastian Sebulonsen,31,2505,0.00,0.06,-0.06,1.11,0.18,0.00%,0.05,9.45,107.3,11.3,5.43,54.0,0.4,0.18,0.00,0.18,0.00,1.58,0.50,4.06,0.18,3.02,4.85,2.55,52.6%,1.98,1.04,52.7%,29.17,22.49,77.1%,8.59,5.14,59.8%,2.37,0.36,15.2%,0.11
Senne Lynen,31,2757,0.00,0.04,-0.04,0.82,0.13,0.00%,0.04,9.40,85.4,9.1,4.05,32.7,0.3,0.03,0.00,0.00,0.00,2.06,2.55,4.41,0.36,3.13,5.91,2.64,44.8%,2.32,1.01,43.7%,53.44,46.29,86.6%,10.71,8.00,74.7%,0.42,0.07,15.4%,0.10
Serge Gnabry,21,1228,0.59,0.46,0.12,3.66,1.25,16.00%,0.13,13.05,143.9,11.0,6.16,57.1,0.7,0.88,0.15,0.29,0.07,1.32,0.29,2.71,0.07,0.22,6.30,2.93,46.5%,0.73,0.00,0.0%,47.57,42.73,89.8%,19.93,16.64,83.5%,1.10,0.29,26.7%,0.59
Serhou Guirassy,33,2348,0.65,0.67,-0.02,3.22,1.53,20.24%,0.21,5.40,52.4,9.7,2.15,10.4,0.2,0.50,0.04,0.08,0.00,0.08,0.00,2.07,0.08,1.30,5.06,1.88,37.1%,6.48,3.64,56.2%,21.81,16.48,75.6%,9.12,6.32,69.3%,0.15,0.00,0.0%,0.08
Sheraldo Becker,14,953,0.28,0.41,-0.13,2.74,1.42,10.34%,0.15,8.22,110.6,13.5,5.57,73.3,1.2,0.94,0.00,0.76,0.09,0.09,0.28,2.64,0.00,0.09,3.59,1.23,34.2%,2.27,0.94,41.7%,16.81,12.37,73.6%,10.77,7.65,71.0%,2.83,0.57,20.0%,0.19
Shuto Machino,32,1063,0.25,0.25,0.01,2.20,0.93,11.54%,0.11,5.25,58.0,11.0,2.62,29.7,1.0,0.76,0.00,0.08,0.00,0.68,0.25,2.62,0.08,1.19,4.91,1.86,37.9%,5.67,2.71,47.8%,24.21,17.61,72.7%,7.96,5.00,62.8%,0.85,0.08,10.0%,0.08
Silvan Widmer,27,1819,0.10,0.12,-0.02,0.99,0.20,10.00%,0.12,5.15,57.5,11.2,2.67,23.6,0.4,0.00,0.00,0.15,0.05,1.98,0.79,2.47,0.40,3.07,4.50,2.57,57.1%,2.87,1.43,50.0%,27.61,20.63,74.7%,10.04,6.23,62.1%,1.83,0.25,13.5%,0.00
Sirlord Conteh,15,619,0.29,0.41,-0.12,1.45,0.44,20.00%,0.28,6.11,74.9,12.3,3.34,27.4,1.2,0.15,0.00,0.29,0.00,1.02,0.58,2.47,0.00,0.73,5.53,2.91,52.6%,3.78,1.31,34.6%,18.90,12.65,66.9%,7.71,4.36,56.6%,2.33,0.87,37.5%,0.15
Stanley Nsoki,13,818,0.11,0.02,0.09,0.33,0.11,33.33%,0.05,7.15,66.8,9.3,3.52,28.1,0.9,0.00,0.00,0.22,0.11,1.43,2.09,4.51,0.22,6.49,4.40,2.75,62.5%,2.64,1.87,70.8%,35.54,24.87,70.0%,11.22,5.50,49.0%,1.32,0.33,25.0%,0.00
Stefan Bell,18,1041,0.17,0.15,0.02,1.04,0.43,16.67%,0.14,8.13,72.7,8.9,4.41,38.7,0.8,0.09,0.09,0.09,0.09,1.04,1.56,2.94,0.86,8.90,3.29,1.64,50.0%,8.90,5.27,59.2%,36.05,25.33,70.3%,7.61,3.54,46.6%,0.09,0.00,0.0%,0.09
Stefan Posch,16,1395,0.00,0.03,-0.03,0.71,0.19,0.00%,0.05,15.03,180.9,12.0,7.87,88.4,0.7,0.00,0.00,0.26,0.00,2.97,1.35,4.39,0.71,5.74,5.94,4.00,67.4%,4.58,2.77,60.6%,44.32,34.39,77.6%,10.26,5.68,55.4%,0.71,0.32,45.5%,0.06
Stefan Schimmer,27,805,0.56,0.60,-0.04,3.47,1.23,16.13%,0.17,3.02,33.3,11.0,1.12,1.8,0.2,0.11,0.00,0.22,0.00,1.23,0.34,2.46,0.00,2.01,4.70,1.90,40.5%,7.60,3.35,44.1%,17.44,11.18,64.1%,9.06,4.58,50.6%,1.12,0.34,30.0%,0.00
Tiago Tomás,27,1013,0.44,0.53,-0.09,3.11,0.89,14.29%,0.17,7.11,84.4,11.9,3.91,38.1,0.9,0.62,0.09,0.44,0.09,1.33,0.44,3.20,0.18,0.89,9.68,5.06,52.3%,2.75,0.89,32.3%,26.74,21.15,79.1%,12.08,9.24,76.5%,0.89,0.09,10.0%,0.18
Tim Lemperle,29,1959,0.37,0.39,-0.03,2.43,0.96,15.09%,0.16,6.39,67.5,10.6,3.35,29.4,0.4,0.55,0.00,0.28,0.05,0.96,0.28,2.80,0.05,1.19,7.95,2.39,30.1%,3.95,1.70,43.0%,23.61,16.58,70.2%,12.31,7.86,63.8%,1.10,0.18,16.7%,0.09
Tim Siersleben,15,1082,0.00,0.04,-0.04,0.42,0.25,0.00%,0.09,8.65,95.9,11.1,6.24,70.8,0.9,0.00,0.00,0.00,0.00,1.91,1.66,2.99,0.75,6.07,4.99,2.83,56.7%,2.41,1.25,51.7%,45.33,36.93,81.5%,9.57,5.16,53.9%,1.08,0.25,23.1%,0.00
Tim Skarke,22,607,0.15,0.13,0.02,2.08,0.74,7.14%,0.06,8.01,90.5,11.3,4.30,41.5,1.4,0.59,0.00,0.74,0.15,1.04,0.15,4.60,0.00,1.48,7.12,3.11,43.8%,3.56,0.59,16.7%,22.83,16.01,70.1%,10.23,7.27,71.0%,2.08,1.04,50.0%,0.15
Timo Hübers,8,669,0.00,0.00,0.00,0.00,0.00,0.00%,0.00,8.07,89.3,11.1,3.77,50.2,1.8,0.00,0.00,0.00,0.00,1.88,1.48,3.23,0.67,8.21,5.25,3.36,64.1%,5.52,2.83,51.2%,49.37,43.05,87.2%,4.71,3.23,68.6%,0.13,0.00,0.0%,0.00
Tom Bischof,26,1294,0.21,0.12,0.09,2.09,0.63,10.00%,0.06,16.34,155.8,9.5,7.86,70.0,0.6,0.28,0.07,0.42,0.14,1.81,1.04,5.22,0.35,0.90,5.84,2.92,50.0%,1.04,0.77,73.3%,81.79,75.74,92.6%,29.07,25.87,89.0%,1.18,0.28,23.5%,0.21
Tom Krauß,26,1786,0.00,0.02,-0.02,0.45,0.10,0.00%,0.04,11.64,127.8,11.0,5.39,43.6,0.4,0.05,0.00,0.15,0.00,3.63,1.41,6.15,0.45,2.37,8.31,5.19,62.4%,1.46,0.76,51.7%,42.03,36.23,86.2%,11.04,8.47,76.7%,0.71,0.10,14.3%,0.10
Tom Rothe,21,1023,0.18,0.10,0.07,1.58,0.44,11.11%,0.06,8.09,84.0,10.4,4.93,48.2,0.9,0.00,0.00,0.26,0.00,1.76,1.67,3.96,0.18,3.78,7.74,2.90,37.5%,3.70,2.29,61.9%,33.34,24.28,72.8%,11.26,7.13,63.3%,3.08,0.62,20.0%,0.00
Tomoya Ando,15,1261,0.00,0.03,-0.03,0.57,0.14,0.00%,0.05,9.71,100.5,10.4,5.64,57.2,0.7,0.00,0.00,0.00,0.00,2.36,1.07,4.78,0.57,5.78,5.50,3.50,63.6%,4.00,2.93,73.2%,49.10,42.11,85.8%,9.85,6.85,69.6%,0.43,0.07,16.7%,0.00
Vincenzo Grifo,33,1716,0.37,0.30,0.07,1.57,0.63,23.33%,0.19,10.33,117.3,11.4,4.98,48.0,0.5,0.21,0.00,0.37,0.10,0.52,0.73,3.46,0.05,1.05,3.72,1.68,45.1%,0.52,0.31,60.0%,41.33,33.93,82.1%,13.48,9.18,68.1%,1.99,0.58,28.9%,0.37
Vini Souza,24,1769,0.00,0.05,-0.05,0.46,0.10,0.00%,0.10,6.56,62.3,9.5,2.34,16.9,0.4,0.00,0.00,0.05,0.00,2.80,1.37,4.78,0.46,3.76,7.58,4.38,57.7%,4.17,2.70,64.6%,35.00,28.34,81.0%,9.11,6.77,74.3%,0.20,0.15,75.0%,0.00
Vladimír Coufal,34,3017,0.03,0.03,0.00,0.75,0.18,4.00%,0.04,9.70,107.7,11.1,5.22,48.6,0.3,0.06,0.00,0.27,0.12,1.79,1.10,5.25,0.48,3.22,7.16,3.91,54.6%,2.03,1.25,61.8%,39.71,31.05,78.2%,14.26,9.99,70.1%,4.41,1.25,28.4%,0.03
Wael Mohya,15,549,0.33,0.15,0.18,1.64,0.82,20.00%,0.09,14.10,171.2,12.1,5.90,43.2,1.2,0.66,0.00,0.33,0.00,1.31,0.16,3.28,0.16,0.33,9.18,3.93,42.9%,2.13,0.82,38.5%,28.52,23.61,82.8%,11.80,9.18,77.8%,1.31,0.00,0.0%,0.00
Waldemar Anton,32,2880,0.06,0.05,0.01,0.50,0.19,12.50%,0.11,18.84,180.3,9.6,8.91,88.4,0.3,0.00,0.00,0.03,0.00,2.28,0.94,4.66,0.53,5.16,4.72,3.09,65.6%,4.47,2.66,59.4%,73.91,66.41,89.8%,12.44,9.03,72.6%,0.38,0.13,33.3%,0.00
Warmed Omari,20,1607,0.00,0.01,-0.01,0.17,0.06,0.00%,0.04,9.46,97.2,10.3,4.54,42.8,0.5,0.00,0.00,0.17,0.00,1.23,1.51,2.86,0.78,4.70,3.64,2.13,58.5%,2.91,1.29,44.2%,40.55,34.78,85.8%,4.87,2.91,59.8%,0.22,0.06,25.0%,0.11
Willi Orbán,33,2950,0.06,0.07,-0.01,0.61,0.27,10.00%,0.12,15.13,148.3,9.8,7.72,79.1,0.3,0.00,0.00,0.06,0.00,1.43,1.28,2.99,1.07,7.41,3.57,2.26,63.2%,6.07,4.21,69.3%,69.96,62.73,89.7%,10.46,7.11,67.9%,0.24,0.03,12.5%,0.09
William Mikelbrencis,26,1371,0.00,0.07,-0.07,0.79,0.39,0.00%,0.10,9.52,120.5,12.7,5.97,78.2,0.9,0.20,0.00,0.33,0.13,2.23,0.33,3.87,0.20,2.49,7.94,3.41,43.0%,1.51,0.66,43.5%,23.44,16.67,71.2%,8.67,5.71,65.9%,3.48,0.39,11.3%,0.00
Woo-yeong Jeong,28,1193,0.30,0.20,0.10,1.66,0.60,18.18%,0.12,6.87,86.6,12.6,3.85,45.0,0.9,0.45,0.08,0.15,0.00,1.36,0.53,3.92,0.00,1.36,6.56,3.39,51.7%,2.64,0.75,28.6%,24.82,18.78,75.7%,9.81,6.64,67.7%,2.04,0.23,11.1%,0.00
Wouter Burger,30,2440,0.15,0.13,0.02,1.33,0.48,11.11%,0.10,7.86,73.2,9.3,3.73,35.3,0.3,0.18,0.00,0.26,0.04,2.66,0.63,4.94,0.22,2.69,7.34,3.25,44.2%,4.28,2.47,57.8%,50.20,38.91,77.5%,19.11,13.32,69.7%,1.33,0.30,22.2%,0.33
Xaver Schlager,26,1837,0.15,0.10,0.04,1.03,0.34,14.29%,0.10,14.70,172.0,11.7,9.01,104.3,0.6,0.15,0.05,0.59,0.00,1.81,0.39,6.03,0.10,1.42,7.20,3.58,49.7%,1.76,1.13,63.9%,51.93,45.12,86.9%,14.70,11.66,79.3%,0.54,0.24,45.5%,0.34
Yan Couto,19,993,0.18,0.09,0.09,0.82,0.36,22.22%,0.11,12.69,145.9,11.5,7.79,89.4,1.0,0.09,0.00,0.54,0.09,1.81,0.63,4.35,0.09,1.72,8.70,4.17,47.9%,0.91,0.18,20.0%,41.60,33.99,81.7%,17.67,13.50,76.4%,3.17,0.91,28.6%,0.09
Yan Diomande,33,2476,0.44,0.26,0.17,1.93,0.95,22.64%,0.14,20.83,254.8,12.2,12.90,147.8,0.4,0.73,0.22,1.16,0.25,1.05,0.58,5.38,0.04,0.33,13.01,6.58,50.6%,1.24,0.18,14.7%,38.78,32.57,84.0%,18.97,14.79,78.0%,1.56,0.25,16.3%,0.18
Yannick Gerhardt,19,1069,0.08,0.08,0.00,0.93,0.08,9.09%,0.09,7.83,82.8,10.6,3.54,24.6,0.6,0.00,0.00,0.17,0.00,1.18,0.76,3.87,0.67,2.86,5.72,2.44,42.6%,4.46,1.68,37.7%,39.15,32.08,81.9%,8.84,5.72,64.8%,0.59,0.08,14.3%,0.00
Yannik Engelhardt,31,2491,0.07,0.08,-0.00,0.76,0.18,9.52%,0.10,11.63,119.5,10.3,4.95,41.2,0.3,0.00,0.00,0.11,0.00,1.55,1.23,4.37,0.40,1.66,6.43,3.00,46.6%,2.35,1.34,56.9%,47.94,41.26,86.1%,8.27,5.71,69.0%,0.22,0.11,50.0%,0.07
Yuito Suzuki,25,1636,0.22,0.22,0.00,2.09,0.77,10.53%,0.10,9.41,126.0,13.4,5.67,74.2,0.7,0.77,0.00,0.44,0.06,1.10,0.55,3.96,0.06,0.55,6.66,2.64,39.7%,1.65,0.50,30.0%,22.28,17.27,77.5%,10.18,7.43,73.0%,0.77,0.17,21.4%,0.17
Yukinari Sugawara,31,2432,0.00,0.07,-0.07,1.11,0.41,0.00%,0.06,9.47,106.5,11.2,5.51,57.4,0.4,0.15,0.00,0.22,0.07,1.33,0.44,3.33,0.22,2.63,4.33,2.15,49.6%,0.85,0.41,47.8%,41.19,32.90,79.9%,13.62,9.66,70.9%,2.70,0.70,26.0%,0.07
Ísak Bergmann Jóhannesson,31,1812,0.05,0.07,-0.02,0.65,0.20,7.69%,0.11,11.37,130.0,11.4,5.26,44.2,0.4,0.05,0.00,0.15,0.05,1.34,0.40,3.53,0.25,1.09,3.77,1.89,50.0%,1.19,0.50,41.7%,44.95,37.65,83.8%,14.90,11.03,74.0%,1.19,0.40,33.3%,0.30
Abde Ezzalzouli,29,2255,0.40,0.37,0.03,2.91,1.04,13.70%,0.13,15.05,209.7,13.9,9.18,136.1,0.6,1.08,0.08,0.56,0.08,2.12,0.64,4.79,0.04,0.56,12.01,6.51,54.2%,2.95,1.24,41.9%,31.85,25.26,79.3%,14.01,10.54,75.2%,2.20,0.36,16.4%,0.24
Abde Rebbach,30,1492,0.06,0.14,-0.08,2.05,0.72,2.94%,0.07,11.82,153.4,13.0,7.12,87.7,0.7,0.97,0.06,0.60,0.06,2.53,0.90,4.83,0.00,1.39,12.31,5.43,44.1%,1.33,0.54,40.9%,27.81,22.14,79.6%,11.46,8.14,71.0%,2.96,0.30,10.2%,0.00
Abdel Abqar,23,1440,0.00,0.02,-0.02,0.44,0.06,0.00%,0.04,5.44,53.8,9.9,2.88,22.0,0.5,0.00,0.00,0.06,0.00,2.38,1.38,2.75,0.50,5.13,7.38,4.75,64.4%,2.50,1.38,55.0%,27.56,19.94,72.3%,6.38,2.19,34.3%,0.13,0.00,0.0%,0.00
Abel Bretones,28,1619,0.06,0.04,0.02,0.61,0.17,9.09%,0.06,9.12,108.8,11.9,5.23,66.1,0.7,0.22,0.00,0.11,0.00,1.83,1.00,3.78,0.28,2.84,7.06,3.61,51.2%,1.17,0.72,61.9%,27.96,21.57,77.1%,9.39,6.89,73.4%,1.83,0.67,36.4%,0.11
Adama Boiro,14,810,0.00,0.00,-0.00,0.22,0.00,0.00%,0.02,10.00,106.9,10.7,6.11,62.4,1.1,0.22,0.00,0.00,0.00,2.00,1.89,3.89,0.11,2.44,6.56,4.11,62.7%,2.44,1.22,50.0%,37.78,32.89,87.1%,12.11,9.78,80.7%,2.67,0.67,25.0%,0.00
Ademola Lookman,12,622,0.58,0.60,-0.02,3.04,0.72,19.05%,0.20,11.58,137.8,11.9,7.81,83.5,1.5,0.87,0.00,0.29,0.00,0.72,0.14,3.62,0.00,0.00,7.23,3.18,44.0%,1.16,0.29,25.0%,26.48,21.99,83.1%,13.17,9.98,75.8%,1.74,0.29,16.7%,0.29
Adrià Pedrosa,27,1084,0.08,0.05,0.04,1.00,0.25,8.33%,0.05,7.06,78.4,11.1,3.07,27.3,0.7,0.17,0.00,0.33,0.08,2.82,1.16,3.07,0.17,3.32,8.80,3.99,45.3%,1.91,0.58,30.4%,34.95,29.31,83.8%,10.46,8.14,77.8%,3.07,1.00,32.4%,0.17
Adrián Liso,28,1709,0.16,0.11,0.05,1.37,0.53,11.54%,0.08,6.16,68.6,11.1,3.21,36.2,0.6,0.63,0.11,0.00,0.00,1.47,0.21,2.79,0.11,0.37,10.37,4.48,43.1%,6.21,1.90,30.5%,14.43,9.95,69.0%,6.95,4.16,59.9%,1.95,0.16,8.1%,0.00
Adrián de la Fuente,33,2710,0.10,0.14,-0.04,1.30,0.30,7.69%,0.11,9.86,92.4,9.4,5.21,52.9,0.3,0.17,0.03,0.13,0.00,1.03,1.59,2.92,0.66,5.94,3.75,2.16,57.5%,2.23,1.36,61.2%,49.52,40.65,82.1%,10.76,5.21,48.5%,1.33,0.40,30.0%,0.17
Aihen Muñoz,21,843,0.11,0.05,0.06,0.64,0.21,16.67%,0.08,6.94,71.8,10.3,3.95,27.4,0.7,0.00,0.00,0.11,0.00,2.99,0.53,3.10,0.11,3.74,7.37,3.52,47.8%,1.92,0.85,44.4%,32.88,27.54,83.8%,9.07,6.94,76.5%,2.56,0.85,33.3%,0.11
Aimar Oroz,31,2152,0.00,0.07,-0.07,1.21,0.17,0.00%,0.06,14.89,180.2,12.1,8.28,84.0,0.4,0.29,0.00,0.50,0.04,1.55,0.42,4.60,0.04,0.63,10.75,5.56,51.8%,2.68,1.25,46.9%,35.51,28.31,79.7%,15.72,12.04,76.6%,0.88,0.29,33.3%,0.29
Aitor Paredes,19,1629,0.11,0.06,0.05,0.72,0.22,15.38%,0.09,14.09,148.0,10.5,8.34,85.6,0.6,0.00,0.00,0.00,0.00,1.16,1.55,3.81,0.22,4.20,3.09,1.71,55.4%,2.65,1.66,62.5%,52.10,45.64,87.6%,7.18,4.25,59.2%,0.06,0.00,0.0%,0.11
Aitor Ruibal,27,1814,0.20,0.19,0.01,1.54,0.60,12.90%,0.12,7.14,71.9,10.1,4.12,39.7,0.5,0.25,0.05,0.20,0.00,2.23,1.04,4.86,0.15,2.23,8.63,4.17,48.3%,0.99,0.35,35.0%,34.63,28.63,82.7%,11.21,8.34,74.3%,1.49,0.45,30.0%,0.15
Akor Adams,32,2059,0.44,0.44,0.00,2.67,1.31,16.39%,0.16,5.07,62.6,12.3,3.37,39.0,0.5,1.05,0.04,0.13,0.00,0.35,0.04,2.10,0.17,1.14,5.07,1.57,31.0%,5.68,2.45,43.1%,15.60,9.97,63.9%,7.43,3.93,52.9%,0.79,0.04,5.6%,0.04
Alan Matturro,19,941,0.10,0.06,0.04,0.77,0.10,12.50%,0.08,10.14,120.2,11.9,6.12,79.8,1.2,0.00,0.00,0.00,0.00,2.01,0.57,5.26,0.48,7.46,4.50,2.96,66.0%,2.96,1.63,54.8%,45.33,37.40,82.5%,7.56,3.06,40.5%,0.00,0.00,0.0%,0.00
Alberto Moleiro,37,2490,0.36,0.21,0.15,1.66,0.72,21.74%,0.13,10.30,125.9,12.2,6.07,78.0,0.5,0.47,0.14,0.36,0.11,1.08,0.43,4.01,0.11,0.47,8.71,3.25,37.3%,0.87,0.11,12.5%,29.42,23.28,79.1%,12.87,9.51,73.9%,0.54,0.07,13.3%,0.51
Alberto Reina,37,2480,0.15,0.13,0.02,0.87,0.40,16.67%,0.15,9.07,102.1,11.2,4.14,47.9,0.4,0.00,0.00,0.07,0.00,1.60,0.69,3.52,0.22,0.51,6.93,3.77,54.5%,1.67,0.62,37.0%,37.74,32.23,85.4%,11.76,8.71,74.1%,1.02,0.18,17.9%,0.15
Aleix Febas,36,3166,0.06,0.06,-0.01,0.65,0.23,8.70%,0.10,16.74,205.1,12.2,9.44,119.3,0.4,0.20,0.00,0.37,0.03,2.19,0.77,4.95,0.09,0.63,11.06,6.96,63.0%,0.63,0.17,27.3%,55.66,49.83,89.5%,20.15,16.89,83.8%,0.71,0.09,12.0%,0.26
Alejandro Balde,28,1874,0.00,0.03,-0.03,0.48,0.05,0.00%,0.07,14.60,165.9,11.4,7.64,75.8,0.5,0.34,0.00,0.24,0.05,1.68,0.24,4.42,0.48,1.20,6.68,3.99,59.7%,0.96,0.48,50.0%,57.34,52.64,91.8%,18.39,16.14,87.7%,1.34,0.29,21.4%,0.10
Alejandro Catena,35,3073,0.09,0.08,0.01,0.56,0.12,15.79%,0.14,9.99,93.0,9.3,5.10,54.4,0.3,0.00,0.00,0.09,0.00,1.20,0.97,3.40,0.94,6.30,3.57,1.76,49.2%,4.13,2.37,57.4%,49.67,42.53,85.6%,6.53,3.60,55.2%,0.06,0.00,0.0%,0.00
Alejandro Francés,24,1103,0.00,0.07,-0.07,1.31,0.33,0.00%,0.05,17.05,208.4,12.2,11.18,137.8,1.0,0.16,0.00,0.41,0.08,2.04,1.22,3.75,0.49,4.90,6.61,4.41,66.7%,1.88,1.22,65.2%,59.65,49.61,83.2%,17.30,12.40,71.7%,1.96,0.73,37.5%,0.08
Alejandro Rego,29,1265,0.07,0.04,0.03,0.85,0.21,8.33%,0.04,6.55,67.3,10.3,3.42,32.3,0.7,0.00,0.00,0.00,0.00,2.99,1.78,5.12,0.36,1.14,9.04,4.06,44.9%,1.57,1.00,63.6%,38.35,31.52,82.2%,10.81,7.40,68.4%,0.36,0.14,40.0%,0.07
Alemão,26,1132,0.32,0.29,0.03,2.07,0.95,15.38%,0.14,3.58,36.9,10.3,1.43,13.1,0.7,0.40,0.08,0.16,0.00,0.40,0.08,1.51,0.16,1.03,7.08,3.10,43.8%,4.61,1.51,32.8%,14.71,10.10,68.7%,6.52,3.66,56.1%,0.40,0.08,20.0%,0.08
Alex Berenguer,31,2164,0.08,0.19,-0.10,1.83,0.83,4.55%,0.10,12.27,136.5,11.1,6.11,51.4,0.3,0.21,0.00,0.21,0.04,1.16,0.54,3.99,0.04,0.75,9.07,3.66,40.4%,3.54,1.29,36.5%,31.94,24.58,77.0%,16.47,11.85,72.0%,3.91,0.87,22.3%,0.25
Alex Sancris,18,705,0.00,0.05,-0.05,1.66,0.64,0.00%,0.03,11.49,138.3,12.0,7.15,72.4,1.3,0.77,0.00,0.26,0.00,1.28,0.26,5.62,0.00,0.51,8.30,3.32,40.0%,3.45,0.64,18.5%,24.77,17.11,69.1%,10.21,6.38,62.5%,6.00,0.77,12.8%,0.13
Alexander Sørloth,35,1981,0.59,0.46,0.13,3.09,1.59,19.12%,0.15,6.09,73.5,12.1,3.27,35.4,0.5,0.59,0.05,0.18,0.00,0.64,0.00,1.54,0.09,1.14,5.50,1.82,33.1%,7.31,4.27,58.4%,19.31,13.13,68.0%,8.50,5.72,67.4%,0.50,0.09,18.2%,0.09
Alexis Sánchez,28,1298,0.28,0.26,0.01,1.73,0.62,16.00%,0.15,7.90,69.1,8.7,2.57,13.6,0.4,0.14,0.00,0.42,0.00,1.53,0.49,4.44,0.00,0.28,7.90,3.88,49.1%,2.50,0.97,38.9%,30.79,22.95,74.5%,15.88,11.23,70.7%,0.76,0.14,18.2%,0.21
Alfon González,20,639,0.28,0.25,0.04,2.39,1.41,11.76%,0.10,7.46,93.1,12.5,4.23,52.9,1.8,0.70,0.14,0.85,0.00,0.42,0.28,3.52,0.00,0.99,9.44,2.39,25.4%,1.13,0.28,25.0%,18.59,15.21,81.8%,9.01,7.18,79.7%,1.83,0.56,30.8%,0.14
Alfonso Pedraza,27,1690,0.05,0.06,-0.01,0.59,0.16,9.09%,0.10,13.10,178.6,13.6,8.57,106.9,0.7,0.27,0.05,0.48,0.05,2.18,1.54,4.37,0.32,2.08,8.04,4.47,55.6%,0.69,0.16,23.1%,32.11,25.35,78.9%,8.73,5.75,65.8%,4.10,0.96,23.4%,0.11
Allan Nyom,15,524,0.00,0.03,-0.03,0.52,0.17,0.00%,0.06,4.29,44.9,10.5,1.55,12.5,1.4,0.00,0.00,0.34,0.17,1.89,0.17,3.26,0.00,4.47,7.04,3.44,48.8%,4.29,3.09,72.0%,30.74,19.75,64.3%,12.19,4.47,36.6%,1.37,1.03,75.0%,0.00
Ander Barrenetxea,30,1769,0.15,0.13,0.02,1.73,0.56,8.82%,0.08,16.18,190.4,11.8,8.29,74.0,0.5,0.71,0.05,0.76,0.15,1.53,0.76,5.44,0.20,0.56,13.18,5.85,44.4%,1.32,0.46,34.6%,36.94,29.66,80.3%,16.74,12.67,75.7%,2.90,0.36,12.3%,0.25
Ander Guevara,25,636,0.14,0.03,0.11,0.71,0.14,20.00%,0.05,13.02,142.1,10.9,6.08,55.9,1.3,0.00,0.00,0.28,0.00,1.70,0.99,5.94,0.28,3.82,8.63,3.11,36.1%,3.82,2.12,55.6%,64.39,53.21,82.6%,16.42,12.03,73.3%,0.99,0.42,42.9%,0.14
Andoni Gorosabel,24,1358,0.00,0.02,-0.02,0.33,0.07,0.00%,0.05,7.42,79.0,10.6,4.44,45.6,0.7,0.07,0.00,0.27,0.00,2.45,1.06,3.05,0.13,2.58,7.29,4.04,55.5%,1.59,0.86,54.2%,36.78,31.48,85.6%,11.93,8.95,75.0%,3.65,0.86,23.6%,0.00
Andrei Ratiu,35,2804,0.00,0.07,-0.07,1.00,0.29,0.00%,0.07,14.28,183.2,12.8,9.21,113.5,0.4,0.35,0.00,0.58,0.10,2.25,1.22,5.23,0.19,2.57,9.34,4.88,52.2%,1.86,0.71,37.9%,42.37,34.83,82.2%,14.70,10.82,73.6%,3.34,0.80,24.0%,0.19
André Almeida,22,1016,0.00,0.05,-0.05,0.80,0.27,0.00%,0.07,17.36,182.7,10.5,8.59,87.5,0.9,0.18,0.00,0.53,0.00,2.04,0.89,4.34,0.09,0.44,10.01,5.31,53.1%,0.35,0.27,75.0%,50.31,45.27,90.0%,21.26,18.34,86.3%,2.21,0.44,20.0%,0.18
André Silva,31,1853,0.49,0.51,-0.03,2.77,1.41,17.54%,0.19,6.27,68.3,10.9,3.11,30.5,0.5,0.39,0.00,0.19,0.00,0.68,0.24,2.72,0.05,0.92,7.63,3.01,39.5%,3.40,1.21,35.7%,24.09,18.89,78.4%,11.03,8.26,74.9%,0.15,0.00,0.0%,0.10
Andrés Castrín,19,1275,0.07,0.03,0.04,0.71,0.21,10.00%,0.04,12.56,129.0,10.3,7.34,76.4,0.7,0.00,0.00,0.07,0.00,1.84,1.41,4.59,0.99,5.86,5.08,3.39,66.7%,3.46,1.91,55.1%,52.87,45.60,86.3%,6.64,4.09,61.7%,0.07,0.00,0.0%,0.00
Ante Budimir,37,2953,0.52,0.52,-0.00,3.14,1.25,16.50%,0.17,2.62,27.3,10.4,1.43,16.0,0.3,0.30,0.03,0.06,0.00,0.64,0.18,1.37,0.18,1.40,4.75,1.80,37.8%,7.10,3.78,53.2%,11.98,7.19,60.0%,5.76,2.99,51.9%,0.12,0.00,0.0%,0.09
Antoine Griezmann,34,1468,0.43,0.47,-0.04,2.88,1.53,14.89%,0.16,10.79,110.7,10.3,5.21,50.3,0.6,0.49,0.12,0.31,0.06,0.86,0.49,3.92,0.12,0.80,4.54,2.02,44.6%,1.90,0.67,35.5%,44.75,36.91,82.5%,17.35,12.94,74.6%,2.02,0.31,15.2%,0.61
Antonio Blanco,36,3116,0.06,0.04,0.02,1.16,0.38,5.00%,0.03,8.64,83.3,9.6,3.78,35.4,0.3,0.09,0.00,0.14,0.06,2.72,1.56,5.95,0.32,1.18,9.76,4.59,47.0%,2.05,1.01,49.3%,53.03,45.35,85.5%,12.07,8.64,71.5%,0.84,0.20,24.1%,0.09
Antonio Raíllo,24,2070,0.00,0.02,-0.02,0.52,0.04,0.00%,0.05,12.48,131.3,10.5,6.74,67.4,0.4,0.00,0.00,0.00,0.00,1.09,0.70,2.70,1.43,5.26,2.83,1.70,60.0%,5.13,3.35,65.3%,49.61,43.87,88.4%,6.13,3.74,61.0%,0.17,0.04,25.0%,0.00
Antonio Rüdiger,18,1492,0.06,0.06,0.00,0.78,0.06,7.69%,0.07,15.44,133.8,8.7,7.12,61.2,0.5,0.06,0.00,0.06,0.00,0.84,0.24,3.44,0.24,3.14,1.75,0.97,55.2%,2.59,1.81,69.8%,70.70,65.81,93.1%,8.02,5.73,71.4%,0.12,0.00,0.0%,0.18
Antonio Sánchez,30,1060,0.00,0.03,-0.03,0.51,0.25,0.00%,0.07,10.44,119.2,11.4,5.18,58.2,1.0,0.25,0.00,0.25,0.00,1.78,1.02,5.77,0.25,1.87,8.07,3.06,37.9%,1.02,0.42,41.7%,32.01,25.22,78.8%,10.78,7.22,66.9%,2.21,0.34,15.4%,0.08
Antony,32,2459,0.29,0.32,-0.03,3.29,1.24,8.89%,0.10,15.56,190.3,12.2,9.59,110.2,0.4,1.17,0.07,0.66,0.04,1.43,0.88,4.50,0.04,0.62,7.50,4.03,53.7%,0.77,0.26,33.3%,43.77,35.87,81.9%,20.64,16.03,77.7%,1.87,0.48,25.5%,0.29
Arda Güler,33,2026,0.18,0.20,-0.03,2.18,0.84,8.16%,0.09,16.13,161.1,10.0,6.66,51.9,0.3,0.40,0.00,0.62,0.09,2.04,0.40,4.49,0.09,0.40,7.91,4.66,59.0%,0.58,0.18,30.8%,59.75,54.20,90.7%,27.01,23.01,85.2%,1.15,0.27,23.1%,0.76
Aritz Elustondo,16,718,0.00,0.05,-0.05,0.50,0.25,0.00%,0.09,9.03,92.6,10.3,4.89,49.5,1.3,0.00,0.00,0.00,0.00,1.75,1.25,3.64,0.38,4.64,7.90,3.13,39.7%,3.76,2.26,60.0%,47.38,40.36,85.2%,9.28,5.64,60.8%,0.75,0.25,33.3%,0.00
Arnau Martínez,35,2678,0.07,0.05,0.01,0.64,0.13,10.53%,0.09,11.12,122.2,11.0,6.39,66.7,0.4,0.17,0.00,0.13,0.00,2.22,1.38,3.93,0.40,4.17,6.39,3.66,57.4%,2.29,1.14,50.0%,47.99,40.90,85.2%,12.23,9.54,78.0%,1.68,0.27,16.0%,0.10
Arnaut Danjuma,30,1627,0.17,0.26,-0.09,1.99,0.77,8.33%,0.13,12.28,173.7,14.1,7.08,106.8,0.8,1.00,0.06,0.61,0.11,0.72,0.11,3.65,0.06,0.33,7.69,3.37,43.9%,1.05,0.44,42.1%,21.68,16.82,77.5%,8.57,5.64,65.8%,2.38,0.72,30.2%,0.17
Aurélien Tchouaméni,33,2622,0.03,0.09,-0.06,1.54,0.24,2.22%,0.06,13.49,133.6,9.9,6.18,58.7,0.3,0.03,0.00,0.24,0.00,2.33,1.61,4.94,0.45,1.89,5.32,3.36,63.2%,3.26,2.47,75.8%,65.66,60.10,91.5%,17.06,14.69,86.1%,0.24,0.03,14.3%,0.21
Axel Witsel,32,2533,0.04,0.08,-0.05,0.71,0.18,5.00%,0.12,11.80,120.0,10.2,5.12,51.1,0.4,0.00,0.00,0.11,0.00,1.31,1.07,5.93,0.39,1.99,5.93,2.95,49.7%,2.66,1.67,62.7%,52.09,47.50,91.2%,11.80,10.09,85.5%,0.04,0.00,0.0%,0.00
Aymeric Laporte,25,2060,0.00,0.07,-0.07,0.66,0.22,0.00%,0.11,12.32,138.9,11.3,8.87,99.0,0.5,0.00,0.00,0.13,0.04,1.18,1.09,3.80,0.57,5.55,2.67,1.83,68.9%,3.89,2.62,67.4%,54.04,48.19,89.2%,7.82,4.76,60.9%,0.09,0.04,50.0%,0.13
Ayoze Pérez,25,1122,0.40,0.43,-0.03,1.93,0.88,20.83%,0.22,8.50,87.8,10.3,5.29,56.3,0.9,0.40,0.00,0.56,0.08,1.76,0.32,1.84,0.00,0.72,10.83,4.57,42.2%,3.53,1.20,34.1%,20.53,15.56,75.8%,9.39,6.58,70.1%,0.56,0.08,14.3%,0.16
Azzedine Ounahi,24,1766,0.25,0.17,0.08,2.60,0.97,9.80%,0.07,21.30,237.5,11.2,11.31,114.6,0.5,0.97,0.05,0.61,0.00,1.17,0.82,4.08,0.05,0.46,15.19,7.80,51.3%,0.61,0.31,50.0%,46.22,39.65,85.8%,23.65,18.96,80.2%,1.43,0.46,32.1%,1.02
Baptiste Santamaría,19,744,0.12,0.04,0.08,0.73,0.24,16.67%,0.06,10.16,111.1,10.9,5.32,51.3,1.2,0.00,0.00,0.00,0.00,1.45,0.85,5.20,0.24,3.63,6.77,3.39,50.0%,3.27,2.18,66.7%,48.99,40.16,82.0%,12.82,9.56,74.5%,0.36,0.12,33.3%,0.00
Batista Mendy,27,1619,0.06,0.06,-0.01,0.95,0.28,5.88%,0.07,7.95,87.3,11.0,3.34,32.7,0.5,0.28,0.00,0.28,0.00,1.95,1.00,5.17,0.28,1.33,8.23,3.95,48.0%,1.50,0.89,59.3%,36.30,31.41,86.5%,10.12,7.78,76.9%,0.28,0.06,20.0%,0.11
Beñat Turrientes,27,1347,0.00,0.05,-0.05,1.34,0.40,0.00%,0.04,11.43,117.2,10.3,6.15,62.1,0.7,0.47,0.00,0.20,0.13,2.67,0.60,5.21,0.33,1.74,10.22,5.48,53.6%,1.54,0.80,52.2%,46.57,40.22,86.4%,11.76,8.49,72.2%,0.40,0.07,16.7%,0.20
Borja Iglesias,35,1902,0.66,0.49,0.17,2.18,1.23,30.43%,0.23,4.97,42.1,8.5,1.47,3.9,0.1,0.24,0.00,0.24,0.00,0.38,0.05,2.27,0.24,0.80,6.58,2.37,36.0%,1.94,0.90,46.3%,21.58,15.76,73.0%,8.38,5.25,62.7%,0.14,0.00,0.0%,0.47
Borja Mayoral,16,1059,0.34,0.26,0.08,1.27,0.59,26.67%,0.20,3.82,38.6,10.1,1.36,5.4,0.3,0.08,0.00,0.00,0.00,0.42,0.42,2.72,0.17,0.42,4.16,1.53,36.7%,3.91,1.27,32.6%,22.44,18.19,81.1%,9.52,7.31,76.8%,0.51,0.08,16.7%,0.25
Brahim Díaz,30,1252,0.07,0.13,-0.06,1.08,0.50,6.67%,0.12,13.15,153.1,11.6,6.33,69.2,0.8,0.22,0.07,0.58,0.14,1.08,0.14,4.24,0.00,0.29,10.71,5.54,51.7%,0.72,0.14,20.0%,38.17,34.58,90.6%,17.40,14.95,86.0%,0.93,0.36,38.5%,0.29
Brais Méndez,29,1672,0.32,0.31,0.01,1.94,0.86,16.67%,0.16,11.03,98.5,8.9,5.17,35.5,0.4,0.43,0.05,0.22,0.05,1.99,0.38,4.68,0.11,0.48,10.12,4.90,48.4%,2.64,1.61,61.2%,47.26,38.76,82.0%,19.22,14.69,76.5%,1.40,0.22,15.4%,0.32
Bryan Gil,29,1586,0.00,0.16,-0.16,1.53,0.40,0.00%,0.11,17.93,227.7,12.7,9.82,106.1,0.6,0.57,0.00,0.57,0.06,1.76,0.51,4.48,0.06,0.62,13.17,5.73,43.5%,0.96,0.23,23.5%,29.39,24.63,83.8%,12.71,9.59,75.5%,2.61,0.74,28.3%,0.23
Bryan Zaragoza,19,1135,0.08,0.16,-0.08,2.06,0.95,3.85%,0.08,17.68,211.3,12.0,10.94,121.2,0.9,1.51,0.00,0.79,0.00,0.79,0.16,2.54,0.00,0.40,9.59,4.28,44.6%,0.63,0.08,12.5%,26.48,20.54,77.5%,14.11,9.99,70.8%,4.20,0.87,20.8%,0.56
Buba Sangaré,12,541,0.00,0.02,-0.02,0.17,0.00,0.00%,0.10,10.15,100.2,9.9,5.82,52.5,1.5,0.17,0.00,0.00,0.00,3.49,1.33,3.33,0.17,2.16,11.15,4.99,44.8%,3.33,1.66,50.0%,40.76,34.60,84.9%,9.65,7.15,74.1%,2.00,0.17,8.3%,0.00
Calebe,19,754,0.00,0.02,-0.02,0.60,0.12,0.00%,0.03,10.74,123.7,11.5,6.56,60.9,1.1,0.60,0.00,0.60,0.00,2.98,1.07,6.21,0.12,0.48,13.37,7.16,53.6%,0.60,0.24,40.0%,37.36,32.82,87.9%,12.41,10.27,82.7%,1.31,0.12,9.1%,0.48
Carl Starfelt,19,1492,0.00,0.03,-0.03,0.24,0.06,0.00%,0.14,8.75,81.6,9.3,5.07,44.6,0.5,0.00,0.00,0.06,0.00,1.39,1.03,3.02,0.78,6.51,3.14,1.87,59.6%,3.20,1.87,58.5%,61.23,58.69,95.9%,2.65,2.23,84.1%,0.00,0.00,0.0%,0.00
Carles Aleñá,34,1995,0.00,0.12,-0.12,1.35,0.23,0.00%,0.09,7.17,73.8,10.3,3.74,33.4,0.4,0.18,0.00,0.18,0.00,1.67,0.45,3.74,0.09,0.99,8.89,3.88,43.7%,1.53,0.63,41.2%,38.35,32.71,85.3%,15.02,12.36,82.3%,1.89,0.45,23.8%,0.09
Carlos Domínguez,8,610,0.00,0.08,-0.08,0.30,0.15,0.00%,0.26,10.92,115.2,10.5,6.34,72.3,1.7,0.00,0.00,0.00,0.00,1.92,0.74,3.69,0.74,6.34,3.84,2.07,53.8%,2.95,2.07,70.0%,65.21,59.61,91.4%,6.34,4.87,76.7%,0.15,0.00,0.0%,0.00
Carlos Espí,25,1338,0.74,0.53,0.21,3.83,1.61,19.30%,0.14,3.83,36.1,9.4,1.75,15.2,0.6,0.20,0.07,0.00,0.00,0.87,0.61,2.76,0.07,0.87,7.94,3.36,42.4%,5.52,3.09,56.1%,14.19,9.35,65.9%,6.26,3.57,57.0%,0.07,0.00,0.0%,0.00
Carlos Martín,11,452,0.00,0.26,-0.26,1.79,0.80,0.00%,0.14,6.57,67.2,10.2,2.39,11.2,0.9,0.40,0.00,0.20,0.00,2.19,0.00,3.78,0.40,0.80,9.96,3.78,38.0%,2.99,1.19,40.0%,21.90,18.12,82.7%,8.36,6.17,73.8%,1.59,0.20,12.5%,0.20
Carlos Romero,36,3195,0.17,0.08,0.09,1.18,0.34,14.29%,0.07,11.38,142.4,12.5,6.76,68.4,0.3,0.48,0.03,0.25,0.03,2.73,1.13,4.87,0.42,2.06,8.31,4.62,55.6%,0.93,0.39,42.4%,28.48,22.59,79.3%,8.65,5.92,68.4%,2.51,0.45,18.0%,0.03
Carlos Soler,33,2325,0.15,0.11,0.05,1.35,0.74,11.43%,0.08,10.65,111.1,10.4,5.65,51.0,0.3,0.35,0.04,0.08,0.00,1.47,0.58,3.45,0.39,1.01,5.50,2.75,50.0%,0.81,0.31,38.1%,46.26,39.99,86.4%,16.57,12.81,77.3%,0.93,0.39,41.7%,0.35
Carlos Vicente,21,1256,0.36,0.26,0.10,0.86,0.43,41.67%,0.30,11.61,126.9,10.9,6.88,64.6,0.7,0.21,0.00,0.21,0.00,1.93,0.50,4.51,0.14,1.00,10.32,5.73,55.6%,1.65,0.79,47.8%,33.82,27.09,80.1%,11.97,8.67,72.5%,6.74,1.29,19.1%,0.00
Carlos Álvarez,30,1897,0.14,0.13,0.01,1.42,0.52,10.00%,0.09,11.72,130.3,11.1,5.88,52.3,0.4,0.28,0.05,0.33,0.00,1.04,0.62,4.36,0.05,0.28,9.58,4.22,44.1%,1.04,0.19,18.2%,31.12,25.19,81.0%,14.33,10.72,74.8%,0.71,0.05,6.7%,0.66
Charles Pickel,24,693,0.13,0.11,0.02,1.30,0.52,10.00%,0.08,4.94,43.0,8.7,1.56,6.0,0.5,0.13,0.00,0.00,0.00,1.69,0.78,3.77,0.39,1.56,6.49,2.60,40.0%,4.81,2.47,51.4%,32.60,26.10,80.1%,9.35,6.62,70.8%,0.26,0.00,0.0%,0.00
Chidera Ejuke,27,923,0.10,0.16,-0.06,2.24,0.29,4.35%,0.07,22.13,254.9,11.5,11.41,106.1,0.9,1.17,0.10,0.29,0.10,1.85,0.59,5.95,0.10,0.29,14.82,8.97,60.5%,1.56,0.49,31.3%,35.10,29.45,83.9%,15.70,11.99,76.4%,2.54,0.49,19.2%,0.20
Claudio Echeverri,17,618,0.15,0.31,-0.17,3.06,1.02,4.76%,0.10,15.73,181.3,11.5,7.86,91.7,1.7,1.31,0.00,0.29,0.00,0.87,0.15,2.91,0.00,0.58,9.76,5.24,53.7%,0.58,0.15,25.0%,32.91,28.40,86.3%,17.91,15.00,83.7%,0.87,0.15,16.7%,0.15
Clemens Riedel,20,1397,0.00,0.01,-0.01,0.19,0.06,0.00%,0.04,10.50,91.3,8.7,4.77,43.0,0.6,0.06,0.00,0.00,0.00,1.80,0.71,3.41,0.39,6.44,4.19,2.25,53.8%,4.19,2.25,53.8%,52.31,46.19,88.3%,6.06,3.09,51.1%,0.13,0.06,50.0%,0.00
Clément Lenglet,19,1393,0.00,0.03,-0.03,0.32,0.00,0.00%,0.08,15.38,169.3,11.0,11.44,129.6,0.7,0.00,0.00,0.19,0.06,1.36,1.42,3.23,0.39,4.72,3.81,1.94,50.8%,3.55,1.94,54.5%,59.70,52.40,87.8%,9.43,6.53,69.2%,0.13,0.00,0.0%,0.13
Conor Gallagher,19,665,0.27,0.15,0.12,1.76,0.68,15.38%,0.09,10.83,108.4,10.0,4.47,42.2,1.3,0.41,0.14,0.14,0.00,2.30,1.49,4.74,0.41,0.68,10.29,3.92,38.2%,2.44,1.35,55.6%,48.59,43.85,90.3%,15.02,12.32,82.0%,1.49,0.14,9.1%,0.14
Copete,21,1760,0.00,0.08,-0.08,0.66,0.00,0.00%,0.12,9.77,92.2,9.4,5.37,52.5,0.5,0.00,0.00,0.05,0.00,1.33,1.13,2.61,0.77,5.73,3.94,2.25,57.1%,3.22,1.84,57.1%,51.34,43.93,85.6%,8.95,5.57,62.3%,0.20,0.15,75.0%,0.00
Cucho Hernández,32,2592,0.38,0.38,-0.00,3.09,0.94,12.36%,0.12,8.02,80.4,10.0,4.03,34.6,0.3,0.87,0.07,0.35,0.00,0.97,0.31,2.81,0.07,0.87,7.01,3.23,46.0%,3.13,1.32,42.2%,22.78,16.35,71.8%,11.25,7.50,66.7%,0.80,0.10,13.0%,0.10
Cédric Bakambu,18,562,0.48,0.54,-0.06,3.36,1.44,14.29%,0.16,3.52,36.5,10.4,1.92,21.4,1.8,0.16,0.00,0.16,0.16,0.32,0.32,1.28,0.00,1.44,5.44,1.92,35.3%,4.16,1.44,34.6%,14.41,11.05,76.7%,6.41,3.84,60.0%,0.32,0.00,0.0%,0.16
César Azpilicueta,17,1218,0.00,0.00,-0.00,0.07,0.00,0.00%,0.01,9.75,106.7,10.9,6.28,73.0,0.9,0.00,0.00,0.07,0.07,2.00,1.63,2.96,0.67,2.96,5.54,2.73,49.3%,2.59,1.63,62.9%,51.87,45.89,88.5%,7.76,5.76,74.3%,0.89,0.37,41.7%,0.00
César Tárrega,32,2597,0.00,0.02,-0.02,0.38,0.03,0.00%,0.06,9.36,97.4,10.4,4.51,53.0,0.4,0.00,0.00,0.07,0.00,1.46,1.01,2.88,0.59,6.72,4.12,2.25,54.6%,3.81,2.15,56.4%,45.78,39.51,86.3%,4.16,2.04,49.2%,0.03,0.00,0.0%,0.00
Daley Blind,31,2610,0.00,0.01,-0.01,0.17,0.03,0.00%,0.05,20.14,216.2,10.7,11.00,108.6,0.3,0.03,0.00,0.21,0.00,1.90,1.34,4.86,0.69,4.34,4.62,3.00,64.9%,2.41,1.14,47.1%,72.66,64.93,89.4%,13.83,10.52,76.1%,0.34,0.10,30.0%,0.21
Dani Calvo,20,1609,0.00,0.02,-0.02,0.17,0.00,0.00%,0.10,8.00,72.1,9.0,3.02,19.9,0.4,0.00,0.00,0.00,0.00,1.51,0.56,1.96,1.51,8.11,2.63,1.85,70.2%,3.75,2.46,65.7%,44.08,40.05,90.9%,3.64,1.73,47.7%,0.06,0.00,0.0%,0.00
Dani Carvajal,17,976,0.00,0.03,-0.03,0.46,0.09,0.00%,0.07,7.19,61.8,8.6,3.50,18.3,0.5,0.00,0.00,0.46,0.09,1.29,0.55,3.41,0.65,1.94,4.52,2.31,51.0%,1.11,0.46,41.7%,48.78,44.91,92.1%,13.09,11.34,86.6%,1.01,0.28,27.3%,0.18
Dani Ceballos,16,482,0.00,0.01,-0.01,0.56,0.00,0.00%,0.01,24.09,223.2,9.3,10.64,104.4,1.8,0.19,0.00,0.19,0.00,3.36,1.31,6.91,0.75,0.93,11.58,6.72,58.1%,0.75,0.19,25.0%,84.02,78.05,92.9%,28.57,25.77,90.2%,0.37,0.00,0.0%,0.37
Dani Olmo,33,2077,0.30,0.33,-0.03,3.03,0.91,10.00%,0.11,10.53,108.6,10.3,4.64,44.7,0.4,0.52,0.04,0.43,0.09,1.43,0.61,4.42,0.04,1.00,7.93,3.94,49.7%,1.43,0.87,60.6%,52.65,44.89,85.3%,21.75,17.20,79.1%,0.56,0.17,30.8%,0.61
Dani Parejo,32,1390,0.06,0.06,0.00,0.19,0.06,33.33%,0.32,7.51,64.7,8.6,2.20,15.8,0.5,0.00,0.00,0.19,0.00,2.72,0.78,4.40,0.39,0.97,7.71,4.99,64.7%,0.65,0.52,80.0%,58.34,51.35,88.0%,14.96,12.11,81.0%,0.13,0.00,0.0%,0.19
Dani Vivian,31,2563,0.04,0.04,-0.01,0.60,0.21,5.88%,0.07,10.50,106.2,10.1,5.58,60.6,0.4,0.00,0.00,0.07,0.00,1.93,1.12,4.56,0.46,5.02,5.27,2.67,50.7%,2.46,1.09,44.3%,47.37,40.52,85.5%,7.87,4.88,62.0%,0.39,0.11,27.3%,0.04
David Affengruber,36,2953,0.03,0.03,0.00,0.43,0.12,7.14%,0.06,16.21,174.4,10.8,10.12,111.1,0.3,0.03,0.00,0.03,0.00,2.26,1.55,4.82,0.79,5.42,5.64,3.66,64.9%,3.23,1.98,61.3%,63.18,55.26,87.5%,9.42,5.67,60.2%,0.27,0.03,11.1%,0.15
David Carmo,22,1787,0.05,0.05,0.00,0.50,0.15,10.00%,0.09,10.27,95.4,9.3,5.04,48.1,0.5,0.05,0.00,0.05,0.00,1.71,1.06,3.02,0.91,7.50,3.63,1.96,54.2%,4.58,3.12,68.1%,51.22,42.20,82.4%,8.01,4.13,51.6%,0.10,0.05,50.0%,0.05
David Costas,25,2064,0.04,0.04,0.00,0.17,0.04,25.00%,0.22,10.16,98.1,9.7,4.84,43.8,0.4,0.00,0.00,0.04,0.00,1.13,1.18,3.01,0.78,4.93,2.88,1.74,60.6%,3.62,2.22,61.4%,44.65,39.68,88.9%,4.36,2.62,60.0%,0.09,0.00,0.0%,0.00
David López,14,833,0.00,0.03,-0.03,0.43,0.00,0.00%,0.08,10.48,86.6,8.3,5.62,49.2,0.9,0.00,0.00,0.00,0.00,1.19,0.86,2.27,1.40,8.75,3.46,1.84,53.1%,4.54,2.92,64.3%,49.59,41.27,83.2%,6.48,2.92,45.0%,0.00,0.00,0.0%,0.00
Davinchi,14,698,0.00,0.03,-0.03,0.52,0.26,0.00%,0.06,4.77,54.0,11.3,2.84,26.7,1.2,0.00,0.00,0.13,0.00,3.35,0.77,3.35,0.13,3.09,11.35,4.90,43.2%,2.32,1.16,50.0%,27.34,15.86,58.0%,10.19,5.03,49.4%,2.45,0.39,15.8%,0.00
Dean Huijsen,28,2037,0.09,0.10,-0.01,0.88,0.22,10.00%,0.11,19.09,198.8,10.4,11.75,130.5,0.5,0.13,0.00,0.13,0.00,1.37,0.84,3.27,0.71,5.70,3.18,2.03,63.9%,3.67,2.21,60.2%,73.39,65.92,89.8%,14.71,11.18,76.0%,0.04,0.00,0.0%,0.04
Denis Suárez,30,1406,0.06,0.06,0.00,0.58,0.26,11.11%,0.11,15.36,169.0,11.0,6.98,76.5,0.7,0.19,0.00,0.38,0.06,1.47,0.38,5.89,0.19,0.77,11.20,4.74,42.3%,0.83,0.26,30.8%,51.02,43.78,85.8%,17.99,13.70,76.2%,0.96,0.19,20.0%,0.51
Diego Llorente,18,1226,0.07,0.07,0.00,0.29,0.22,25.00%,0.23,12.92,121.3,9.4,7.27,72.2,0.7,0.00,0.00,0.00,0.00,1.98,2.06,3.67,0.66,7.05,4.04,2.64,65.5%,4.40,2.50,56.7%,53.59,48.45,90.4%,3.89,1.98,50.9%,0.07,0.00,0.0%,0.00
Diego López,34,1762,0.20,0.14,0.07,1.43,0.41,14.29%,0.10,8.12,107.7,13.3,4.49,62.9,0.7,0.15,0.00,0.26,0.00,1.12,0.51,4.04,0.10,0.56,7.30,3.42,46.9%,3.73,1.28,34.2%,26.20,20.07,76.6%,10.78,7.30,67.8%,2.20,0.36,16.3%,0.10
Diego Pampín,8,534,0.00,0.04,-0.04,0.51,0.00,0.00%,0.07,12.13,123.8,10.2,6.40,54.6,1.4,0.17,0.00,0.00,0.00,1.85,1.01,4.38,0.00,3.37,7.58,3.88,51.1%,1.85,1.01,54.5%,45.51,38.93,85.6%,8.26,5.73,69.4%,2.36,0.51,21.4%,0.00
Diego Rico,28,1753,0.00,0.02,-0.02,0.56,0.05,0.00%,0.03,5.03,53.2,10.6,3.08,27.8,0.5,0.05,0.00,0.05,0.00,2.41,1.59,3.75,0.15,3.03,7.50,4.52,60.3%,2.62,1.13,43.1%,30.29,19.36,63.9%,11.81,6.42,54.4%,3.03,0.56,18.6%,0.05
Dimitri Foulquier,15,1148,0.00,0.04,-0.04,0.47,0.08,0.00%,0.10,8.70,96.3,11.1,5.33,49.5,0.7,0.00,0.00,0.08,0.00,1.18,0.63,4.31,0.08,3.14,5.17,2.51,48.5%,1.96,0.86,44.0%,40.61,34.42,84.8%,7.68,5.49,71.4%,0.94,0.31,33.3%,0.00
Djené Dakonam,34,2585,0.00,0.00,-0.00,0.14,0.00,0.00%,0.03,5.47,52.6,9.6,2.44,18.4,0.3,0.00,0.00,0.00,0.00,1.25,1.22,3.79,0.35,5.05,4.28,2.40,56.1%,2.68,1.60,59.7%,27.75,21.83,78.7%,6.27,3.69,58.9%,0.38,0.00,0.0%,0.00
Djibril Sow,33,2195,0.21,0.07,0.13,0.78,0.33,26.32%,0.09,8.86,89.4,10.1,3.24,23.1,0.3,0.00,0.00,0.21,0.04,1.85,0.90,3.53,0.08,0.37,5.86,3.32,56.6%,1.85,0.62,33.3%,38.95,34.69,89.0%,10.17,8.41,82.7%,0.16,0.08,50.0%,0.04
Domingos Duarte,34,2928,0.03,0.03,0.00,0.40,0.12,7.69%,0.07,4.12,38.1,9.3,1.54,13.0,0.3,0.00,0.00,0.00,0.00,0.95,1.08,3.04,0.46,6.52,3.14,1.69,53.9%,4.15,2.43,58.5%,27.63,21.15,76.5%,5.41,2.43,44.9%,0.00,0.00,0.0%,0.00
Duje Caleta-Car,27,2150,0.04,0.05,-0.01,0.54,0.13,7.69%,0.09,11.55,108.8,9.4,6.11,58.9,0.4,0.00,0.00,0.04,0.00,1.00,1.17,3.31,1.00,5.40,2.76,1.34,48.5%,5.61,3.52,62.7%,56.85,51.49,90.6%,5.11,3.22,63.1%,0.04,0.00,0.0%,0.08
Dávid Hancko,30,2434,0.00,0.05,-0.05,0.78,0.18,0.00%,0.06,12.24,130.8,10.7,7.84,84.6,0.4,0.04,0.00,0.11,0.04,1.59,0.70,3.18,0.41,3.73,3.88,2.03,52.4%,2.74,1.55,56.8%,53.58,46.96,87.7%,12.57,9.06,72.1%,1.07,0.11,10.3%,0.07
Edu Expósito,36,2542,0.04,0.08,-0.05,1.56,0.46,2.27%,0.05,9.67,101.2,10.5,5.28,61.4,0.4,0.07,0.00,0.53,0.04,1.88,0.81,4.21,0.04,1.27,8.14,4.57,56.1%,1.52,0.64,41.9%,35.97,27.44,76.3%,15.51,9.74,62.8%,3.22,0.57,17.6%,0.42
Eduardo Camavinga,29,1526,0.06,0.07,-0.01,0.77,0.12,7.69%,0.09,13.80,145.0,10.5,5.78,49.8,0.5,0.12,0.00,0.18,0.00,3.83,0.83,4.95,0.65,1.42,10.09,6.43,63.7%,1.06,0.59,55.6%,64.05,58.80,91.8%,20.05,17.16,85.6%,0.12,0.00,0.0%,0.41
Enzo Boyomo,30,2545,0.04,0.04,-0.00,0.39,0.14,9.09%,0.09,10.61,106.1,10.0,5.66,54.1,0.3,0.00,0.00,0.04,0.00,2.05,0.60,4.53,0.42,4.31,4.17,2.33,55.9%,2.69,1.31,48.7%,46.47,40.14,86.4%,5.80,3.54,61.0%,0.35,0.07,20.0%,0.00
Eray Cömert,17,1339,0.13,0.08,0.05,0.74,0.20,18.18%,0.11,11.63,121.5,10.5,5.11,52.4,0.7,0.07,0.00,0.00,0.00,1.75,1.34,3.09,0.40,5.91,3.83,2.62,68.4%,2.08,1.14,54.8%,53.70,46.11,85.9%,6.99,4.03,57.7%,0.07,0.07,100.0%,0.07
Eric Bailly,15,1236,0.07,0.02,0.05,0.36,0.07,20.00%,0.06,11.21,125.3,11.2,5.75,61.5,0.8,0.00,0.00,0.00,0.00,0.87,1.17,3.93,1.38,6.12,3.20,1.82,56.8%,4.44,2.99,67.2%,41.00,34.95,85.3%,4.51,2.11,46.8%,0.07,0.00,0.0%,0.00
Eric García,34,2730,0.03,0.10,-0.06,0.82,0.23,4.00%,0.12,11.87,114.4,9.6,6.49,63.1,0.3,0.13,0.00,0.20,0.00,2.44,1.58,3.73,0.23,2.57,5.57,3.26,58.6%,2.67,1.45,54.3%,77.44,71.37,92.2%,18.40,16.19,88.0%,0.46,0.03,7.1%,0.23
Facundo Garcés,10,792,0.00,0.04,-0.04,0.91,0.45,0.00%,0.04,7.39,62.7,8.5,2.27,25.8,1.3,0.00,0.00,0.00,0.00,1.48,0.80,2.84,1.02,7.73,3.52,1.82,51.6%,5.00,2.73,54.5%,40.23,33.98,84.5%,3.86,1.48,38.2%,0.11,0.00,0.0%,0.00
Federico Valverde,33,2746,0.16,0.09,0.07,1.67,0.72,9.80%,0.06,14.55,162.1,11.1,6.88,72.8,0.3,0.33,0.07,0.29,0.07,1.34,0.79,4.65,0.26,1.67,4.20,2.56,60.9%,1.15,0.72,62.9%,62.40,56.24,90.1%,22.22,18.91,85.1%,0.92,0.20,21.4%,0.26
Federico Viñas,33,2451,0.33,0.32,0.01,2.09,0.77,15.79%,0.15,5.99,64.2,10.7,2.90,25.1,0.3,0.22,0.00,0.22,0.00,1.84,0.51,3.27,0.15,1.03,10.83,6.13,56.6%,7.31,3.41,46.7%,18.98,13.66,72.0%,8.00,4.88,61.0%,0.07,0.04,50.0%,0.04
Fer López,17,1174,0.08,0.12,-0.04,1.00,0.38,7.69%,0.12,16.10,178.2,11.1,7.05,59.7,0.6,0.31,0.00,0.00,0.00,1.53,0.61,5.60,0.15,0.69,9.66,4.60,47.6%,1.15,0.38,33.3%,44.85,38.64,86.2%,15.64,12.04,77.0%,0.31,0.15,50.0%,0.92
Fermín López,30,1797,0.30,0.35,-0.05,3.41,1.25,8.82%,0.10,15.63,164.1,10.5,7.06,62.8,0.4,0.80,0.15,0.55,0.25,2.40,0.35,4.11,0.00,0.30,11.07,5.61,50.7%,1.15,0.40,34.8%,44.57,38.96,87.4%,18.68,14.67,78.5%,1.60,0.25,15.6%,0.95
Fernando Calero,28,2150,0.00,0.07,-0.07,0.50,0.04,0.00%,0.15,9.25,80.9,8.7,4.94,48.6,0.4,0.00,0.00,0.00,0.00,1.21,1.17,3.56,1.21,5.19,2.85,1.67,58.8%,3.43,1.55,45.1%,51.24,45.33,88.5%,4.65,2.09,45.0%,0.08,0.00,0.0%,0.00
Ferran Jutglà,30,1663,0.49,0.36,0.12,2.44,1.41,20.00%,0.15,8.98,96.4,10.7,5.03,46.0,0.5,0.70,0.11,0.27,0.05,0.65,0.43,2.76,0.05,1.08,7.74,3.41,44.1%,2.60,0.92,35.4%,22.51,17.53,77.9%,8.77,6.06,69.1%,1.08,0.22,20.0%,0.11
Ferran Torres,33,1976,0.73,0.60,0.13,3.14,1.69,23.19%,0.19,4.60,48.2,10.5,1.91,12.1,0.3,0.36,0.18,0.18,0.00,0.32,0.14,1.64,0.05,0.46,4.24,1.59,37.6%,1.96,1.14,58.1%,21.45,16.26,75.8%,9.66,6.47,67.0%,0.14,0.05,33.3%,0.14
Filip Ugrinic,27,1507,0.00,0.06,-0.06,1.19,0.18,0.00%,0.05,7.58,79.5,10.5,3.11,23.8,0.5,0.06,0.00,0.18,0.00,1.49,0.66,4.72,0.18,1.97,6.15,3.34,54.4%,1.67,0.96,57.1%,39.12,32.79,83.8%,12.54,9.38,74.8%,1.07,0.30,27.8%,0.12
Florian Lejeune,36,3231,0.06,0.06,-0.01,1.39,0.50,4.00%,0.05,12.26,118.6,9.7,6.77,66.6,0.3,0.17,0.00,0.11,0.00,1.84,1.34,4.68,0.75,6.38,4.48,2.42,54.0%,3.45,2.28,66.1%,59.30,51.75,87.3%,8.61,4.82,56.0%,0.22,0.08,37.5%,0.00
Fran Beltrán,27,1544,0.06,0.04,0.02,0.93,0.23,6.25%,0.04,14.75,150.5,10.2,7.69,77.2,0.6,0.06,0.00,0.12,0.00,1.98,0.99,4.02,0.35,1.46,6.35,3.09,48.6%,1.69,0.58,34.5%,61.50,56.25,91.5%,16.55,14.16,85.6%,0.47,0.12,25.0%,0.06
Fran García,13,929,0.10,0.09,0.01,0.58,0.19,16.67%,0.15,10.75,132.7,12.3,6.01,72.7,1.2,0.29,0.00,0.10,0.10,1.84,0.68,3.29,0.39,2.13,5.91,3.49,59.0%,1.94,0.68,35.0%,43.01,38.27,89.0%,13.27,11.33,85.4%,2.71,0.58,21.4%,0.00
Fran Pérez,29,1234,0.15,0.16,-0.02,1.24,0.58,11.76%,0.13,12.47,166.5,13.3,6.78,79.5,0.9,0.73,0.00,0.29,0.07,1.09,0.15,6.20,0.15,0.51,7.88,3.21,40.7%,1.46,0.07,5.0%,22.17,18.23,82.2%,9.04,7.07,78.2%,3.35,0.44,13.0%,0.07
Franco Mastantuono,23,1037,0.09,0.27,-0.18,2.60,0.61,3.33%,0.10,19.44,218.2,11.2,6.16,32.5,0.5,0.61,0.09,0.26,0.00,1.74,0.26,3.38,0.00,0.26,14.23,6.51,45.7%,1.13,0.43,38.5%,42.70,38.45,90.0%,17.62,14.93,84.7%,1.13,0.35,30.8%,0.69
Frenkie de Jong,25,1631,0.06,0.06,-0.01,0.39,0.11,14.29%,0.17,23.07,270.6,11.7,12.69,147.2,0.6,0.00,0.00,0.33,0.11,2.48,0.94,4.75,0.22,0.83,6.13,4.25,69.4%,0.88,0.44,50.0%,82.88,78.08,94.2%,28.03,25.82,92.1%,0.33,0.22,66.7%,0.22
Gabriel Suazo,29,2096,0.00,0.02,-0.02,0.21,0.09,0.00%,0.09,9.23,92.1,10.0,5.24,46.4,0.4,0.04,0.00,0.26,0.00,3.69,1.29,4.77,0.21,2.02,8.63,4.94,57.2%,1.50,0.56,37.1%,44.06,36.71,83.3%,14.17,10.35,73.0%,2.23,0.69,30.8%,0.13
Gavi,11,574,0.00,0.00,0.00,0.00,0.00,0.00%,0.00,15.05,136.8,9.1,3.61,5.0,0.2,0.00,0.00,0.16,0.00,2.67,0.47,4.08,0.31,1.10,9.41,4.70,50.0%,2.82,1.88,66.7%,64.29,59.43,92.4%,17.25,15.37,89.1%,0.31,0.00,0.0%,0.16
Georges Mikautadze,32,2117,0.55,0.49,0.07,2.76,1.36,20.00%,0.18,6.59,77.8,11.8,3.53,44.1,0.5,0.43,0.09,0.47,0.17,0.26,0.21,1.70,0.04,0.26,6.89,3.53,51.2%,1.83,0.43,23.3%,17.01,12.84,75.5%,8.08,5.65,70.0%,0.43,0.09,20.0%,0.26
Gerard Gumbau,28,1171,0.00,0.07,-0.07,1.54,0.38,0.00%,0.04,6.30,61.7,9.8,3.00,21.5,0.6,0.31,0.00,0.15,0.00,2.23,0.77,3.61,0.46,2.15,6.92,3.07,44.4%,2.38,1.08,45.2%,37.28,31.05,83.3%,10.15,7.15,70.5%,0.92,0.31,33.3%,0.15
Gerard Martín,32,2124,0.00,0.01,-0.01,0.30,0.17,0.00%,0.03,18.01,171.1,9.5,10.34,96.8,0.4,0.13,0.00,0.08,0.00,1.69,1.23,3.05,0.34,4.70,3.47,2.25,64.6%,2.67,1.82,68.3%,82.46,75.38,91.4%,14.53,11.99,82.5%,0.59,0.08,14.3%,0.00
Gerard Moreno,22,1350,0.67,0.42,0.25,2.60,1.07,25.64%,0.16,11.40,122.9,10.8,5.20,45.8,0.6,0.20,0.00,0.67,0.00,1.00,0.27,2.73,0.07,1.13,7.20,3.20,44.4%,2.67,1.27,47.5%,37.87,30.00,79.2%,15.40,11.13,72.3%,0.73,0.13,18.2%,0.47
Germán Valera,36,2869,0.13,0.08,0.04,0.88,0.25,14.29%,0.09,13.49,177.9,13.2,6.56,67.7,0.3,0.25,0.00,0.41,0.09,1.73,0.72,4.08,0.25,1.38,8.88,5.14,58.0%,0.94,0.38,40.0%,36.11,31.59,87.5%,15.12,13.05,86.3%,2.85,0.72,25.3%,0.06
Giovani Lo Celso,24,1396,0.13,0.16,-0.03,1.93,0.71,6.67%,0.08,14.70,155.1,10.6,6.64,62.0,0.6,0.32,0.00,0.52,0.06,1.22,0.39,4.77,0.00,0.45,8.70,4.96,57.0%,1.16,0.64,55.6%,55.77,49.06,88.0%,23.27,18.70,80.3%,0.90,0.26,28.6%,0.52
Giuliano Simeone,31,2109,0.17,0.22,-0.05,1.54,0.60,11.11%,0.14,11.22,129.6,11.5,5.76,53.9,0.4,0.43,0.04,0.38,0.13,1.92,0.77,4.74,0.04,0.47,10.03,4.86,48.5%,1.92,1.11,57.8%,40.37,33.03,81.8%,16.30,12.03,73.8%,2.05,0.43,20.8%,0.13
Gonzalo García,30,952,0.57,0.51,0.06,1.99,1.04,28.57%,0.26,6.24,63.0,10.1,2.65,15.1,0.5,0.57,0.09,0.38,0.00,1.04,0.28,2.17,0.00,0.85,5.11,1.80,35.2%,3.59,1.99,55.3%,22.78,19.38,85.1%,7.47,5.86,78.5%,0.28,0.00,0.0%,0.19
Gonzalo Villar,12,718,0.13,0.03,0.10,0.50,0.13,25.00%,0.05,12.91,141.6,11.0,6.89,73.9,1.3,0.00,0.00,0.13,0.00,1.63,0.25,4.14,0.25,0.88,10.03,5.89,58.8%,2.26,1.38,61.1%,49.39,44.12,89.3%,20.93,18.30,87.4%,0.88,0.00,0.0%,0.38
Gonçalo Guedes,32,1832,0.39,0.19,0.20,2.26,0.88,17.39%,0.08,10.46,114.5,10.9,5.80,54.2,0.5,0.49,0.15,0.44,0.15,1.23,0.20,2.80,0.00,0.29,7.96,3.73,46.9%,1.57,0.54,34.4%,27.76,20.73,74.7%,14.15,9.97,70.5%,3.34,0.79,23.5%,0.15
Gorka Guruzeta,35,2371,0.38,0.40,-0.02,3.19,1.21,11.90%,0.12,3.15,28.9,9.2,1.37,8.3,0.2,0.23,0.00,0.15,0.00,0.72,0.46,2.24,0.08,0.68,6.07,2.13,35.0%,7.25,2.96,40.8%,19.81,13.32,67.2%,9.64,5.69,59.1%,0.27,0.04,14.3%,0.11
Grady Diangana,20,929,0.10,0.11,-0.02,1.55,0.19,6.25%,0.07,9.78,98.0,10.0,4.65,41.8,0.9,0.39,0.00,0.29,0.00,1.36,0.39,2.62,0.29,0.87,9.88,4.07,41.2%,1.84,0.68,36.8%,28.48,23.83,83.7%,11.63,8.43,72.5%,0.78,0.19,25.0%,0.19
Guido Rodríguez,16,1308,0.28,0.07,0.21,1.03,0.34,26.67%,0.07,9.22,82.0,8.9,3.85,32.0,0.6,0.07,0.00,0.07,0.00,2.82,0.69,5.50,0.48,2.75,9.84,5.44,55.2%,2.41,1.31,54.3%,48.65,42.32,87.0%,12.87,10.11,78.6%,0.14,0.07,50.0%,0.00
Haissem Hassan,37,1943,0.00,0.07,-0.07,1.57,0.37,0.00%,0.05,21.31,345.5,16.2,12.78,192.7,0.7,0.93,0.00,0.51,0.05,1.81,0.28,3.34,0.00,0.51,11.53,5.79,50.2%,0.37,0.09,25.0%,23.02,18.53,80.5%,8.38,5.65,67.4%,5.19,1.25,24.1%,0.14
Hugo Duro,36,1981,0.45,0.40,0.05,1.64,0.64,27.78%,0.25,1.95,20.0,10.3,0.77,7.2,0.4,0.05,0.00,0.00,0.00,0.73,0.18,1.77,0.27,0.95,5.32,2.59,48.7%,6.54,2.04,31.3%,17.81,12.54,70.4%,6.04,3.45,57.1%,0.05,0.00,0.0%,0.05
Hugo Rincón,33,1741,0.05,0.04,0.01,0.36,0.10,14.29%,0.12,11.48,128.4,11.2,6.05,52.5,0.4,0.00,0.00,0.16,0.00,2.43,0.26,3.41,0.47,2.58,8.99,5.63,62.6%,2.53,1.03,40.8%,40.01,33.03,82.6%,13.91,10.86,78.1%,1.86,0.21,11.1%,0.00
Hugo Sotelo,20,1342,0.00,0.01,-0.01,0.13,0.07,0.00%,0.05,15.56,164.2,10.6,7.71,70.5,0.6,0.00,0.00,0.20,0.07,2.01,0.87,5.97,0.60,1.14,6.37,3.02,47.4%,0.47,0.27,57.1%,66.73,61.56,92.3%,20.12,17.84,88.7%,0.27,0.20,75.0%,0.27
Hugo Álvarez,28,1337,0.27,0.18,0.08,0.94,0.54,28.57%,0.20,13.40,161.2,12.0,7.54,83.2,0.7,0.40,0.13,0.88,0.07,1.01,0.67,2.96,0.00,0.61,7.47,3.23,43.2%,0.67,0.07,10.0%,41.06,35.14,85.6%,18.65,15.35,82.3%,1.21,0.13,11.1%,0.27
Héctor Bellerín,27,1820,0.10,0.02,0.08,0.35,0.25,28.57%,0.06,8.60,88.4,10.3,5.34,54.0,0.5,0.05,0.00,0.40,0.10,1.53,0.69,2.92,0.20,3.46,4.45,2.08,46.7%,1.43,0.84,58.6%,50.84,44.85,88.2%,12.86,10.19,79.2%,1.43,0.30,20.7%,0.05
Héctor Fort,14,482,0.37,0.12,0.26,2.24,0.93,16.67%,0.05,11.39,139.1,12.2,6.72,65.8,1.8,0.75,0.00,0.56,0.19,2.24,1.12,3.55,0.19,1.87,8.96,3.92,43.8%,2.05,1.12,54.5%,30.25,25.21,83.3%,9.34,6.91,74.0%,1.68,0.37,22.2%,0.00
Iago Aspas,32,1130,0.40,0.36,0.04,2.23,0.96,17.86%,0.16,12.66,138.8,11.0,5.73,60.4,0.8,0.24,0.08,0.56,0.16,1.19,0.96,3.82,0.00,0.16,6.85,3.50,51.2%,1.04,0.24,23.1%,50.58,39.74,78.6%,27.24,19.67,72.2%,1.12,0.40,35.7%,1.83
Ibrahim Diabate,10,581,0.31,0.28,0.03,2.32,0.77,13.33%,0.12,2.79,28.6,10.2,1.55,11.7,1.2,0.31,0.00,0.00,0.00,0.62,0.31,0.77,0.00,0.93,3.56,1.55,43.5%,6.66,2.32,34.9%,13.94,8.67,62.2%,6.97,3.56,51.1%,0.00,0.00,0.0%,0.00
Igor Zubeldia,25,2082,0.00,0.01,-0.01,0.26,0.04,0.00%,0.04,12.54,125.9,10.0,7.48,78.0,0.5,0.00,0.00,0.00,0.00,1.64,0.95,2.90,0.52,6.44,3.89,1.86,47.8%,4.54,2.07,45.7%,49.84,43.92,88.1%,5.66,3.16,55.7%,0.00,0.00,0.0%,0.13
Iker Losada,23,898,0.30,0.17,0.13,1.40,0.40,21.43%,0.12,6.71,66.5,9.9,4.11,36.7,0.9,0.40,0.10,0.00,0.00,1.30,1.10,3.91,0.20,1.00,5.51,2.61,47.3%,1.80,0.30,16.7%,22.75,16.24,71.4%,8.92,5.61,62.9%,1.10,0.30,27.3%,0.00
Iker Muñoz,19,949,0.00,0.03,-0.03,0.85,0.38,0.00%,0.04,8.91,88.3,9.9,4.65,43.3,0.9,0.09,0.00,0.19,0.00,1.14,1.04,4.65,0.19,2.18,7.78,3.41,43.9%,2.94,1.42,48.4%,42.58,36.13,84.9%,12.80,9.77,76.3%,0.57,0.09,16.7%,0.09
Ilaix Moriba,36,2488,0.07,0.05,0.02,0.65,0.18,11.11%,0.08,8.18,80.0,9.8,3.22,27.1,0.3,0.14,0.00,0.18,0.07,3.15,0.94,3.65,0.25,1.16,9.33,5.72,61.2%,1.70,0.54,31.9%,37.80,33.42,88.4%,10.09,8.07,79.9%,0.07,0.00,0.0%,0.22
Ilias Akhomach,20,893,0.00,0.19,-0.19,2.42,0.81,0.00%,0.08,13.51,156.8,11.6,8.26,96.3,1.2,1.11,0.00,0.10,0.00,2.42,0.20,3.73,0.20,0.91,15.12,7.46,49.3%,0.81,0.10,12.5%,26.00,21.87,84.1%,12.70,9.88,77.8%,1.91,0.40,21.1%,0.20
Ilyas Chaira,36,2458,0.22,0.25,-0.03,2.93,1.28,7.50%,0.09,12.93,151.8,11.7,6.92,74.9,0.4,1.17,0.04,0.18,0.00,1.79,0.18,4.17,0.18,0.40,11.42,4.54,39.7%,2.01,0.77,38.2%,24.28,20.21,83.3%,8.57,6.85,79.9%,2.71,0.44,16.2%,0.04
Isaac Romero,29,1490,0.24,0.32,-0.08,2.48,0.85,9.76%,0.13,6.46,68.6,10.6,2.60,22.1,0.5,0.48,0.00,0.24,0.00,0.97,0.36,3.68,0.06,1.15,9.18,2.96,32.2%,3.38,1.39,41.1%,20.30,14.68,72.3%,8.34,4.89,58.7%,0.60,0.06,10.0%,0.18
Isi Palazón,31,2262,0.12,0.21,-0.09,2.11,0.64,5.66%,0.10,11.10,123.1,11.1,4.38,34.3,0.3,0.60,0.00,0.12,0.08,1.15,0.12,3.82,0.24,0.92,8.91,4.06,45.5%,2.03,0.84,41.2%,34.69,28.61,82.5%,14.44,11.18,77.4%,0.88,0.28,31.8%,0.24
Iván Balliu,14,578,0.00,0.05,-0.05,0.47,0.00,0.00%,0.12,7.79,75.9,9.7,4.52,41.2,1.4,0.00,0.00,0.31,0.00,2.49,1.40,4.36,0.47,0.93,6.70,4.36,65.1%,2.02,0.62,30.8%,41.26,33.94,82.3%,12.46,9.50,76.3%,1.40,0.16,11.1%,0.00
Iván Martín,35,2538,0.00,0.03,-0.03,0.46,0.18,0.00%,0.07,15.25,166.7,10.9,6.24,59.3,0.3,0.00,0.00,0.28,0.04,2.16,0.57,5.21,0.14,1.03,7.70,4.33,56.2%,1.84,0.74,40.4%,50.04,44.72,89.4%,14.72,12.34,83.9%,0.53,0.14,26.7%,0.18
Iván Romero,32,2278,0.28,0.34,-0.07,2.33,0.71,11.86%,0.15,9.21,97.7,10.6,4.15,41.7,0.4,0.51,0.12,0.51,0.00,1.30,0.47,3.63,0.08,0.36,11.85,5.81,49.0%,2.57,1.19,46.2%,21.10,15.45,73.2%,9.76,5.97,61.1%,0.79,0.12,15.0%,0.28
Iñaki Williams,30,2168,0.12,0.27,-0.14,2.37,0.83,5.26%,0.11,7.68,89.5,11.7,4.90,55.4,0.5,0.54,0.00,0.29,0.12,0.50,0.33,2.78,0.08,0.58,6.73,1.95,29.0%,2.66,1.25,46.9%,20.59,14.28,69.3%,11.83,7.22,61.0%,2.78,0.46,16.4%,0.29
Jan Virgili,31,1797,0.10,0.12,-0.02,1.60,0.80,6.25%,0.07,12.97,176.8,13.6,7.91,101.6,0.6,0.90,0.05,0.40,0.05,0.75,0.35,3.41,0.10,0.45,10.87,4.41,40.6%,1.85,0.70,37.8%,20.38,15.43,75.7%,9.77,6.66,68.2%,1.85,0.35,18.9%,0.10
Javi Galán,25,1807,0.00,0.01,-0.01,0.30,0.05,0.00%,0.04,16.14,180.5,11.2,9.81,105.5,0.5,0.05,0.00,0.45,0.05,2.39,1.44,4.48,0.25,2.89,10.26,6.23,60.7%,1.79,0.70,38.9%,45.12,37.85,83.9%,13.70,10.26,74.9%,4.38,1.49,34.1%,0.00
Javi Guerra,36,2069,0.17,0.15,0.03,1.35,0.52,12.90%,0.11,12.05,140.0,11.6,6.57,72.3,0.5,0.22,0.13,0.22,0.00,1.26,1.04,4.65,0.26,1.09,8.61,3.26,37.9%,1.17,0.61,51.9%,42.63,34.76,81.5%,13.35,9.35,70.0%,1.39,0.22,15.6%,0.35
Javi López,25,1712,0.00,0.03,-0.03,0.37,0.05,0.00%,0.07,9.09,95.3,10.5,5.57,56.7,0.5,0.11,0.00,0.26,0.00,2.26,1.05,5.47,0.11,2.89,8.67,4.47,51.5%,2.05,0.74,35.9%,39.01,31.07,79.7%,8.15,6.05,74.2%,3.10,0.89,28.8%,0.05
Javi Muñoz,17,545,0.00,0.06,-0.06,2.15,0.99,0.00%,0.03,7.43,70.9,9.5,2.81,11.8,0.7,0.33,0.00,0.17,0.00,1.32,1.16,4.13,0.17,0.99,5.78,2.31,40.0%,1.65,0.66,40.0%,30.88,21.30,69.0%,13.71,8.59,62.6%,1.82,0.33,18.2%,0.00
Javi Puado,10,678,0.27,0.46,-0.20,1.99,1.19,13.33%,0.23,10.49,138.0,13.2,5.84,66.9,1.5,0.13,0.00,0.40,0.00,0.53,0.40,4.38,0.13,0.40,5.71,1.99,34.9%,1.73,0.27,15.4%,26.42,22.17,83.9%,12.08,9.03,74.7%,2.65,0.66,25.0%,0.00
Javi Rodríguez,33,2561,0.00,0.02,-0.02,0.46,0.07,0.00%,0.05,9.63,94.2,9.8,5.52,57.5,0.4,0.04,0.00,0.14,0.04,1.34,0.91,2.50,0.63,3.41,5.06,2.74,54.2%,2.21,0.95,42.9%,64.73,58.48,90.3%,11.77,9.52,80.9%,0.04,0.00,0.0%,0.11
Javi Rueda,26,1404,0.13,0.08,0.04,0.71,0.19,18.18%,0.12,6.54,65.8,10.1,2.82,16.7,0.4,0.00,0.00,0.13,0.00,1.28,1.35,3.40,0.38,2.12,7.69,3.97,51.7%,1.79,0.51,28.6%,34.10,26.09,76.5%,12.88,9.23,71.6%,1.86,0.32,17.2%,0.13
Jeremy Toljan,37,3173,0.03,0.03,0.00,0.26,0.03,11.11%,0.11,6.41,67.5,10.5,3.66,38.3,0.3,0.03,0.00,0.14,0.03,1.90,0.88,2.75,0.45,2.64,4.79,2.61,54.4%,1.28,0.37,28.9%,32.08,24.79,77.3%,8.48,5.02,59.2%,2.10,0.79,37.8%,0.09
Jesús Areso,26,1504,0.00,0.01,-0.01,0.18,0.00,0.00%,0.04,9.87,128.2,13.0,6.88,88.4,0.8,0.06,0.00,0.36,0.06,1.32,1.08,3.35,0.42,3.05,4.97,2.51,50.6%,2.57,1.97,76.7%,34.77,29.02,83.5%,11.67,8.50,72.8%,5.09,1.02,20.0%,0.00
Jesús Vázquez,24,962,0.00,0.03,-0.03,0.75,0.19,0.00%,0.04,12.07,148.8,12.3,8.14,98.7,1.1,0.28,0.00,0.75,0.00,2.25,0.37,5.05,0.37,2.99,10.48,4.96,47.3%,1.87,1.03,55.0%,31.72,26.66,84.1%,9.54,7.48,78.4%,2.43,0.47,19.2%,0.00
Joel Roca,32,1469,0.18,0.23,-0.04,2.94,0.98,6.25%,0.08,17.28,227.1,13.1,10.54,131.1,0.8,1.10,0.06,0.31,0.00,1.41,0.12,3.86,0.00,0.86,13.11,6.43,49.1%,1.53,0.31,20.0%,23.40,19.48,83.3%,11.46,9.31,81.3%,1.96,0.18,9.4%,0.06
Jofre Carreras,26,921,0.10,0.23,-0.13,2.25,0.68,4.35%,0.10,12.61,157.4,12.5,8.60,109.0,1.2,0.68,0.00,0.78,0.00,0.88,0.59,4.01,0.00,0.78,10.46,5.08,48.6%,1.07,0.29,27.3%,20.91,15.64,74.8%,7.92,4.79,60.5%,3.52,0.88,25.0%,0.10
Johan Mojica,35,2725,0.00,0.02,-0.02,0.56,0.07,0.00%,0.03,10.50,116.5,11.1,5.65,56.3,0.3,0.17,0.00,0.30,0.03,1.68,0.79,5.88,0.20,2.77,6.18,3.14,50.8%,1.29,0.76,59.0%,39.96,31.61,79.1%,12.06,8.62,71.5%,3.93,1.16,29.4%,0.07
John Donald,21,652,0.14,0.10,0.04,0.83,0.28,16.67%,0.12,6.49,58.8,9.1,2.62,11.0,0.6,0.00,0.00,0.00,0.00,2.21,0.97,4.42,0.14,2.48,7.32,3.31,45.3%,3.73,1.93,51.9%,40.17,35.48,88.3%,9.39,7.73,82.3%,0.00,0.00,0.0%,0.00
Johnny Cardoso,15,892,0.00,0.01,-0.01,0.20,0.00,0.00%,0.04,13.12,138.8,10.6,7.87,71.6,0.9,0.00,0.00,0.00,0.00,3.73,1.61,4.14,0.61,2.22,11.00,5.65,51.4%,2.83,1.21,42.9%,50.35,44.50,88.4%,12.21,9.99,81.8%,0.20,0.10,50.0%,0.20
Jon Aramburu,35,2778,0.03,0.06,-0.03,0.68,0.16,4.76%,0.09,7.35,70.5,9.6,3.82,34.4,0.3,0.00,0.00,0.00,0.00,3.40,1.52,3.89,0.26,3.08,9.72,5.15,53.0%,2.27,1.62,71.4%,41.60,33.66,80.9%,10.46,7.48,71.5%,1.52,0.23,14.9%,0.03
Jon Gorrotxategi,30,2215,0.04,0.03,0.01,0.53,0.04,7.69%,0.06,12.96,125.9,9.7,5.53,54.7,0.4,0.04,0.00,0.12,0.00,1.83,1.42,5.08,0.53,1.83,6.66,3.33,50.0%,2.64,1.22,46.2%,53.19,46.24,86.9%,11.82,8.94,75.6%,0.16,0.00,0.0%,0.08
Jon Guridi,28,1240,0.00,0.13,-0.13,1.09,0.29,0.00%,0.12,7.33,82.9,11.3,3.05,27.5,0.7,0.15,0.00,0.15,0.00,2.03,0.73,4.65,0.15,1.38,6.60,3.12,47.3%,3.70,1.60,43.1%,32.23,26.49,82.2%,10.52,8.27,78.6%,0.87,0.15,16.7%,0.00
Jon Martín,25,2250,0.08,0.08,0.00,0.60,0.20,13.33%,0.13,17.40,181.4,10.4,8.24,97.5,0.5,0.00,0.00,0.04,0.00,1.24,1.36,3.28,0.88,6.36,3.28,2.04,62.2%,4.96,3.36,67.7%,54.24,49.48,91.2%,4.80,3.40,70.8%,0.00,0.00,0.0%,0.00
Jon Moncayola,36,3028,0.00,0.06,-0.06,0.68,0.15,0.00%,0.09,7.70,81.3,10.6,4.19,36.9,0.3,0.06,0.00,0.30,0.03,1.63,0.68,4.79,0.18,1.46,5.41,2.38,44.0%,1.01,0.54,52.9%,41.25,33.05,80.1%,13.08,8.77,67.0%,3.03,0.59,19.6%,0.06
Jon Olasagasti,33,1729,0.05,0.13,-0.07,1.46,0.47,3.57%,0.09,8.59,87.9,10.2,5.31,54.3,0.5,0.26,0.00,0.47,0.00,1.46,0.73,4.11,0.36,1.20,7.34,3.80,51.8%,2.76,1.51,54.7%,34.67,26.23,75.7%,13.48,8.59,63.7%,1.82,0.47,25.7%,0.21
Jon Pacheco,22,1734,0.00,0.02,-0.02,0.21,0.05,0.00%,0.07,11.21,122.1,10.9,6.49,71.0,0.6,0.00,0.00,0.10,0.00,1.87,0.57,3.63,1.04,5.35,3.84,2.34,60.8%,3.48,2.18,62.7%,48.74,42.15,86.5%,7.99,4.83,60.4%,0.21,0.05,25.0%,0.05
Jones El Abdellaoui,22,668,0.27,0.35,-0.08,2.29,0.54,11.76%,0.15,13.47,200.5,14.9,9.57,151.4,2.1,1.35,0.13,0.67,0.00,0.81,0.40,3.37,0.00,1.62,8.35,2.69,32.3%,1.75,0.81,46.2%,19.27,16.03,83.2%,9.03,7.54,83.6%,4.04,0.81,20.0%,0.13
Jonny,34,2998,0.00,0.02,-0.02,0.27,0.09,0.00%,0.06,13.54,146.6,10.8,8.02,77.6,0.3,0.09,0.00,0.18,0.00,1.98,1.23,4.68,0.42,1.89,6.78,3.63,53.5%,1.44,0.78,54.2%,52.75,45.69,86.6%,12.10,9.10,75.2%,0.72,0.21,29.2%,0.06
Jorge Herrando,28,1598,0.00,0.02,-0.02,0.17,0.00,0.00%,0.10,7.88,66.2,8.4,2.82,23.2,0.5,0.00,0.00,0.06,0.00,1.80,1.01,2.14,0.62,6.08,4.28,2.37,55.3%,2.82,1.58,56.0%,39.54,34.02,86.0%,3.94,2.20,55.7%,0.06,0.00,0.0%,0.00
Jorge de Frutos,36,2483,0.36,0.39,-0.02,2.28,1.01,15.87%,0.17,6.74,80.6,11.9,4.64,54.2,0.4,0.54,0.00,0.47,0.00,1.12,0.40,2.50,0.00,0.43,7.83,3.52,44.9%,1.85,0.69,37.3%,14.39,10.95,76.1%,6.92,4.60,66.5%,1.70,0.36,21.3%,0.07
Josan,19,554,0.00,0.04,-0.04,0.49,0.16,0.00%,0.09,17.22,190.5,11.1,9.42,79.7,1.4,0.16,0.00,1.79,0.32,1.95,0.81,3.90,0.16,0.81,6.66,4.06,61.0%,0.81,0.16,20.0%,40.13,35.90,89.5%,19.17,16.08,83.9%,9.58,2.60,27.1%,0.00
Joseph Aidoo,8,639,0.00,0.03,-0.03,0.28,0.00,0.00%,0.12,8.03,67.0,8.3,3.80,25.9,1.0,0.00,0.00,0.00,0.00,0.99,1.27,3.66,0.28,5.92,2.11,1.27,60.0%,3.38,1.69,50.0%,55.07,51.27,93.1%,3.52,2.68,76.0%,0.00,0.00,0.0%,0.00
Josip Brekalo,14,483,0.00,0.05,-0.05,1.68,0.56,0.00%,0.03,14.35,173.6,12.1,5.40,52.5,1.8,0.37,0.00,1.12,0.00,2.24,0.56,4.66,0.00,0.19,8.01,4.10,51.2%,0.93,0.00,0.0%,38.94,28.32,72.7%,16.96,12.30,72.5%,2.98,0.56,18.8%,0.37
José Gayà,32,2461,0.04,0.03,0.01,0.48,0.11,7.69%,0.06,8.12,89.3,11.0,4.02,36.8,0.3,0.04,0.00,0.26,0.00,2.52,0.84,3.88,0.26,3.15,6.14,3.66,59.5%,1.46,0.84,57.5%,33.79,28.34,83.9%,9.98,7.39,74.0%,3.22,0.69,21.6%,0.07
José María Giménez,16,1177,0.00,0.13,-0.13,0.99,0.23,0.00%,0.13,9.94,91.5,9.2,5.43,46.3,0.7,0.00,0.00,0.00,0.00,1.91,1.22,3.59,0.92,4.89,5.20,2.83,54.4%,5.66,2.83,50.0%,61.33,55.28,90.2%,8.49,6.19,73.0%,0.00,0.00,0.0%,0.00
José Ángel Carmona,35,2564,0.04,0.03,0.01,0.70,0.11,5.00%,0.04,11.37,135.6,11.9,6.99,84.2,0.4,0.25,0.04,0.25,0.11,2.28,1.37,5.12,0.28,2.49,8.92,4.46,50.0%,2.25,1.58,70.3%,40.86,33.21,81.3%,11.34,7.90,69.7%,1.68,0.46,27.1%,0.07
João Cancelo,16,952,0.19,0.05,0.14,1.23,0.38,15.38%,0.04,17.87,213.2,11.9,11.82,127.0,1.0,0.47,0.19,0.38,0.00,2.55,0.95,5.39,0.19,1.61,11.25,6.24,55.5%,1.23,0.66,53.8%,51.62,45.00,87.2%,16.92,12.76,75.4%,2.55,0.76,29.6%,0.47
Juan Cruz,15,646,0.00,0.05,-0.05,0.14,0.00,0.00%,0.39,5.71,65.5,11.5,3.20,40.4,1.8,0.00,0.00,0.00,0.00,0.56,0.56,2.51,0.84,3.48,2.23,1.11,50.0%,1.39,0.70,50.0%,33.02,29.12,88.2%,5.15,3.76,73.0%,0.70,0.28,40.0%,0.00
Juan Foyth,13,936,0.00,0.01,-0.01,0.19,0.00,0.00%,0.06,11.15,116.1,10.4,6.83,66.8,0.9,0.00,0.00,0.00,0.00,1.92,1.54,4.42,0.96,5.38,3.37,2.31,68.6%,1.54,0.87,56.3%,54.33,48.75,89.7%,6.44,4.33,67.2%,0.10,0.10,100.0%,0.19
Juan Iglesias,37,3189,0.03,0.03,-0.00,0.73,0.14,3.85%,0.04,6.46,69.2,10.7,3.64,38.4,0.3,0.17,0.00,0.06,0.00,3.16,0.71,3.05,0.31,3.98,10.30,5.95,57.8%,2.06,0.90,43.8%,24.38,15.69,64.3%,9.51,5.11,53.7%,2.99,0.62,20.8%,0.03
Juanlu Sánchez,32,1993,0.00,0.04,-0.04,0.63,0.05,0.00%,0.06,10.39,128.2,12.3,7.00,78.9,0.5,0.18,0.00,0.32,0.09,2.84,0.54,4.65,0.00,1.45,10.16,5.96,58.7%,1.94,0.81,41.9%,34.50,28.72,83.3%,12.87,9.93,77.2%,2.66,0.81,30.5%,0.00
Jude Bellingham,28,1917,0.28,0.34,-0.06,2.39,1.22,11.76%,0.14,17.32,186.0,10.7,7.18,73.0,0.5,0.61,0.09,0.38,0.09,2.39,0.66,4.93,0.09,0.85,11.55,6.67,57.7%,2.86,1.64,57.4%,55.26,49.30,89.2%,20.99,17.14,81.7%,0.75,0.19,25.0%,0.19
Jules Koundé,30,2261,0.04,0.07,-0.03,0.56,0.16,7.14%,0.12,13.41,123.8,9.2,7.80,67.4,0.3,0.08,0.00,0.16,0.00,1.87,1.19,3.62,0.48,2.19,6.81,3.66,53.8%,2.47,1.39,56.5%,76.51,70.06,91.6%,20.18,16.96,84.0%,1.59,0.48,30.0%,0.12
Julián Alvarez,29,1902,0.38,0.36,0.01,2.56,1.23,14.81%,0.14,12.59,150.9,12.0,6.10,60.9,0.5,0.47,0.05,0.66,0.05,0.99,0.14,2.41,0.00,0.24,7.15,3.08,43.0%,1.14,0.24,20.8%,32.60,27.21,83.5%,16.47,12.82,77.9%,1.04,0.33,31.8%,0.47
Junior Firpo,12,832,0.00,0.05,-0.05,0.54,0.00,0.00%,0.09,6.71,64.2,9.6,4.33,38.0,1.0,0.00,0.00,0.00,0.00,2.60,1.08,2.92,0.11,3.79,6.92,3.89,56.3%,2.27,1.51,66.7%,41.43,35.05,84.6%,11.25,8.87,78.8%,2.06,0.54,26.3%,0.11
Kareem Tunde,21,1144,0.00,0.09,-0.09,1.65,0.24,0.00%,0.05,7.71,77.6,10.1,3.30,27.4,0.7,0.79,0.00,0.08,0.00,1.81,1.18,4.17,0.00,0.24,8.97,4.80,53.5%,2.52,0.94,37.5%,17.62,13.61,77.2%,6.53,4.48,68.7%,0.87,0.08,9.1%,0.00
Karl Etta Eyong,33,1668,0.38,0.47,-0.09,2.70,1.29,14.00%,0.17,5.83,60.1,10.3,2.91,31.2,0.6,0.38,0.05,0.16,0.11,1.46,0.32,2.97,0.05,0.97,8.42,3.88,46.2%,5.02,1.83,36.6%,15.27,10.52,68.9%,6.80,4.05,59.5%,0.70,0.05,7.7%,0.05
Kervin Arriaga,27,1526,0.18,0.06,0.12,0.94,0.35,18.75%,0.06,11.21,112.5,10.0,4.13,36.1,0.5,0.12,0.00,0.24,0.12,2.42,0.83,5.25,0.83,3.60,7.67,4.13,53.8%,4.36,2.77,63.5%,42.23,34.97,82.8%,9.97,6.49,65.1%,0.29,0.18,60.0%,0.12
Kike García,37,1727,0.42,0.46,-0.04,3.13,1.41,13.33%,0.15,4.43,47.8,10.8,1.93,9.5,0.3,0.16,0.05,0.16,0.00,0.63,0.31,2.50,0.05,1.04,7.09,3.28,46.3%,9.43,4.69,49.7%,20.27,13.13,64.8%,9.17,4.79,52.3%,0.94,0.05,5.6%,0.16
Kike Salas,26,2203,0.08,0.06,0.02,0.78,0.33,10.53%,0.08,11.11,106.7,9.6,5.88,64.7,0.4,0.04,0.04,0.00,0.00,2.41,1.51,4.45,0.74,6.66,5.68,3.31,58.3%,5.64,3.92,69.6%,55.93,44.86,80.2%,9.80,5.07,51.7%,0.41,0.08,20.0%,0.00
Kiko Femenía,28,2020,0.04,0.03,0.01,0.36,0.13,12.50%,0.09,6.64,75.8,11.4,3.34,34.4,0.5,0.04,0.00,0.22,0.00,1.74,1.51,4.46,0.09,1.96,5.12,2.54,49.6%,1.65,0.80,48.6%,26.78,20.72,77.4%,9.98,6.68,67.0%,1.87,0.45,23.8%,0.09
Koke,34,2220,0.08,0.03,0.05,0.57,0.16,14.29%,0.05,14.55,147.2,10.1,7.54,68.7,0.4,0.00,0.00,0.08,0.00,2.03,0.73,5.31,0.28,1.01,6.12,3.04,49.7%,1.18,0.53,44.8%,77.31,71.07,91.9%,21.93,18.45,84.1%,1.22,0.28,23.3%,0.49
Kwasi Sibo,26,1686,0.00,0.02,-0.02,0.48,0.11,0.00%,0.04,3.90,34.1,8.7,1.23,8.1,0.4,0.00,0.00,0.05,0.00,1.81,0.80,4.38,0.32,1.92,5.60,2.24,40.0%,1.65,0.75,45.2%,36.25,31.44,86.8%,6.14,4.75,77.4%,0.11,0.00,0.0%,0.00
Kylian Mbappé,31,2604,0.86,0.83,0.04,5.05,2.18,17.12%,0.16,14.21,181.1,12.7,7.67,104.8,0.5,1.31,0.17,0.69,0.03,0.14,0.07,1.52,0.00,0.00,8.54,4.08,47.8%,0.35,0.24,70.0%,34.49,29.83,86.5%,21.01,17.42,82.9%,0.90,0.21,23.1%,0.24
Lamine Yamal,28,2268,0.63,0.51,0.13,4.64,1.47,13.68%,0.11,26.63,297.4,11.2,15.12,162.1,0.4,1.98,0.28,1.43,0.20,1.39,0.40,3.93,0.00,0.12,16.23,8.73,53.8%,0.20,0.00,0.0%,53.53,43.41,81.1%,30.12,22.58,75.0%,2.54,0.71,28.1%,0.87
Largie Ramazani,27,1224,0.44,0.51,-0.07,3.75,1.40,11.76%,0.14,12.43,153.9,12.4,7.35,87.1,0.9,1.32,0.15,0.51,0.07,1.03,1.03,3.75,0.00,0.59,11.10,4.12,37.1%,1.03,0.22,21.4%,23.16,17.21,74.3%,11.62,7.72,66.5%,2.06,0.44,21.4%,0.66
Leander Dendoncker,19,1332,0.07,0.05,0.01,0.61,0.27,11.11%,0.09,7.70,86.8,11.3,3.78,46.5,0.8,0.07,0.00,0.20,0.00,2.43,0.81,3.65,0.47,2.30,5.47,2.91,53.1%,2.84,1.55,54.8%,37.43,32.23,86.1%,8.11,6.15,75.8%,0.34,0.14,40.0%,0.07
Leandro Cabrera,37,3330,0.08,0.08,0.01,1.08,0.32,7.50%,0.07,6.11,53.8,8.8,3.16,29.1,0.2,0.00,0.00,0.00,0.00,0.97,0.70,2.30,0.73,5.89,2.95,1.32,45.0%,4.41,2.86,65.0%,40.84,32.84,80.4%,8.08,3.92,48.5%,0.54,0.08,15.0%,0.03
Lucas Ahijado,20,1091,0.00,0.08,-0.08,0.82,0.16,0.00%,0.09,11.63,141.9,12.2,6.10,62.0,0.8,0.00,0.00,0.33,0.08,3.79,1.40,4.04,0.33,2.56,8.41,5.36,63.7%,0.99,0.58,58.3%,35.22,28.13,79.9%,9.16,6.52,71.2%,1.32,0.41,31.3%,0.16
Lucas Beltrán,27,1366,0.07,0.27,-0.20,2.24,0.59,2.94%,0.12,8.83,98.9,11.2,4.81,43.1,0.6,0.33,0.00,0.33,0.07,1.45,0.26,3.29,0.07,0.86,10.34,5.07,49.0%,4.61,1.65,35.7%,25.76,20.16,78.3%,10.48,8.17,78.0%,0.59,0.13,22.2%,0.26
Lucas Boyé,29,1959,0.51,0.44,0.06,2.89,0.96,17.46%,0.15,7.95,83.6,10.5,4.00,37.2,0.4,0.69,0.05,0.37,0.05,1.65,0.32,2.94,0.28,0.87,13.14,5.15,39.2%,4.92,1.47,29.9%,19.16,14.01,73.1%,9.19,6.16,67.0%,0.41,0.00,0.0%,0.00
Lucas Torró,34,2307,0.00,0.06,-0.06,1.13,0.31,0.00%,0.06,6.09,56.6,9.3,1.95,12.7,0.3,0.08,0.00,0.08,0.00,1.52,1.09,4.21,0.31,1.79,5.23,2.89,55.2%,6.12,4.25,69.4%,38.70,28.87,74.6%,11.04,6.32,57.2%,0.08,0.00,0.0%,0.00
Lucien Agoumé,34,2693,0.03,0.03,0.00,0.50,0.07,6.67%,0.06,8.82,97.7,11.1,4.75,48.3,0.3,0.03,0.00,0.20,0.03,2.34,1.60,4.68,0.17,1.34,6.78,3.24,47.8%,3.17,1.80,56.8%,43.55,35.29,81.0%,15.61,11.10,71.1%,0.67,0.10,15.0%,0.30
Luis Milla,37,3273,0.03,0.03,-0.01,0.74,0.11,3.70%,0.05,6.79,73.0,10.8,3.41,32.3,0.3,0.03,0.00,0.25,0.05,1.65,1.15,5.72,0.19,1.40,6.38,3.38,53.0%,2.50,1.40,56.0%,38.11,29.70,77.9%,14.05,9.51,67.7%,1.46,0.30,20.8%,0.22
Luis Rioja,37,2636,0.10,0.08,0.02,1.47,0.17,6.98%,0.05,12.33,143.1,11.6,5.63,52.3,0.3,0.44,0.00,0.51,0.10,1.23,0.61,3.52,0.00,1.16,6.93,3.45,49.8%,0.79,0.14,17.4%,28.58,22.47,78.6%,12.50,8.95,71.6%,3.11,0.72,23.1%,0.00
Luis Vázquez,17,1204,0.22,0.15,0.07,1.87,0.67,12.00%,0.08,4.19,40.3,9.6,1.50,5.6,0.3,0.37,0.07,0.00,0.00,0.37,0.30,2.02,0.07,0.90,6.35,2.84,44.7%,7.77,3.44,44.2%,15.47,8.82,57.0%,7.55,3.89,51.5%,0.15,0.00,0.0%,0.00
Luiz Felipe,10,470,0.00,0.07,-0.07,0.57,0.19,0.00%,0.13,7.47,71.5,9.6,3.26,24.4,1.4,0.00,0.00,0.00,0.00,2.30,1.53,2.30,0.57,4.60,4.02,2.49,61.9%,3.26,1.72,52.9%,48.64,44.23,90.9%,2.30,0.96,41.7%,0.00,0.00,0.0%,0.00
Luka Ilic,19,738,0.12,0.08,0.04,1.10,0.61,11.11%,0.08,5.85,63.4,10.8,1.59,10.9,0.8,0.00,0.00,0.00,0.00,1.34,0.61,3.78,0.49,0.98,8.78,2.68,30.6%,1.71,0.73,42.9%,28.66,22.80,79.6%,9.63,6.46,67.1%,0.12,0.00,0.0%,0.24
Luka Sucic,22,1018,0.27,0.18,0.09,2.03,0.62,13.04%,0.09,16.62,175.7,10.6,7.34,51.0,0.6,0.35,0.00,0.53,0.09,1.68,0.44,3.80,0.09,1.33,7.51,3.45,45.9%,3.09,1.41,45.7%,40.93,32.53,79.5%,12.82,8.13,63.5%,0.53,0.00,0.0%,0.88
Léo Pétrot,32,1568,0.00,0.04,-0.04,0.46,0.00,0.00%,0.08,9.59,97.8,10.2,4.76,29.2,0.4,0.17,0.00,0.06,0.00,2.12,0.86,3.96,0.80,4.13,4.71,2.64,56.1%,2.93,1.95,66.7%,54.59,47.35,86.8%,9.13,7.06,77.4%,0.98,0.11,11.8%,0.00
Manu Fernández,14,759,0.00,0.01,-0.01,0.24,0.00,0.00%,0.03,13.99,145.0,10.4,8.54,94.3,1.3,0.12,0.00,0.12,0.00,1.54,0.95,3.79,0.36,4.03,4.15,2.49,60.0%,1.30,0.83,63.6%,59.76,53.83,90.1%,6.05,5.10,84.3%,0.00,0.00,0.0%,0.24
Manu Morlanes,32,1773,0.15,0.10,0.05,0.66,0.20,23.08%,0.15,10.91,109.7,10.1,6.14,52.8,0.4,0.15,0.05,0.10,0.00,2.84,0.96,4.92,0.10,1.12,7.36,3.86,52.4%,1.52,0.66,43.3%,48.07,42.94,89.3%,15.13,12.23,80.9%,0.56,0.10,18.2%,0.15
Manu Sánchez,33,2818,0.03,0.02,0.01,0.42,0.13,7.69%,0.06,9.13,102.3,11.2,5.49,58.7,0.3,0.03,0.00,0.10,0.03,2.59,1.02,3.39,0.16,2.62,6.90,3.64,52.8%,1.63,0.67,41.2%,29.35,23.92,81.5%,8.66,6.26,72.3%,2.24,0.45,20.0%,0.00
Marc Aguado,35,2514,0.04,0.01,0.03,0.11,0.07,33.33%,0.07,5.80,57.7,10.0,3.04,26.9,0.3,0.00,0.00,0.04,0.00,1.72,1.54,3.47,0.75,1.97,3.97,2.51,63.1%,0.93,0.32,34.6%,47.51,43.14,90.8%,9.31,7.95,85.4%,0.07,0.07,100.0%,0.00
Marc Bartra,25,1978,0.05,0.04,0.01,0.73,0.23,6.25%,0.05,12.42,125.4,10.1,7.60,81.9,0.5,0.14,0.00,0.05,0.00,2.05,1.23,3.55,1.09,7.23,4.69,2.82,60.2%,3.32,1.96,58.9%,53.01,45.86,86.5%,7.78,4.69,60.2%,0.14,0.05,33.3%,0.14
Marc Bernal,22,787,0.23,0.12,0.11,0.80,0.23,28.57%,0.15,15.55,133.8,8.6,5.60,49.6,1.0,0.11,0.00,0.00,0.00,2.97,1.37,3.32,0.23,2.17,9.49,5.49,57.8%,3.55,1.72,48.4%,67.47,62.10,92.0%,14.87,12.35,83.1%,0.11,0.00,0.0%,0.11
Marc Casadó,24,981,0.00,0.09,-0.09,1.01,0.00,0.00%,0.09,17.52,157.7,9.0,7.06,53.1,0.7,0.00,0.00,0.18,0.00,1.65,0.64,3.76,0.28,0.73,7.43,3.67,49.4%,1.19,0.64,53.8%,82.39,74.95,91.0%,19.72,16.24,82.3%,0.28,0.18,66.7%,0.28
Marc Pubill,19,1382,0.07,0.06,0.01,0.72,0.26,9.09%,0.08,14.59,156.3,10.7,7.88,86.3,0.7,0.13,0.00,0.13,0.00,1.63,1.30,3.91,0.98,5.54,4.36,2.80,64.2%,4.95,3.84,77.6%,59.52,52.42,88.1%,8.08,5.14,63.7%,0.52,0.13,25.0%,0.26
Marc Roca,29,2025,0.04,0.06,-0.02,0.76,0.31,5.88%,0.08,10.89,102.8,9.4,4.40,37.5,0.4,0.00,0.00,0.22,0.00,1.69,1.02,4.58,0.40,1.73,6.93,3.20,46.2%,1.11,0.40,36.0%,47.73,42.04,88.1%,11.82,9.02,76.3%,0.31,0.04,14.3%,0.31
Marcos Alonso,32,2770,0.03,0.07,-0.04,0.78,0.10,4.17%,0.09,24.60,281.7,11.5,15.43,185.2,0.4,0.10,0.00,0.13,0.00,1.33,0.91,5.00,0.55,5.23,4.45,2.53,56.9%,2.63,1.56,59.3%,77.26,69.69,90.2%,16.41,12.38,75.5%,0.62,0.19,31.6%,0.19
Marcos Llorente,29,2184,0.00,0.08,-0.08,0.74,0.25,0.00%,0.11,14.46,171.8,11.9,7.54,79.6,0.4,0.12,0.00,0.45,0.08,2.43,0.49,5.11,0.08,2.18,6.22,3.42,55.0%,0.95,0.41,43.5%,59.01,52.79,89.5%,17.51,14.42,82.3%,2.06,0.45,22.0%,0.16
Marcus Rashford,32,1761,0.41,0.38,0.03,3.88,1.48,10.53%,0.10,14.92,189.7,12.7,8.53,106.8,0.6,1.18,0.05,0.41,0.05,0.41,0.10,2.25,0.15,0.72,8.23,3.22,39.1%,0.51,0.20,40.0%,39.51,33.48,84.7%,23.10,18.86,81.6%,2.56,0.26,10.0%,0.10
Marcão,13,937,0.00,0.07,-0.07,0.96,0.19,0.00%,0.07,14.41,154.8,10.7,7.78,86.0,1.1,0.00,0.00,0.00,0.00,1.25,0.48,3.07,0.48,5.67,5.76,3.36,58.3%,4.90,2.59,52.9%,44.76,39.09,87.3%,5.67,2.98,52.5%,0.10,0.00,0.0%,0.10
Mario Martín,35,2134,0.08,0.11,-0.03,1.14,0.25,7.41%,0.10,6.28,63.8,10.2,2.49,18.1,0.3,0.17,0.00,0.08,0.04,2.36,0.63,3.12,0.21,1.22,10.80,4.39,40.6%,8.10,3.16,39.1%,24.00,17.54,73.1%,8.56,4.81,56.2%,0.55,0.08,15.4%,0.08
Martim Neto,25,1352,0.13,0.06,0.08,0.80,0.27,16.67%,0.07,11.98,146.3,12.2,5.72,71.5,0.8,0.20,0.00,0.20,0.00,1.40,0.13,3.86,0.07,0.87,7.12,3.53,49.5%,0.87,0.33,38.5%,40.07,35.21,87.9%,16.78,14.31,85.3%,1.20,0.33,27.8%,0.20
Martin Valjent,37,3309,0.00,0.02,-0.02,0.46,0.22,0.00%,0.05,13.90,149.3,10.7,7.48,75.0,0.3,0.05,0.00,0.00,0.00,1.36,0.60,2.45,0.41,6.58,3.10,1.74,56.1%,2.69,1.60,59.6%,48.52,42.29,87.2%,6.61,3.94,59.7%,0.05,0.00,0.0%,0.03
Martín Satriano,18,1604,0.34,0.24,0.09,1.96,0.79,17.14%,0.12,7.29,90.5,12.4,3.53,40.5,0.6,0.50,0.00,0.22,0.00,1.29,0.50,2.97,0.11,1.01,10.16,4.43,43.6%,6.23,2.30,36.9%,20.65,13.35,64.7%,9.82,6.23,63.4%,1.18,0.34,28.6%,0.11
Mateo Joseph,29,1703,0.11,0.27,-0.16,1.74,0.74,6.06%,0.15,6.98,80.7,11.6,3.86,41.8,0.6,0.58,0.00,0.16,0.05,1.53,0.63,3.44,0.21,1.27,8.88,4.12,46.4%,2.70,0.53,19.6%,15.96,13.00,81.5%,6.76,5.02,74.2%,0.74,0.21,28.6%,0.00
Mateu Morey,18,700,0.13,0.04,0.09,0.51,0.26,25.00%,0.08,7.33,67.6,9.2,3.21,18.3,0.7,0.00,0.00,0.13,0.00,2.44,0.90,3.73,0.39,3.86,8.61,4.24,49.3%,2.19,0.77,35.3%,30.99,23.66,76.3%,8.36,5.66,67.7%,1.80,0.77,42.9%,0.00
Matteo Ruggeri,26,1775,0.00,0.01,-0.01,0.25,0.10,0.00%,0.03,8.26,90.1,10.9,5.12,50.0,0.5,0.05,0.00,0.20,0.00,1.83,1.01,4.97,0.15,3.30,5.68,2.18,38.4%,2.23,1.32,59.1%,45.18,39.19,86.8%,15.57,12.98,83.4%,4.41,1.42,32.2%,0.15
Matías Moreno,28,2256,0.00,0.04,-0.04,0.40,0.00,0.00%,0.10,11.61,160.2,13.8,8.06,119.4,0.6,0.04,0.00,0.12,0.00,1.32,1.48,3.11,0.72,5.15,3.83,2.35,61.5%,3.51,1.99,56.8%,43.36,37.22,85.8%,6.46,3.87,59.9%,0.12,0.04,33.3%,0.04
Mauro Arambarri,37,3255,0.17,0.20,-0.03,1.63,0.53,10.17%,0.12,6.28,66.9,10.7,3.12,28.0,0.2,0.14,0.00,0.17,0.00,1.85,0.64,4.26,0.14,0.94,9.24,4.56,49.4%,3.35,1.58,47.1%,22.09,16.70,75.6%,8.07,5.03,62.3%,0.47,0.06,11.8%,0.11
Miguel Román,19,1310,0.07,0.06,0.01,0.55,0.07,12.50%,0.11,9.21,89.0,9.7,4.47,41.2,0.6,0.00,0.00,0.21,0.00,1.85,0.82,4.74,0.48,1.58,5.98,2.82,47.1%,1.44,0.69,47.6%,51.39,45.07,87.7%,12.37,9.34,75.6%,0.14,0.07,50.0%,0.69
Mikel Jauregizar,36,2843,0.06,0.06,0.01,1.23,0.35,5.13%,0.05,8.52,76.8,9.0,3.64,33.4,0.3,0.09,0.06,0.09,0.00,2.15,1.46,5.44,0.09,0.85,8.14,3.55,43.6%,2.56,1.46,56.8%,42.55,34.22,80.4%,15.64,11.11,71.0%,1.39,0.19,13.6%,0.13
Mikel Oyarzabal,34,2714,0.50,0.51,-0.01,2.62,1.19,18.99%,0.19,8.79,102.1,11.6,4.81,48.1,0.3,0.56,0.10,0.50,0.07,0.96,0.13,3.08,0.10,0.93,7.20,3.52,48.8%,3.71,1.29,34.8%,25.77,19.80,76.8%,11.37,7.76,68.2%,0.56,0.03,5.9%,0.46
Moi Gómez,26,1196,0.00,0.03,-0.03,0.83,0.15,0.00%,0.04,21.22,220.4,10.4,8.80,68.4,0.6,0.08,0.00,0.23,0.00,1.51,0.83,6.70,0.08,0.75,7.45,3.99,53.5%,1.43,0.90,63.2%,65.39,58.09,88.8%,24.08,20.47,85.0%,1.81,0.30,16.7%,0.08
Mouctar Diakhaby,8,544,0.17,0.09,0.08,0.66,0.50,25.00%,0.13,10.26,107.8,10.5,6.95,64.6,1.5,0.00,0.00,0.00,0.00,1.32,1.65,3.64,0.33,7.11,3.31,1.99,60.0%,3.64,2.65,72.7%,52.94,46.32,87.5%,5.63,2.81,50.0%,0.00,0.00,0.0%,0.00
Nacho Vidal,29,2272,0.00,0.09,-0.09,0.63,0.12,0.00%,0.14,7.13,75.6,10.6,3.72,31.8,0.3,0.08,0.00,0.08,0.00,1.78,1.23,3.21,0.24,3.13,6.14,3.33,54.2%,1.66,0.87,52.4%,36.36,29.51,81.2%,8.04,5.19,64.5%,1.62,0.20,12.2%,0.08
Nahuel Molina,26,1321,0.14,0.03,0.10,0.95,0.27,14.29%,0.03,10.42,119.1,11.4,6.54,71.3,0.7,0.00,0.00,0.34,0.14,2.73,0.89,5.45,0.34,2.18,7.77,4.09,52.6%,1.50,0.48,31.8%,47.62,38.36,80.5%,14.17,10.49,74.0%,2.93,0.68,23.3%,0.07
Nahuel Tenaglia,36,3239,0.06,0.04,0.01,0.67,0.22,8.33%,0.07,9.42,104.8,11.1,5.25,58.1,0.3,0.11,0.00,0.00,0.00,1.83,1.28,3.22,0.81,5.00,5.14,3.28,63.8%,2.72,1.33,49.0%,37.85,32.70,86.4%,5.64,3.47,61.6%,0.47,0.08,17.6%,0.00
Natan,33,2810,0.00,0.02,-0.02,0.32,0.03,0.00%,0.05,11.43,112.3,9.8,5.35,50.7,0.3,0.00,0.00,0.03,0.00,1.02,1.15,3.20,0.74,6.95,2.91,1.41,48.4%,3.97,2.21,55.6%,45.86,40.48,88.3%,3.78,2.15,56.8%,0.03,0.00,0.0%,0.03
Neal Maupay,12,870,0.21,0.18,0.03,1.76,0.72,11.76%,0.10,5.79,62.3,10.8,2.79,26.5,1.0,0.41,0.10,0.31,0.00,0.41,0.10,2.07,0.10,0.21,6.21,2.48,40.0%,3.52,0.93,26.5%,20.59,16.86,81.9%,7.55,6.10,80.8%,0.41,0.00,0.0%,0.10
Nelson Deossa,20,736,0.00,0.06,-0.06,2.20,0.00,0.00%,0.03,16.26,186.7,11.5,7.95,91.6,1.4,0.73,0.00,0.37,0.00,1.71,0.61,5.01,0.00,1.35,14.43,8.19,56.8%,4.65,3.30,71.1%,39.13,32.65,83.4%,15.04,12.47,82.9%,0.86,0.00,0.0%,0.12
Nemanja Gudelj,34,2348,0.08,0.05,0.03,1.19,0.34,6.45%,0.04,7.36,67.2,9.1,2.99,25.9,0.3,0.11,0.00,0.11,0.00,1.34,0.96,3.07,0.69,4.87,4.52,1.95,43.2%,2.61,1.65,63.2%,42.39,37.45,88.3%,6.17,3.87,62.7%,0.19,0.04,20.0%,0.04
Nico González,24,1453,0.31,0.26,0.05,2.66,1.24,11.63%,0.10,9.11,113.9,12.5,5.76,71.0,0.8,0.62,0.00,0.12,0.00,1.49,0.74,3.78,0.19,1.67,9.60,4.52,47.1%,5.08,3.10,61.0%,33.08,25.15,76.0%,12.26,7.93,64.7%,1.67,0.19,11.1%,0.19
Nico Williams,25,1687,0.32,0.29,0.03,2.45,0.85,13.04%,0.12,17.39,217.9,12.5,12.11,144.7,0.6,0.75,0.16,0.59,0.11,0.80,0.37,4.80,0.00,0.48,14.03,5.92,42.2%,0.96,0.43,44.4%,30.25,23.42,77.4%,15.20,10.30,67.7%,3.04,0.64,21.1%,0.11
Nicolas Pépé,36,2396,0.30,0.31,-0.01,2.37,0.94,12.70%,0.13,15.59,198.3,12.7,8.75,100.0,0.4,0.94,0.15,0.83,0.15,1.16,0.60,4.13,0.04,0.90,10.59,4.96,46.8%,1.62,0.68,41.9%,33.09,27.27,82.4%,16.23,12.55,77.3%,1.09,0.26,24.1%,0.26
Nicolás Fonseca,19,1019,0.00,0.03,-0.03,0.71,0.09,0.00%,0.04,7.42,64.8,8.7,2.65,21.2,0.7,0.09,0.00,0.00,0.00,3.62,1.50,4.50,0.44,1.41,9.45,4.77,50.5%,1.50,0.53,35.3%,49.73,42.39,85.3%,9.27,6.71,72.4%,0.35,0.09,25.0%,0.18
Nobel Mendy,24,1804,0.10,0.08,0.02,0.55,0.15,18.18%,0.14,8.53,75.6,8.9,3.94,36.9,0.5,0.15,0.00,0.00,0.00,1.30,1.05,3.39,1.15,7.73,4.04,2.05,50.6%,2.94,1.55,52.5%,48.04,41.21,85.8%,4.84,2.00,41.2%,0.25,0.00,0.0%,0.05
Obed Vargas,12,739,0.00,0.02,-0.02,0.61,0.00,0.00%,0.04,12.42,134.2,10.8,6.33,73.1,1.4,0.37,0.00,0.12,0.00,3.17,0.85,3.17,0.73,1.10,7.67,5.48,71.4%,0.97,0.24,25.0%,38.48,31.66,82.3%,11.69,8.28,70.8%,0.73,0.12,16.7%,0.37
Oihan Sancet,28,1803,0.20,0.32,-0.12,2.40,0.75,8.33%,0.13,10.28,113.8,11.1,6.09,64.5,0.5,0.25,0.05,0.45,0.00,1.25,0.20,3.29,0.10,0.45,7.49,3.44,46.0%,2.45,0.95,38.8%,29.70,24.16,81.3%,12.78,9.93,77.7%,1.15,0.20,17.4%,0.20
Omar El Hilali,36,2828,0.00,0.00,-0.00,0.03,0.00,0.00%,0.01,7.19,72.9,10.1,3.85,35.1,0.3,0.00,0.00,0.16,0.03,2.32,1.27,3.06,0.51,3.02,5.60,3.28,58.5%,1.97,0.89,45.2%,39.59,31.89,80.5%,8.08,5.31,65.8%,1.81,0.57,31.6%,0.06
Omar Mascarell,30,2245,0.08,0.01,0.07,0.28,0.12,28.57%,0.04,8.54,81.1,9.5,2.65,15.0,0.2,0.00,0.00,0.16,0.08,1.92,1.40,4.45,0.68,3.37,5.21,2.69,51.5%,2.69,1.20,44.8%,43.38,37.28,86.0%,7.78,5.25,67.5%,0.24,0.04,16.7%,0.00
Oriol Rey,20,1319,0.00,0.03,-0.03,0.55,0.07,0.00%,0.06,7.71,71.0,9.2,3.48,26.8,0.5,0.14,0.00,0.07,0.00,1.36,0.68,4.09,0.34,2.25,5.46,2.39,43.8%,1.84,0.89,48.1%,39.23,34.32,87.5%,8.67,6.76,78.0%,0.41,0.27,66.7%,0.07
Orri Óskarsson,20,830,0.98,0.66,0.31,2.93,2.06,33.33%,0.23,2.93,36.1,12.3,1.73,21.1,1.3,0.43,0.11,0.00,0.00,0.76,0.11,1.30,0.11,0.65,4.55,1.84,40.5%,4.01,1.73,43.2%,13.45,8.46,62.9%,6.29,3.36,53.5%,0.54,0.22,40.0%,0.11
Oso,21,1409,0.13,0.08,0.04,1.09,0.51,11.76%,0.08,10.09,134.3,13.3,6.71,88.1,0.8,0.38,0.00,0.26,0.13,1.72,0.45,3.45,0.19,1.09,7.22,3.83,53.1%,1.98,0.96,48.4%,28.17,21.27,75.5%,10.60,7.60,71.7%,3.00,0.64,21.3%,0.06
Pablo Barrios,23,1666,0.05,0.10,-0.04,1.24,0.32,4.35%,0.08,17.34,201.6,11.6,7.89,72.4,0.5,0.16,0.00,0.43,0.00,1.62,1.46,6.16,0.11,0.65,8.48,4.65,54.8%,1.73,0.97,56.3%,56.83,50.56,89.0%,20.74,17.12,82.5%,1.67,0.54,32.3%,0.43
Pablo Durán,30,1424,0.13,0.27,-0.14,2.34,0.95,5.41%,0.12,6.76,68.2,10.1,2.65,22.5,0.5,0.57,0.06,0.13,0.00,1.01,0.38,3.10,0.19,0.95,5.94,2.21,37.2%,1.96,0.82,41.9%,22.88,16.50,72.1%,9.86,6.76,68.6%,0.82,0.00,0.0%,0.19
Pablo Fornals,37,2865,0.28,0.12,0.16,1.38,0.60,20.45%,0.09,14.54,139.9,9.6,7.01,62.1,0.3,0.28,0.06,0.50,0.09,1.23,1.07,4.99,0.09,0.63,6.57,2.80,42.6%,1.70,0.47,27.8%,56.48,48.97,86.7%,21.05,16.65,79.1%,2.07,0.38,18.2%,0.44
Pablo Ibáñez,37,2247,0.04,0.18,-0.14,1.88,0.52,2.13%,0.09,12.54,146.1,11.7,6.25,61.2,0.4,0.24,0.00,0.16,0.00,2.28,0.84,5.01,0.40,1.04,12.34,6.17,50.0%,2.12,1.04,49.1%,40.49,34.73,85.8%,13.06,10.13,77.6%,1.44,0.28,19.4%,0.08
Pablo Maffeo,31,2672,0.03,0.01,0.02,0.24,0.03,14.29%,0.06,8.32,84.2,10.1,4.85,36.0,0.2,0.03,0.03,0.13,0.03,2.29,1.18,3.74,0.64,3.30,6.84,4.21,61.6%,1.85,1.04,56.4%,31.39,24.02,76.5%,8.79,5.83,66.3%,2.86,0.94,32.9%,0.03
Pablo Martínez,27,1865,0.05,0.09,-0.04,1.35,0.19,3.57%,0.07,7.53,83.0,11.0,4.15,42.6,0.5,0.10,0.00,0.10,0.00,0.82,0.97,4.20,0.58,1.40,5.89,2.03,34.4%,1.01,0.68,66.7%,33.25,26.06,78.4%,11.77,7.48,63.5%,1.35,0.53,39.3%,0.29
Pablo Marín,34,1494,0.00,0.08,-0.08,0.78,0.24,0.00%,0.10,7.17,82.9,11.6,4.46,44.4,0.6,0.18,0.00,0.06,0.00,1.14,0.48,3.61,0.06,0.96,8.19,3.49,42.6%,1.81,0.48,26.7%,22.53,17.83,79.1%,7.05,5.00,70.9%,1.02,0.24,23.5%,0.12
Pablo Torre,35,1603,0.22,0.10,0.13,1.40,0.67,16.00%,0.07,11.90,131.4,11.0,6.01,51.6,0.5,0.39,0.06,0.28,0.00,1.24,0.51,4.66,0.11,0.73,8.87,4.15,46.8%,1.80,0.39,21.9%,45.08,38.35,85.1%,17.12,13.59,79.3%,1.35,0.17,12.5%,0.11
Pacha Espino,30,1480,0.12,0.10,0.02,1.22,0.55,10.00%,0.08,10.46,117.3,11.2,5.90,66.2,0.7,0.24,0.00,0.36,0.00,3.16,0.91,5.41,0.30,1.95,10.76,6.02,55.9%,2.19,1.09,50.0%,35.76,25.48,71.3%,12.95,8.15,62.9%,3.04,0.61,20.0%,0.18
Paco Cortés,12,471,0.00,0.10,-0.10,2.29,0.76,0.00%,0.04,10.13,127.0,12.5,5.16,48.0,1.8,0.96,0.00,0.57,0.00,0.76,0.38,4.39,0.19,0.76,9.55,3.63,38.0%,0.57,0.19,33.3%,20.06,15.48,77.1%,7.45,4.78,64.1%,3.63,0.19,5.3%,0.38
Pape Gueye,30,2143,0.21,0.17,0.04,1.97,0.55,10.64%,0.08,10.96,98.3,9.0,5.75,49.8,0.4,0.29,0.00,0.21,0.00,1.68,1.43,4.66,0.38,2.48,7.77,4.58,58.9%,1.81,1.01,55.8%,45.31,36.50,80.5%,14.74,10.46,70.9%,0.59,0.21,35.7%,0.42
Pathé Ciss,29,1995,0.09,0.15,-0.06,0.90,0.36,10.00%,0.17,11.14,111.9,10.0,6.23,58.0,0.4,0.14,0.00,0.14,0.00,2.44,1.62,5.19,0.72,3.52,5.95,3.43,57.6%,2.80,1.53,54.8%,53.77,47.95,89.2%,9.97,7.62,76.5%,0.05,0.05,100.0%,0.09
Pau Cubarsí,31,2708,0.03,0.02,0.02,0.33,0.07,10.00%,0.05,24.23,245.4,10.1,12.40,121.9,0.3,0.10,0.00,0.10,0.00,1.40,1.00,3.46,0.37,4.89,3.02,1.73,57.1%,3.46,2.16,62.5%,91.99,87.34,94.9%,9.54,8.21,86.1%,0.00,0.00,0.0%,0.17
Pau Navarro,23,1924,0.00,0.00,-0.00,0.09,0.09,0.00%,0.04,6.41,55.6,8.7,3.04,29.0,0.4,0.00,0.00,0.00,0.00,3.04,0.84,2.76,0.75,5.05,7.25,3.88,53.5%,2.53,1.22,48.1%,45.51,40.23,88.4%,4.58,2.95,64.3%,0.09,0.05,50.0%,0.00
Pedri,29,2107,0.09,0.07,0.02,0.90,0.43,9.52%,0.07,29.81,318.1,10.7,14.27,147.3,0.4,0.34,0.09,0.81,0.30,2.14,1.03,6.96,0.09,0.98,9.35,5.60,59.8%,0.51,0.43,83.3%,87.78,80.39,91.6%,32.98,28.36,86.0%,0.56,0.21,38.5%,0.90
Pedro Bigas,28,2068,0.04,0.03,0.01,0.44,0.13,10.00%,0.07,13.62,147.0,10.8,7.31,62.8,0.4,0.09,0.04,0.09,0.04,1.57,1.26,3.31,0.78,4.66,4.74,2.52,53.2%,3.18,2.18,68.5%,65.37,58.01,88.8%,14.10,10.88,77.2%,1.13,0.35,30.8%,0.04
Pedro Díaz,34,1869,0.00,0.08,-0.08,2.12,0.29,0.00%,0.04,9.58,111.2,11.6,5.49,61.0,0.5,0.67,0.00,0.14,0.00,1.83,0.39,4.91,0.05,0.72,7.22,3.18,44.0%,1.25,0.63,50.0%,36.98,31.40,84.9%,13.24,10.11,76.4%,1.16,0.24,20.8%,0.29
Pep Chavarría,33,2681,0.03,0.02,0.01,0.60,0.10,5.56%,0.03,13.36,167.0,12.5,8.56,103.3,0.4,0.10,0.03,0.50,0.03,1.81,1.04,4.77,0.47,2.89,6.51,3.56,54.6%,1.78,0.74,41.5%,42.90,36.29,84.6%,11.08,8.56,77.3%,3.26,0.54,16.5%,0.23
Pepelu,31,2232,0.08,0.14,-0.06,0.97,0.12,8.33%,0.15,10.40,90.6,8.7,4.31,37.8,0.4,0.04,0.00,0.08,0.00,2.42,0.85,5.69,0.40,2.66,5.69,3.31,58.2%,2.18,1.21,55.6%,55.69,47.98,86.2%,13.99,10.24,73.2%,0.48,0.08,16.7%,0.24
Peque Fernández,26,978,0.18,0.09,0.09,1.38,0.55,13.33%,0.07,11.69,151.3,12.9,6.90,89.4,1.2,0.28,0.00,0.37,0.00,1.20,0.09,3.77,0.09,0.18,13.16,7.27,55.2%,2.94,1.56,53.1%,33.50,27.24,81.3%,14.17,10.67,75.3%,0.37,0.00,0.0%,0.55
Pere Milla,33,1986,0.32,0.32,-0.00,2.67,0.95,11.86%,0.12,5.76,58.9,10.2,3.76,38.1,0.5,0.18,0.00,0.32,0.00,1.68,0.82,3.44,0.14,0.95,8.29,3.76,45.4%,2.58,1.04,40.4%,24.20,17.31,71.5%,10.06,6.39,63.5%,1.04,0.05,4.3%,0.36
Pol Lozano,33,2171,0.08,0.03,0.05,0.70,0.21,11.76%,0.05,7.92,73.7,9.3,3.19,27.9,0.4,0.04,0.00,0.21,0.04,1.58,0.91,3.44,0.25,1.08,7.59,2.94,38.8%,1.29,0.46,35.5%,39.22,34.08,86.9%,11.81,9.00,76.1%,0.83,0.25,30.0%,0.17
Portu,10,473,0.00,0.26,-0.26,1.71,0.95,0.00%,0.15,2.66,30.6,11.5,1.71,19.5,2.2,0.38,0.00,0.00,0.00,0.76,0.38,2.09,0.19,0.00,4.57,1.33,29.2%,2.47,0.95,38.5%,14.84,10.66,71.8%,7.61,4.95,65.0%,1.14,0.00,0.0%,0.00
Rafa Marín,23,1980,0.05,0.02,0.03,0.23,0.05,20.00%,0.07,8.14,79.0,9.7,4.68,43.6,0.4,0.00,0.00,0.00,0.00,1.68,0.82,2.82,0.73,6.41,3.32,2.14,64.4%,3.32,1.82,54.8%,49.36,44.55,90.2%,6.09,4.27,70.2%,0.00,0.00,0.0%,0.00
Rafa Mir,27,1809,0.40,0.40,-0.00,3.43,1.79,11.59%,0.12,5.52,60.3,10.9,2.44,19.6,0.4,0.60,0.15,0.05,0.00,0.80,0.25,1.84,0.05,0.95,5.67,1.84,32.5%,2.99,0.95,31.7%,20.65,16.52,80.0%,8.56,6.67,77.9%,1.00,0.15,15.0%,0.00
Rahim Alhassane,27,1710,0.00,0.00,-0.00,0.16,0.00,0.00%,0.02,9.00,109.4,12.2,4.95,58.3,0.6,0.00,0.00,0.16,0.00,1.79,1.74,4.32,0.32,3.68,4.21,2.63,62.5%,1.74,1.11,63.6%,37.89,30.32,80.0%,9.84,6.84,69.5%,3.63,0.68,18.8%,0.00
Ramon Terrats,29,1023,0.09,0.13,-0.04,1.32,0.26,6.67%,0.10,6.25,64.9,10.4,3.61,38.0,0.9,0.09,0.00,0.35,0.09,1.94,0.97,3.08,0.44,0.62,10.65,4.66,43.8%,2.55,0.79,31.0%,22.52,17.33,77.0%,10.56,6.77,64.2%,1.58,0.18,11.1%,0.26
Raphinha,22,1388,0.84,0.69,0.16,4.21,1.56,20.00%,0.16,14.65,155.1,10.6,8.43,85.8,0.7,1.49,0.32,0.78,0.00,0.97,0.32,3.05,0.06,0.71,6.61,2.98,45.1%,0.45,0.19,42.9%,41.43,33.65,81.2%,21.59,16.15,74.8%,2.40,0.52,21.6%,0.32
Raúl Asencio,23,1706,0.11,0.07,0.04,0.74,0.21,14.29%,0.09,12.87,124.6,9.7,7.23,69.8,0.5,0.05,0.00,0.11,0.00,0.90,0.53,2.74,0.69,3.01,3.59,2.16,60.3%,1.95,1.11,56.8%,62.51,58.77,94.0%,7.39,6.01,81.4%,0.05,0.00,0.0%,0.11
Raúl García,36,1013,0.62,0.57,0.05,3.46,2.04,17.95%,0.17,6.84,82.9,12.1,4.26,45.1,0.9,0.80,0.09,0.27,0.00,1.33,0.62,2.49,0.18,1.42,8.35,4.00,47.9%,6.75,3.55,52.6%,20.79,13.95,67.1%,8.35,4.09,48.9%,0.80,0.36,44.4%,0.00
Raúl Moro,14,623,0.00,0.03,-0.03,0.87,0.00,0.00%,0.04,11.27,148.1,13.1,6.65,76.5,1.7,0.58,0.00,0.87,0.29,0.29,0.14,3.47,0.00,1.16,5.78,2.89,50.0%,0.87,0.14,16.7%,23.84,18.20,76.4%,12.13,9.53,78.6%,4.04,0.43,10.7%,0.14
Renato Veiga,32,2478,0.00,0.01,-0.01,0.33,0.11,0.00%,0.03,11.44,122.4,10.7,6.68,70.7,0.4,0.11,0.00,0.00,0.00,0.69,0.84,3.16,1.09,5.67,2.29,0.91,39.7%,2.80,1.78,63.6%,56.08,49.58,88.4%,7.45,4.79,64.4%,0.07,0.00,0.0%,0.11
Ricardo Rodríguez,23,1546,0.00,0.01,-0.01,0.17,0.00,0.00%,0.04,6.87,69.0,10.1,3.67,35.2,0.6,0.00,0.00,0.06,0.00,1.40,0.47,2.56,0.17,3.90,3.43,1.75,50.8%,1.75,0.93,53.3%,36.91,31.26,84.7%,7.86,5.94,75.6%,0.87,0.41,46.7%,0.06
Robert Lewandowski,31,1656,0.76,0.77,-0.01,3.42,1.58,22.22%,0.22,3.86,38.8,10.0,1.74,13.5,0.4,0.49,0.11,0.16,0.00,0.27,0.16,1.68,0.00,1.09,4.73,1.79,37.9%,2.83,1.36,48.1%,18.10,14.57,80.5%,7.93,5.60,70.5%,0.00,0.00,0.0%,0.11
Robert Navarro,32,1294,0.42,0.27,0.14,1.46,0.70,28.57%,0.19,13.49,172.8,12.8,8.69,107.9,0.9,0.21,0.07,0.49,0.00,1.11,0.49,3.89,0.07,0.63,9.74,3.83,39.3%,2.99,0.63,20.9%,28.93,23.37,80.8%,15.23,11.55,75.8%,3.69,0.49,13.2%,0.21
Roberto Fernández,38,2387,0.26,0.35,-0.09,2.22,0.87,11.86%,0.16,3.39,38.7,11.4,1.77,20.1,0.4,0.15,0.00,0.11,0.00,0.45,0.26,2.15,0.19,0.98,5.92,2.38,40.1%,6.79,2.22,32.8%,13.72,9.58,69.8%,5.39,3.24,60.1%,0.34,0.04,11.1%,0.08
Robin Le Normand,28,1783,0.05,0.03,0.02,0.30,0.05,16.67%,0.10,12.57,126.4,10.1,6.31,59.2,0.5,0.00,0.00,0.00,0.00,1.77,1.01,2.83,0.35,4.95,4.14,2.47,59.8%,3.84,2.57,67.1%,52.85,47.30,89.5%,5.80,4.09,70.4%,0.15,0.05,33.3%,0.00
Rodrigo Mendoza,24,1231,0.07,0.12,-0.05,1.24,0.29,5.88%,0.10,13.01,138.5,10.6,7.09,68.2,0.7,0.44,0.00,0.22,0.00,1.17,0.29,4.39,0.15,0.95,9.80,4.31,44.0%,2.12,0.51,24.1%,47.01,40.14,85.4%,16.01,12.21,76.3%,0.80,0.22,27.3%,0.73
Rodrigo Riquelme,25,810,0.11,0.24,-0.13,2.67,0.78,4.17%,0.09,14.89,204.4,13.7,8.44,107.6,1.4,1.00,0.00,1.11,0.11,1.78,0.56,5.67,0.00,0.78,11.56,4.22,36.5%,1.44,0.44,30.8%,34.33,28.56,83.2%,15.00,12.33,82.2%,2.33,0.44,19.1%,0.33
Rodrygo,19,676,0.13,0.34,-0.21,3.59,1.46,3.70%,0.10,23.30,272.3,11.7,11.98,123.2,1.4,1.60,0.00,0.53,0.00,1.73,0.40,5.06,0.00,0.53,12.38,7.19,58.1%,1.20,0.00,0.0%,43.14,39.14,90.7%,23.43,20.24,86.4%,2.13,0.13,6.3%,0.53
Roger Brugué,19,1007,0.09,0.30,-0.21,2.50,0.80,3.57%,0.12,7.95,74.8,9.4,4.47,33.2,0.7,0.27,0.00,0.27,0.00,0.98,0.36,2.32,0.09,1.70,7.33,2.50,34.1%,3.22,1.16,36.1%,21.81,17.96,82.4%,8.04,5.81,72.2%,0.98,0.54,54.5%,0.00
Ronald Araujo,24,1061,0.25,0.12,0.13,1.02,0.42,25.00%,0.12,14.93,167.6,11.2,8.31,95.8,1.0,0.17,0.00,0.00,0.00,1.78,0.76,4.07,0.42,3.22,3.56,2.04,57.1%,4.92,3.31,67.2%,71.08,65.40,92.0%,8.48,6.11,72.0%,0.59,0.00,0.0%,0.08
Roony Bardghji,21,641,0.14,0.20,-0.06,3.09,1.68,4.55%,0.06,21.34,213.2,10.0,9.13,53.8,0.8,1.12,0.14,0.28,0.14,0.84,0.28,2.11,0.00,0.42,10.39,5.05,48.6%,0.42,0.00,0.0%,47.18,41.84,88.7%,19.10,15.44,80.9%,4.49,0.98,21.9%,0.14
Rubén García,35,2247,0.08,0.10,-0.02,1.24,0.40,6.45%,0.08,8.97,95.1,10.6,3.40,29.2,0.3,0.28,0.04,0.12,0.00,2.00,0.68,3.64,0.08,0.88,8.05,3.81,47.3%,2.80,0.92,32.9%,33.16,26.36,79.5%,12.82,9.17,71.6%,2.00,0.44,22.0%,0.04
Rubén Sánchez,21,805,0.00,0.02,-0.02,0.89,0.11,0.00%,0.03,11.40,161.4,14.2,9.39,135.4,1.6,0.22,0.00,0.45,0.11,1.34,1.12,4.92,0.56,2.68,8.39,4.14,49.3%,3.02,1.57,51.9%,36.22,27.28,75.3%,11.96,6.60,55.1%,3.91,1.01,25.7%,0.22
Rubén Vargas,24,1608,0.17,0.18,-0.01,2.29,0.45,7.32%,0.08,12.48,150.8,12.1,6.38,68.3,0.6,0.84,0.11,0.39,0.11,1.06,0.39,4.53,0.06,0.73,6.77,3.19,47.1%,2.01,1.12,55.6%,31.40,22.95,73.1%,13.32,8.96,67.2%,2.07,0.34,16.2%,0.06
Salomón Rondón,16,1037,0.17,0.26,-0.09,2.08,0.43,8.33%,0.13,3.73,33.6,9.0,1.82,14.2,0.7,0.35,0.09,0.09,0.00,0.26,0.09,2.43,0.09,1.04,6.51,2.78,42.7%,7.38,3.91,52.9%,17.88,12.84,71.8%,5.29,3.47,65.6%,0.17,0.09,50.0%,0.00
Samú Costa,34,2705,0.23,0.13,0.10,1.30,0.53,17.95%,0.10,7.35,74.2,10.1,3.06,26.5,0.3,0.17,0.03,0.17,0.03,2.16,0.87,3.93,0.43,2.99,10.15,4.69,46.2%,3.93,2.60,66.1%,42.19,33.70,79.9%,11.25,7.09,63.0%,1.00,0.10,10.0%,0.07
Santi Cazorla,28,925,0.00,0.04,-0.04,0.68,0.10,0.00%,0.05,13.43,128.0,9.5,6.13,42.2,0.7,0.10,0.00,0.19,0.00,1.65,0.39,5.74,0.29,0.68,7.98,4.77,59.8%,1.07,0.58,54.5%,52.83,45.73,86.6%,20.04,15.57,77.7%,1.46,0.29,20.0%,0.19
Santi Comesaña,34,2413,0.11,0.16,-0.04,1.01,0.26,11.11%,0.15,8.95,94.0,10.5,5.22,50.9,0.4,0.07,0.00,0.22,0.07,1.68,1.04,4.96,0.56,2.01,6.94,3.13,45.2%,2.61,1.31,50.0%,45.09,37.52,83.2%,13.76,10.22,74.3%,0.56,0.07,13.3%,0.48
Santiago Colombatto,32,2069,0.00,0.03,-0.03,0.65,0.09,0.00%,0.04,8.26,75.0,9.1,4.57,38.3,0.4,0.04,0.00,0.09,0.00,1.91,0.61,4.44,0.26,1.78,6.92,3.87,56.0%,1.17,0.52,44.4%,44.33,38.11,86.0%,11.66,8.83,75.8%,0.87,0.39,45.0%,0.30
Santiago Mouriño,28,2384,0.04,0.04,-0.00,0.57,0.11,6.67%,0.07,9.63,104.8,10.9,5.17,53.8,0.4,0.19,0.04,0.08,0.04,3.85,1.09,5.36,0.34,4.79,10.49,5.74,54.7%,2.30,1.43,62.3%,46.66,39.22,84.1%,8.53,6.12,71.7%,0.23,0.00,0.0%,0.08
Sergi Altimira,24,1182,0.08,0.03,0.05,0.53,0.23,14.29%,0.05,15.30,156.9,10.3,6.55,61.7,0.7,0.08,0.00,0.08,0.00,3.88,1.60,6.02,0.30,1.52,9.06,5.79,63.9%,1.90,1.29,68.0%,58.48,53.30,91.2%,11.42,9.44,82.7%,0.23,0.15,66.7%,0.23
Sergi Cardona,31,1965,0.05,0.05,-0.00,0.82,0.23,5.56%,0.06,7.60,80.2,10.5,5.27,53.1,0.5,0.05,0.00,0.27,0.05,2.15,1.65,3.34,0.37,2.66,6.64,3.30,49.7%,1.79,0.92,51.3%,33.85,27.62,81.6%,9.39,7.28,77.6%,3.48,0.87,25.0%,0.05
Sergi Darder,38,2689,0.03,0.07,-0.03,1.20,0.44,2.78%,0.06,11.92,127.0,10.7,6.46,65.3,0.3,0.33,0.00,0.47,0.10,0.94,0.87,4.25,0.20,0.60,5.76,3.05,52.9%,0.50,0.27,53.3%,38.79,32.80,84.6%,13.32,9.97,74.9%,2.48,0.60,24.3%,0.20
Sergio Camello,22,818,0.55,0.34,0.21,2.97,1.54,18.52%,0.11,10.01,105.3,10.5,3.85,35.5,1.0,0.99,0.33,0.33,0.00,1.21,0.33,5.39,0.00,0.00,10.01,4.51,45.1%,1.54,0.44,28.6%,23.99,19.58,81.7%,10.34,7.48,72.3%,0.33,0.11,33.3%,0.33
Sergio Carreira,34,2693,0.07,0.05,0.01,0.53,0.23,12.50%,0.10,13.20,146.6,11.1,6.95,58.5,0.3,0.10,0.03,0.17,0.00,1.07,0.84,3.58,0.10,2.17,5.58,3.11,55.7%,1.14,0.37,32.4%,50.46,43.08,85.4%,14.10,11.33,80.3%,1.00,0.17,16.7%,0.07
Sergio Gómez,35,2705,0.00,0.04,-0.04,0.40,0.00,0.00%,0.09,10.15,107.7,10.6,5.79,49.7,0.3,0.13,0.00,0.17,0.03,2.93,1.03,4.99,0.20,2.40,7.25,3.83,52.8%,1.10,0.70,63.6%,50.24,43.52,86.6%,14.47,10.98,75.9%,3.23,0.83,25.8%,0.13
Sofyan Amrabat,17,1296,0.00,0.02,-0.02,0.56,0.07,0.00%,0.04,15.63,157.9,10.1,5.63,34.8,0.4,0.07,0.00,0.00,0.00,1.88,0.76,6.81,0.28,1.04,6.39,3.61,56.5%,0.83,0.28,33.3%,62.36,56.81,91.1%,12.15,9.86,81.1%,0.49,0.00,0.0%,0.07
Tajon Buchanan,34,1821,0.35,0.10,0.24,1.33,0.54,25.93%,0.08,10.53,148.7,14.1,7.36,103.0,0.7,0.49,0.20,0.20,0.00,1.38,1.04,5.34,0.10,0.79,9.44,4.20,44.5%,0.69,0.15,21.4%,23.03,18.73,81.3%,9.59,7.41,77.3%,1.63,0.15,9.1%,0.00
Takefusa Kubo,24,1508,0.12,0.14,-0.02,1.67,0.72,7.14%,0.09,16.59,203.0,12.2,9.43,99.6,0.6,0.78,0.00,0.95,0.12,1.73,0.66,3.16,0.00,0.60,11.58,6.92,59.8%,1.13,0.42,36.8%,29.18,23.16,79.3%,13.73,9.73,70.9%,1.31,0.12,9.1%,0.42
Takuma Asano,20,659,0.14,0.27,-0.13,2.32,0.27,5.88%,0.11,7.78,89.2,11.5,5.19,64.4,1.7,0.27,0.14,0.27,0.00,1.91,0.27,3.00,0.00,0.55,7.78,3.55,45.6%,3.96,1.09,27.6%,16.39,12.15,74.2%,7.24,5.33,73.6%,1.91,0.27,14.3%,0.00
Tanguy Nianzou,12,648,0.00,0.07,-0.07,1.25,0.00,0.00%,0.05,10.42,94.5,9.1,5.28,50.0,1.3,0.14,0.00,0.14,0.00,1.94,0.56,2.50,0.14,6.94,6.25,3.06,48.9%,4.17,3.19,76.7%,44.31,39.17,88.4%,6.11,3.61,59.1%,0.00,0.00,0.0%,0.00
Tani Oluwaseyi,27,892,0.20,0.35,-0.15,1.61,0.71,12.50%,0.22,5.75,75.5,13.1,4.04,52.5,1.3,0.71,0.00,0.20,0.00,0.71,0.10,1.72,0.30,0.81,7.57,2.42,32.0%,5.35,2.22,41.5%,11.30,7.16,63.4%,6.05,3.23,53.3%,0.30,0.20,66.7%,0.00
Tete Morente,13,933,0.10,0.05,0.05,0.77,0.10,12.50%,0.07,8.68,100.3,11.6,4.53,40.2,0.9,0.00,0.00,0.19,0.00,2.12,0.96,4.34,0.48,1.93,9.65,3.95,41.0%,2.32,1.16,50.0%,30.10,22.57,75.0%,15.14,11.00,72.6%,4.34,0.58,13.3%,0.29
Thiago Almada,27,1312,0.21,0.26,-0.05,1.44,0.69,14.29%,0.18,16.60,175.2,10.6,7.00,53.5,0.5,0.55,0.00,0.55,0.07,1.99,0.55,4.94,0.14,0.41,9.54,4.53,47.5%,1.10,0.34,31.3%,47.26,40.95,86.7%,20.30,16.39,80.7%,1.71,0.21,12.0%,0.82
Thiago Fernández,16,822,0.00,0.06,-0.06,1.42,0.55,0.00%,0.04,18.50,203.5,11.0,9.64,88.8,1.0,0.55,0.00,0.55,0.22,1.42,0.55,4.38,0.00,0.33,12.37,4.82,38.9%,1.42,0.22,15.4%,27.81,22.45,80.7%,11.28,8.43,74.8%,2.63,0.55,20.8%,0.33
Thiago Pitarch,10,596,0.00,0.06,-0.06,0.91,0.30,0.00%,0.07,18.88,185.5,9.8,7.10,43.3,0.9,0.00,0.00,0.15,0.15,1.81,1.06,4.23,0.00,0.76,10.87,3.93,36.1%,1.51,0.30,20.0%,61.46,55.42,90.2%,14.50,11.48,79.2%,0.15,0.00,0.0%,0.15
Thierry Correia,24,1394,0.00,0.02,-0.02,0.32,0.06,0.00%,0.07,9.49,103.0,10.9,6.52,71.2,0.7,0.00,0.00,0.32,0.13,2.00,1.10,3.62,0.00,1.74,7.42,4.13,55.7%,2.39,0.90,37.8%,41.84,34.15,81.6%,12.72,9.36,73.6%,2.65,0.39,14.6%,0.19
Thomas Lemar,27,1259,0.21,0.14,0.08,1.22,0.57,17.65%,0.11,17.73,185.5,10.5,7.22,51.8,0.5,0.36,0.07,0.50,0.00,1.93,0.36,4.07,0.14,0.14,10.65,4.79,45.0%,0.29,0.14,50.0%,47.04,41.46,88.2%,19.87,16.80,84.5%,1.29,0.14,11.1%,0.07
Thomas Partey,25,923,0.00,0.07,-0.07,1.07,0.20,0.00%,0.06,12.58,128.4,10.2,6.73,69.8,1.0,0.20,0.00,0.39,0.00,1.76,1.37,5.36,0.39,1.76,6.14,3.12,50.8%,2.63,1.37,51.9%,53.34,46.12,86.5%,13.75,10.14,73.8%,0.10,0.10,100.0%,0.49
Toni Lato,12,585,0.00,0.00,0.00,0.00,0.00,0.00%,0.00,7.38,79.5,10.8,4.46,43.5,1.5,0.00,0.00,0.15,0.00,1.54,0.92,4.15,0.46,2.31,6.31,2.92,46.3%,2.46,0.92,37.5%,33.85,27.69,81.8%,9.23,6.77,73.3%,4.00,0.92,23.1%,0.00
Toni Martínez,37,2725,0.46,0.37,0.09,3.07,1.19,15.05%,0.12,4.39,52.4,11.9,2.11,25.7,0.4,0.63,0.03,0.10,0.03,0.92,0.13,2.81,0.07,1.22,6.21,2.64,42.6%,10.44,5.91,56.6%,22.13,12.95,58.5%,9.91,4.76,48.0%,0.50,0.13,26.7%,0.13
Trent Alexander-Arnold,21,1163,0.00,0.02,-0.02,0.77,0.15,0.00%,0.03,13.39,121.8,9.1,6.11,43.7,0.6,0.08,0.00,0.23,0.08,1.08,1.08,3.79,0.15,0.77,4.26,1.86,43.6%,0.62,0.39,62.5%,63.53,54.17,85.3%,21.75,16.48,75.8%,5.26,1.01,19.1%,0.31
Tyrhys Dolan,36,2431,0.07,0.09,-0.02,1.26,0.44,5.88%,0.07,12.66,152.7,12.1,7.44,82.7,0.4,0.37,0.00,0.59,0.07,2.11,0.67,4.00,0.07,0.52,10.07,5.11,50.7%,1.30,0.37,28.6%,20.55,17.14,83.4%,8.77,6.59,75.1%,3.55,0.74,20.8%,0.11
Ugo Raghouber,16,705,0.00,0.01,-0.01,0.38,0.00,0.00%,0.03,13.02,148.3,11.4,7.40,83.4,1.4,0.13,0.00,0.13,0.00,2.94,1.91,3.96,0.00,2.30,9.06,5.62,62.0%,4.34,2.81,64.7%,42.77,36.13,84.5%,7.28,5.49,75.4%,0.26,0.00,0.0%,0.00
Umar Sadiq,25,1054,0.34,0.30,0.04,2.48,0.85,13.79%,0.12,8.71,103.4,11.9,3.59,30.2,0.7,0.51,0.09,0.09,0.00,0.68,0.09,2.73,0.09,0.43,11.10,3.59,32.3%,6.49,2.31,35.5%,15.28,10.42,68.2%,7.34,4.35,59.3%,0.51,0.26,50.0%,0.26
Unai Elgezabal,12,958,0.09,0.06,0.03,0.28,0.09,33.33%,0.22,6.20,52.0,8.4,3.10,28.4,0.9,0.00,0.00,0.00,0.00,0.75,0.28,2.63,1.50,6.58,3.01,1.32,43.8%,4.04,2.91,72.1%,38.42,32.69,85.1%,4.70,1.88,40.0%,0.00,0.00,0.0%,0.09
Unai Gómez,26,932,0.10,0.21,-0.11,2.22,0.68,4.35%,0.09,5.50,58.5,10.6,3.28,30.4,0.9,0.48,0.00,0.29,0.00,1.26,0.10,2.80,0.10,0.58,5.89,2.32,39.3%,4.64,1.64,35.4%,21.44,16.22,75.7%,9.17,6.08,66.3%,1.83,0.29,15.8%,0.00
Unai López,28,1618,0.00,0.05,-0.05,1.22,0.22,0.00%,0.04,12.13,119.4,9.8,5.06,43.1,0.5,0.11,0.00,0.33,0.00,1.72,1.22,5.28,0.17,1.28,7.45,3.23,43.3%,1.11,0.61,55.0%,59.18,51.29,86.7%,15.80,11.96,75.7%,0.95,0.11,11.8%,0.11
Unai Núñez,13,912,0.00,0.04,-0.04,0.89,0.10,0.00%,0.05,6.32,62.5,9.9,3.65,37.0,1.0,0.00,0.00,0.00,0.00,2.47,1.09,3.95,0.49,4.24,5.13,3.06,59.6%,2.76,1.38,50.0%,42.93,36.51,85.1%,6.22,3.65,58.7%,0.39,0.10,25.0%,0.10
Unai Vencedor,16,818,0.00,0.00,0.00,0.00,0.00,0.00%,0.00,8.58,71.1,8.3,3.41,21.7,0.7,0.00,0.00,0.11,0.00,2.42,0.66,4.29,0.55,1.54,8.91,3.74,42.0%,3.08,1.54,50.0%,45.77,37.30,81.5%,13.75,9.35,68.0%,1.10,0.55,50.0%,0.11
Urko González de Zárate,36,2629,0.00,0.02,-0.02,0.62,0.03,0.00%,0.04,7.46,79.3,10.6,3.63,36.9,0.3,0.03,0.00,0.10,0.03,1.88,1.10,4.86,0.38,2.02,7.70,3.73,48.4%,1.75,0.86,49.0%,33.58,27.18,80.9%,8.28,5.65,68.2%,0.41,0.03,8.3%,0.14
Valentin Rosier,31,2554,0.04,0.02,0.01,0.67,0.11,5.26%,0.04,10.78,129.7,12.0,6.55,76.3,0.4,0.21,0.00,0.18,0.00,1.69,1.52,5.39,0.11,3.10,6.73,3.38,50.3%,1.16,0.67,57.6%,37.00,30.09,81.3%,10.50,7.40,70.5%,1.62,0.39,23.9%,0.11
Valentín Gómez,28,1875,0.05,0.04,0.01,0.53,0.24,9.09%,0.07,8.06,77.6,9.6,4.51,38.8,0.4,0.05,0.00,0.10,0.00,2.21,1.15,3.55,0.62,5.42,5.90,3.31,56.1%,3.55,2.06,58.1%,45.98,39.50,85.9%,7.01,4.51,64.4%,0.58,0.14,25.0%,0.00
Vedat Muriqi,37,3134,0.66,0.53,0.13,3.33,1.44,19.83%,0.16,4.48,44.7,10.0,1.69,6.9,0.1,0.43,0.09,0.11,0.00,0.26,0.06,2.18,0.14,1.67,5.20,2.41,46.4%,7.55,4.19,55.5%,20.19,13.10,64.9%,7.78,4.05,52.0%,0.23,0.09,37.5%,0.09
Victor Chust,31,2165,0.04,0.02,0.02,0.37,0.12,11.11%,0.05,14.88,162.4,10.9,7.77,71.0,0.4,0.00,0.00,0.08,0.00,2.62,0.83,3.78,0.67,3.58,6.11,3.37,55.1%,2.58,1.21,46.8%,63.10,56.91,90.2%,12.22,9.06,74.2%,0.46,0.08,18.2%,0.00
Victor Parada,30,2151,0.00,0.04,-0.04,0.50,0.08,0.00%,0.08,6.74,71.4,10.6,3.35,36.3,0.5,0.08,0.00,0.08,0.04,1.38,0.46,2.68,0.42,3.39,4.60,2.34,50.9%,2.89,1.38,47.8%,31.84,26.19,82.3%,6.65,4.48,67.3%,1.30,0.33,25.8%,0.00
Viktor Tsygankov,32,2641,0.20,0.23,-0.03,1.74,0.72,11.76%,0.13,13.02,151.4,11.6,6.17,58.9,0.3,0.31,0.03,0.41,0.07,1.06,0.68,2.79,0.14,0.99,6.17,3.14,50.8%,2.42,1.09,45.1%,34.15,28.15,82.4%,17.00,13.39,78.8%,1.84,0.17,9.3%,0.14
Vinícius Júnior,36,2825,0.51,0.43,0.07,3.22,1.47,15.84%,0.14,22.36,295.3,13.2,13.35,162.0,0.4,1.56,0.19,1.37,0.16,0.92,0.06,2.80,0.00,0.03,12.65,6.28,49.6%,0.19,0.00,0.0%,35.97,29.92,83.2%,22.30,17.68,79.3%,1.85,0.25,13.8%,0.32
Vitor Reis,36,3138,0.03,0.05,-0.02,0.54,0.11,5.26%,0.08,14.31,157.0,11.0,8.40,92.0,0.3,0.06,0.00,0.03,0.03,1.43,0.95,3.67,1.12,6.17,4.02,2.35,58.6%,4.47,2.50,55.8%,55.18,50.19,91.0%,5.31,3.79,71.3%,0.00,0.00,0.0%,0.03
Vladyslav Vanat,27,1960,0.41,0.39,0.02,1.24,0.83,33.33%,0.32,3.12,30.5,9.8,1.65,12.0,0.3,0.23,0.00,0.09,0.00,0.23,0.14,1.10,0.05,0.73,3.86,1.42,36.9%,2.34,0.78,33.3%,12.54,9.78,78.0%,4.73,3.31,69.9%,0.23,0.05,20.0%,0.09
Víctor García,21,1040,0.17,0.17,0.00,1.64,0.69,10.53%,0.10,11.25,129.9,11.5,5.80,64.9,1.0,0.35,0.00,0.61,0.09,1.90,0.87,4.67,0.35,1.30,7.53,3.89,51.7%,2.68,1.21,45.2%,25.44,19.38,76.2%,9.43,5.97,63.3%,5.37,1.21,22.6%,0.00
Víctor Muñoz,34,2668,0.20,0.20,0.00,2.73,1.05,7.41%,0.07,15.65,229.4,14.7,10.73,163.9,0.5,0.98,0.03,0.44,0.00,0.74,0.30,3.24,0.00,0.67,11.98,5.06,42.3%,1.62,0.57,35.4%,21.02,16.97,80.7%,9.92,7.46,75.2%,3.47,0.74,21.4%,0.03
Williot Swedberg,29,1268,0.35,0.30,0.05,1.63,0.85,21.74%,0.18,8.30,91.3,11.0,3.97,33.0,0.6,0.50,0.21,0.35,0.14,1.99,0.28,2.20,0.14,0.50,10.86,5.11,47.1%,1.14,0.14,12.5%,20.87,16.18,77.5%,8.45,6.25,74.0%,0.57,0.14,25.0%,0.28
Yangel Herrera,14,638,0.00,0.06,-0.06,0.85,0.14,0.00%,0.07,9.17,96.2,10.5,4.23,35.0,1.2,0.14,0.00,0.00,0.00,1.69,0.28,3.53,0.71,3.10,10.16,5.22,51.4%,5.78,3.67,63.4%,39.50,31.18,78.9%,10.58,7.19,68.0%,0.28,0.14,50.0%,0.14
Yeray Álvarez,7,514,0.00,0.02,-0.02,0.18,0.00,0.00%,0.12,14.01,142.5,10.2,9.46,90.3,1.7,0.00,0.00,0.18,0.00,0.18,2.28,4.90,0.35,5.78,1.58,1.05,66.7%,3.33,1.23,36.8%,49.90,41.50,83.2%,11.56,6.83,59.1%,0.35,0.00,0.0%,0.70
Yoel Lago,12,940,0.00,0.00,-0.00,0.10,0.00,0.00%,0.03,10.53,96.7,9.2,6.22,55.2,0.8,0.00,0.00,0.00,0.00,1.82,0.67,2.68,0.96,6.51,5.36,3.26,60.7%,1.82,0.96,52.6%,51.70,47.39,91.7%,4.02,2.01,50.0%,0.00,0.00,0.0%,0.00
Youssef Enríquez,25,1332,0.00,0.05,-0.05,0.74,0.20,0.00%,0.07,7.64,78.0,10.2,4.46,41.2,0.6,0.27,0.00,0.41,0.07,1.15,0.68,4.39,0.07,2.50,6.35,2.57,40.4%,1.62,1.08,66.7%,36.15,28.65,79.3%,9.66,6.82,70.6%,4.05,1.28,31.7%,0.14
Yuri Berchiche,32,2709,0.00,0.02,-0.02,0.80,0.17,0.00%,0.02,8.54,86.3,10.1,5.78,59.4,0.3,0.20,0.00,0.13,0.07,1.43,1.16,4.78,0.07,3.36,4.85,2.82,58.2%,3.06,1.96,64.1%,49.04,42.92,87.5%,14.45,11.59,80.2%,2.13,0.47,21.9%,0.03
Yáser Asprilla,15,605,0.00,0.09,-0.09,2.23,0.74,0.00%,0.04,13.24,150.5,11.4,6.84,68.5,1.5,1.04,0.00,0.60,0.00,1.19,0.74,3.87,0.15,0.60,8.93,4.31,48.3%,1.04,0.30,28.6%,22.46,19.19,85.4%,9.82,8.03,81.8%,3.12,0.45,14.3%,0.00
Zaid Romero,15,1350,0.07,0.06,0.01,0.67,0.13,10.00%,0.09,8.47,101.7,12.0,4.67,54.7,0.8,0.07,0.00,0.00,0.00,2.07,1.87,5.33,0.20,6.13,5.80,3.93,67.8%,3.53,1.80,50.9%,28.33,19.60,69.2%,7.73,3.47,44.8%,0.27,0.07,25.0%,0.07
Zito Luvumbo,10,509,0.00,0.11,-0.11,1.59,1.24,0.00%,0.07,10.61,133.8,12.6,8.66,107.8,2.2,0.53,0.00,0.53,0.00,0.18,0.00,1.24,0.00,0.35,11.85,5.48,46.3%,1.94,0.18,9.1%,10.26,7.25,70.7%,7.25,4.77,65.8%,3.54,0.71,20.0%,0.18
Álex Baena,27,1572,0.11,0.11,0.00,1.66,0.40,6.90%,0.07,16.77,197.8,11.8,8.76,95.7,0.6,0.52,0.06,0.63,0.06,1.03,0.92,3.61,0.23,0.69,8.07,3.49,43.3%,1.60,0.40,25.0%,41.68,33.78,81.0%,18.09,13.63,75.3%,3.32,0.97,29.3%,0.34
Álex Moreno,31,2558,0.00,0.05,-0.05,0.56,0.18,0.00%,0.09,14.50,188.2,13.0,9.32,121.2,0.5,0.35,0.00,0.28,0.04,1.51,1.06,3.55,0.28,3.66,7.25,3.45,47.6%,1.20,0.70,58.8%,37.08,31.03,83.7%,11.93,9.08,76.1%,2.29,0.35,15.4%,0.07
Álvaro Carreras,28,2334,0.08,0.02,0.06,0.35,0.12,22.22%,0.05,14.23,154.5,10.9,8.02,80.0,0.4,0.15,0.04,0.19,0.04,1.58,1.50,5.98,0.23,2.31,6.63,3.55,53.5%,2.24,1.23,55.2%,66.44,60.19,90.6%,24.18,21.40,88.5%,1.20,0.12,9.7%,0.04
Álvaro Fidalgo,9,547,0.16,0.08,0.08,0.66,0.33,25.00%,0.13,15.47,154.7,10.0,5.76,49.3,1.4,0.00,0.00,0.16,0.00,1.97,0.49,3.29,0.00,1.48,6.75,3.46,51.2%,1.32,0.16,12.5%,51.50,47.88,93.0%,16.12,13.82,85.7%,0.99,0.16,16.7%,0.00
Álvaro García,32,2105,0.17,0.28,-0.11,2.01,0.81,8.51%,0.14,5.00,54.5,10.9,2.99,30.3,0.4,0.30,0.04,0.51,0.04,1.15,0.56,3.33,0.04,1.15,4.19,1.80,42.9%,1.88,0.56,29.5%,22.28,15.22,68.3%,10.90,6.63,60.8%,3.85,0.64,16.7%,0.09
Álvaro Núñez,25,1984,0.00,0.01,-0.01,0.27,0.05,0.00%,0.05,10.98,115.0,10.5,4.81,37.4,0.4,0.14,0.00,0.09,0.00,1.32,0.73,4.17,0.36,1.54,4.81,2.99,62.3%,1.59,0.50,31.4%,55.43,50.67,91.4%,14.15,12.57,88.8%,2.40,0.68,28.3%,0.05
Álvaro Rodríguez,34,2200,0.29,0.36,-0.08,3.11,0.98,9.21%,0.12,6.71,75.1,11.2,3.52,35.2,0.4,0.53,0.08,0.41,0.04,0.98,0.12,2.17,0.04,1.06,9.82,4.58,46.7%,9.57,5.44,56.8%,21.97,14.15,64.4%,10.39,6.30,60.6%,0.41,0.16,40.0%,0.12
Ángel Ortiz,13,582,0.00,0.01,-0.01,0.15,0.00,0.00%,0.04,11.44,128.0,11.2,7.58,81.5,1.7,0.15,0.00,0.31,0.00,4.18,0.46,4.48,0.62,2.47,11.44,6.65,58.1%,1.08,0.15,14.3%,38.66,32.16,83.2%,8.35,6.34,75.9%,2.94,0.77,26.3%,0.00
Ángel Pérez,16,1290,0.07,0.07,0.00,0.98,0.28,7.14%,0.07,10.81,140.4,13.0,6.63,84.3,0.9,0.42,0.00,0.56,0.14,1.05,0.70,4.88,0.07,1.81,7.95,3.63,45.6%,0.70,0.07,10.0%,32.72,24.49,74.8%,12.84,8.93,69.6%,5.23,1.19,22.7%,0.14
Éder Militão,16,1141,0.16,0.14,0.02,1.66,0.71,9.52%,0.08,13.80,132.5,9.6,6.15,66.4,0.9,0.08,0.08,0.16,0.00,1.81,0.87,4.42,0.95,4.10,4.65,3.08,66.1%,3.71,2.05,55.3%,60.50,54.98,90.9%,9.94,6.86,69.0%,0.08,0.00,0.0%,0.16
Íñigo Lekue,11,600,0.00,0.02,-0.02,0.45,0.15,0.00%,0.04,11.25,147.1,13.1,8.25,113.7,2.1,0.15,0.00,0.15,0.00,2.25,0.60,5.55,0.00,2.55,8.10,3.15,38.9%,1.95,0.15,7.7%,37.80,29.10,77.0%,9.75,5.85,60.0%,2.70,0.45,16.7%,0.00
Íñigo Ruíz de Galarreta,34,2231,0.04,0.03,0.01,0.81,0.08,5.00%,0.04,11.98,128.0,10.7,6.17,59.0,0.4,0.16,0.00,0.16,0.04,2.42,0.93,7.58,0.20,0.85,10.13,5.45,53.8%,1.82,1.01,55.6%,50.02,41.27,82.5%,19.16,13.88,72.4%,1.37,0.24,17.6%,0.48
Óscar Mingueza,34,1967,0.05,0.03,0.02,0.64,0.23,7.14%,0.04,11.58,120.6,10.4,6.04,55.3,0.4,0.00,0.00,0.23,0.00,1.92,0.41,3.61,0.23,1.74,7.37,3.84,52.2%,1.05,0.69,65.2%,56.60,48.09,85.0%,22.15,16.93,76.5%,1.74,0.41,23.7%,0.78
Óscar Valentín,33,2113,0.04,0.04,-0.00,0.55,0.17,7.69%,0.08,8.31,86.4,10.4,4.30,42.3,0.4,0.00,0.00,0.00,0.00,3.07,1.19,4.39,0.60,2.64,7.58,4.17,55.1%,3.02,1.15,38.0%,37.87,33.56,88.6%,8.48,7.20,84.9%,0.13,0.00,0.0%,0.04
Abdallah Sima,21,711,0.25,0.38,-0.12,3.80,1.14,6.67%,0.10,12.91,165.3,12.8,6.84,75.0,1.4,0.76,0.00,0.51,0.13,0.89,0.25,4.30,0.00,1.52,7.59,3.16,41.7%,5.06,2.66,52.5%,30.51,23.29,76.3%,11.77,7.72,65.6%,1.65,0.89,53.9%,0.13
Abdelhamid Aït Boudlal,20,1402,0.13,0.11,0.02,0.83,0.26,15.38%,0.13,13.16,142.5,10.8,7.45,81.5,0.7,0.00,0.00,0.00,0.00,1.41,1.22,3.98,1.03,5.58,4.69,2.70,57.5%,4.43,2.44,55.1%,52.64,46.67,88.7%,4.81,2.82,58.7%,0.13,0.06,50.0%,0.00
Abdoul Ouattara,28,1765,0.10,0.13,-0.03,1.38,0.56,7.41%,0.09,10.45,118.7,11.4,5.10,50.8,0.5,0.36,0.00,0.05,0.00,1.17,1.07,5.41,0.05,1.89,4.23,2.14,50.6%,0.56,0.20,36.4%,43.95,39.57,90.0%,9.38,7.70,82.1%,0.92,0.20,22.2%,0.05
Abdoulaye Faye,17,1446,0.00,0.04,-0.04,0.50,0.12,0.00%,0.07,11.89,110.1,9.3,5.79,46.2,0.5,0.00,0.00,0.00,0.00,1.99,1.74,3.05,0.37,5.66,5.41,3.24,59.8%,3.73,2.05,55.0%,51.91,45.50,87.7%,6.16,4.48,72.7%,0.25,0.00,0.0%,0.00
Abdoulaye Touré,11,741,0.24,0.18,0.06,1.58,0.49,15.38%,0.12,11.17,104.9,9.4,4.25,27.7,0.8,0.24,0.00,0.12,0.00,1.46,1.09,3.28,0.49,1.94,7.04,3.89,55.2%,1.70,0.85,50.0%,36.07,31.46,87.2%,11.42,9.23,80.8%,1.58,0.12,7.7%,0.12
Abner Vinícius,26,2154,0.13,0.07,0.06,0.71,0.29,17.65%,0.09,9.07,98.7,10.9,6.10,67.7,0.5,0.08,0.04,0.33,0.08,1.42,0.29,2.59,0.17,1.67,4.55,2.05,45.0%,1.59,0.58,36.8%,41.82,35.35,84.5%,15.21,11.91,78.3%,2.26,0.67,29.6%,0.17
Aboubakar Nagida,19,798,0.00,0.06,-0.06,1.47,0.34,0.00%,0.04,16.35,190.4,11.6,8.68,92.6,1.2,0.56,0.00,0.11,0.00,2.26,2.03,6.09,0.34,4.40,9.81,4.74,48.3%,2.48,1.69,68.2%,57.29,47.93,83.7%,14.10,10.26,72.8%,2.14,0.56,26.3%,0.00
Abu Francis,8,532,0.00,0.02,-0.02,1.02,0.00,0.00%,0.02,5.24,45.0,8.6,1.69,11.0,1.1,0.00,0.00,0.00,0.00,3.21,1.35,5.58,0.51,1.69,6.77,4.40,65.0%,1.52,1.18,77.8%,40.26,33.33,82.8%,7.27,4.91,67.4%,0.00,0.00,0.0%,0.00
Achraf Hakimi,18,1374,0.13,0.16,-0.03,1.77,0.59,7.41%,0.09,16.44,167.3,10.2,9.76,98.6,0.7,0.33,0.00,0.26,0.00,1.18,0.72,4.59,0.07,0.79,6.88,2.82,41.0%,0.59,0.26,44.4%,83.45,75.98,91.0%,35.31,31.18,88.3%,2.69,0.59,21.9%,0.00
Adam Karabec,21,923,0.10,0.16,-0.06,0.88,0.49,11.11%,0.18,8.87,99.4,11.2,4.68,47.5,1.0,0.39,0.00,0.39,0.00,0.39,0.10,1.85,0.10,0.20,7.02,3.51,50.0%,1.37,0.68,50.0%,26.81,21.65,80.7%,12.68,8.97,70.8%,3.51,0.59,16.7%,0.20
Adama Camara,29,2171,0.04,0.08,-0.04,0.75,0.21,5.56%,0.11,8.25,82.7,10.0,2.78,21.7,0.3,0.00,0.00,0.17,0.00,2.40,1.62,3.40,0.50,2.69,6.34,3.57,56.2%,2.45,1.04,42.4%,37.81,32.50,86.0%,8.13,6.30,77.5%,0.54,0.21,38.5%,0.04
Adrien Thomasson,32,2690,0.10,0.24,-0.13,1.44,0.43,6.98%,0.16,7.53,64.8,8.6,2.94,17.0,0.2,0.13,0.00,0.27,0.07,3.31,0.64,6.46,0.13,0.87,11.51,5.35,46.5%,1.51,0.67,44.4%,45.10,37.54,83.2%,14.62,10.91,74.6%,1.00,0.10,10.0%,0.13
Afonso Moreira,27,1717,0.21,0.14,0.07,2.10,0.73,10.00%,0.07,15.52,201.9,13.0,9.70,128.9,0.7,0.84,0.16,0.58,0.16,1.73,0.68,4.35,0.00,0.68,12.06,5.92,49.1%,2.10,0.47,22.5%,28.46,23.01,80.8%,12.48,9.49,76.0%,3.72,0.73,19.7%,0.16
Ainsley Maitland-Niles,30,2485,0.04,0.09,-0.05,0.51,0.25,7.14%,0.17,7.75,77.3,10.0,4.82,45.6,0.3,0.07,0.00,0.11,0.00,2.06,1.20,3.77,0.11,2.61,6.19,3.01,48.5%,1.48,0.72,48.8%,40.45,34.44,85.1%,10.43,7.79,74.7%,1.56,0.22,13.9%,0.11
Aiyegun Tosin,27,1068,0.42,0.52,-0.10,2.53,1.01,16.67%,0.21,7.42,95.0,12.8,4.63,43.6,0.8,0.59,0.08,0.42,0.00,0.42,0.17,1.60,0.00,0.59,5.90,2.70,45.7%,1.35,0.51,37.5%,16.60,12.89,77.7%,8.34,6.15,73.7%,0.42,0.00,0.0%,0.08
Aladji Bamba,18,815,0.00,0.01,-0.01,0.22,0.11,0.00%,0.06,16.01,166.4,10.4,5.74,58.9,1.1,0.11,0.00,0.55,0.00,3.64,0.77,5.63,0.00,1.66,12.92,7.18,55.6%,3.64,1.88,51.5%,56.87,46.60,81.9%,15.35,11.48,74.8%,0.44,0.22,50.0%,0.33
Aleksandr Golovin,25,1661,0.27,0.20,0.07,1.84,0.98,14.71%,0.11,12.57,132.5,10.5,6.23,60.7,0.5,0.38,0.00,0.22,0.11,1.41,1.30,4.39,0.27,0.60,7.42,3.41,46.0%,1.03,0.27,26.3%,39.77,32.84,82.6%,18.10,14.09,77.8%,1.41,0.27,19.2%,0.27
Alexis Vossah,23,1093,0.08,0.05,0.03,0.74,0.16,11.11%,0.07,5.19,44.3,8.5,1.40,10.1,0.6,0.00,0.00,0.16,0.00,0.91,0.66,3.13,0.16,1.73,5.11,2.06,40.3%,1.89,1.32,69.6%,30.80,24.87,80.8%,6.75,4.86,72.0%,0.25,0.16,66.7%,0.08
Alexsandro Ribeiro,9,509,0.00,0.07,-0.07,1.24,0.35,0.00%,0.05,20.51,179.6,8.8,7.78,66.3,1.5,0.00,0.00,0.00,0.00,1.94,1.94,5.30,0.53,6.01,5.48,3.54,64.5%,5.13,3.54,69.0%,80.10,72.14,90.1%,5.48,3.01,54.8%,0.00,0.00,0.0%,0.00
Ali Abdi,22,1165,0.23,0.19,0.05,1.24,0.31,18.75%,0.15,9.19,106.1,11.5,5.41,53.2,0.8,0.00,0.00,0.23,0.00,1.70,0.77,4.64,0.23,2.09,9.27,4.56,49.2%,4.02,2.01,50.0%,33.22,24.88,74.9%,9.81,6.33,64.6%,2.47,0.46,18.8%,0.00
Ali Youssif,13,968,0.00,0.04,-0.04,0.56,0.09,0.00%,0.07,8.93,86.1,9.6,4.56,40.5,0.8,0.19,0.00,0.00,0.00,1.02,1.86,3.25,0.46,5.86,3.44,2.23,64.9%,2.79,2.05,73.3%,37.93,31.52,83.1%,5.86,3.07,52.4%,0.09,0.00,0.0%,0.00
Alidu Seidu,21,1185,0.00,0.01,-0.01,0.38,0.08,0.00%,0.03,15.49,183.7,11.9,9.27,97.1,0.8,0.08,0.00,0.08,0.00,2.66,1.29,6.76,0.15,2.73,8.51,5.54,65.2%,2.05,1.06,51.9%,57.49,52.78,91.8%,14.13,11.92,84.4%,0.84,0.30,36.4%,0.08
Alimami Gory,24,977,0.46,0.33,0.13,1.75,0.55,26.32%,0.19,7.65,107.6,14.1,4.05,59.9,1.4,0.37,0.00,0.28,0.09,1.75,0.74,3.59,0.09,1.29,7.09,3.59,50.6%,1.84,0.74,40.0%,20.36,16.77,82.3%,7.00,5.25,75.0%,0.92,0.18,20.0%,0.18
Alpha Touré,30,1600,0.00,0.06,-0.06,0.96,0.06,0.00%,0.06,12.15,128.8,10.6,4.95,32.9,0.4,0.11,0.00,0.17,0.06,2.25,0.51,3.88,0.23,1.41,8.72,4.61,52.9%,2.25,0.96,42.5%,40.89,35.49,86.8%,8.44,6.24,74.0%,0.73,0.17,23.1%,0.06
Amine Gouiri,22,1328,0.54,0.42,0.12,2.58,1.15,21.05%,0.16,8.47,93.9,11.1,4.00,40.0,0.7,0.61,0.07,0.34,0.07,0.81,0.20,3.05,0.07,0.20,8.20,3.19,38.8%,1.42,0.54,38.1%,27.92,23.25,83.3%,13.01,10.17,78.1%,0.61,0.07,11.1%,0.41
Amine Sbaï,25,1832,0.15,0.19,-0.04,1.67,0.79,8.82%,0.11,16.90,237.9,14.1,10.56,141.6,0.7,0.93,0.05,0.64,0.05,0.98,0.34,3.64,0.00,0.10,10.46,3.98,38.0%,0.74,0.15,20.0%,28.40,20.49,72.2%,13.31,8.70,65.3%,1.62,0.20,12.1%,0.29
Amir Murillo,16,988,0.18,0.09,0.09,0.82,0.18,22.22%,0.11,9.75,99.7,10.2,6.19,64.8,1.0,0.09,0.00,0.18,0.00,1.91,0.55,3.92,0.18,1.73,8.20,4.10,50.0%,2.00,0.91,45.5%,44.27,38.08,86.0%,14.39,10.48,72.8%,2.46,0.46,18.5%,0.27
Andrew Omobamidele,25,1351,0.07,0.03,0.03,0.27,0.20,25.00%,0.13,17.45,182.0,10.4,9.73,99.1,0.7,0.00,0.00,0.00,0.00,0.47,1.13,3.93,0.60,4.86,2.26,1.13,50.0%,2.46,1.87,75.7%,78.68,75.81,96.4%,2.40,1.73,72.2%,0.00,0.00,0.0%,0.00
Andrija Bulatovic,19,752,0.00,0.08,-0.08,1.32,0.60,0.00%,0.06,8.98,91.6,10.2,4.07,21.7,0.6,0.12,0.00,0.00,0.00,3.95,1.08,5.15,0.24,1.80,13.16,7.06,53.6%,0.84,0.24,28.6%,40.21,33.15,82.4%,11.25,7.78,69.2%,1.32,0.00,0.0%,0.12
Angel Gomes,14,892,0.30,0.14,0.16,1.11,0.50,27.27%,0.13,11.50,103.3,9.0,3.23,23.1,0.7,0.20,0.00,0.20,0.00,1.01,0.40,2.42,0.00,0.20,5.95,2.83,47.5%,1.41,0.50,35.7%,58.72,53.37,90.9%,19.37,16.14,83.3%,0.30,0.00,0.0%,0.20
Ansu Fati,25,1086,0.91,0.80,0.12,3.56,1.99,25.58%,0.22,10.19,101.4,9.9,4.89,44.2,0.7,0.83,0.17,0.50,0.00,1.24,0.33,3.07,0.00,0.75,6.71,2.90,43.2%,2.40,1.16,48.3%,35.39,29.25,82.7%,14.83,11.44,77.1%,0.66,0.17,25.0%,0.41
Anthony Rouault,21,1724,0.05,0.08,-0.03,0.47,0.16,11.11%,0.17,12.84,124.7,9.7,7.41,78.6,0.6,0.00,0.00,0.10,0.00,1.31,0.99,3.13,1.04,5.79,4.12,1.88,45.6%,4.07,2.35,57.7%,62.65,55.23,88.2%,8.87,6.68,75.3%,0.00,0.00,0.0%,0.05
Antoine Mendy,25,2098,0.04,0.09,-0.05,0.73,0.30,5.88%,0.13,13.73,142.8,10.4,8.84,89.3,0.4,0.13,0.04,0.04,0.00,2.32,0.77,4.80,0.77,5.15,6.26,3.52,56.2%,4.25,2.75,64.6%,51.61,43.93,85.1%,8.24,5.02,60.9%,0.86,0.04,5.0%,0.04
Arnaud Nordin,10,573,0.16,0.17,-0.01,3.14,0.79,5.00%,0.05,10.68,134.9,12.6,6.28,70.4,1.8,1.26,0.00,0.31,0.16,1.41,0.00,2.98,0.00,0.94,9.58,5.03,52.5%,2.20,0.47,21.4%,24.82,19.48,78.5%,8.80,5.97,67.9%,2.67,0.79,29.4%,0.16
Aron Dønnum,28,2424,0.15,0.18,-0.03,1.49,0.52,10.00%,0.12,14.89,173.7,11.7,7.43,72.0,0.4,0.48,0.04,0.48,0.07,1.71,1.00,5.09,0.11,0.59,9.25,4.05,43.8%,0.26,0.11,42.9%,37.39,29.52,79.0%,15.82,10.73,67.8%,2.45,0.67,27.3%,0.22
Arouna Sangante,28,2333,0.04,0.02,0.02,0.35,0.19,11.11%,0.05,18.63,203.2,10.9,10.80,116.6,0.4,0.00,0.00,0.15,0.04,1.58,1.47,3.01,0.58,4.67,5.75,3.28,57.0%,3.82,2.16,56.6%,54.93,47.06,85.7%,8.56,5.29,61.7%,0.27,0.04,14.3%,0.00
Arsène Kouassi,31,2612,0.07,0.02,0.05,0.31,0.17,22.22%,0.07,12.06,142.3,11.8,7.75,88.4,0.4,0.07,0.00,0.24,0.03,0.90,0.79,4.03,0.10,1.79,6.37,3.96,62.2%,1.03,0.28,26.7%,30.11,26.15,86.8%,8.96,7.24,80.8%,2.89,0.38,13.1%,0.00
Arthur Avom,31,2115,0.09,0.05,0.04,0.89,0.26,9.52%,0.05,16.30,186.4,11.4,8.30,92.6,0.5,0.13,0.00,0.21,0.00,2.34,1.28,5.40,0.13,1.06,8.64,4.77,55.2%,1.02,0.38,37.5%,54.09,45.40,84.0%,15.96,11.62,72.8%,1.28,0.38,30.0%,0.21
Arthur Vermeeren,20,823,0.00,0.02,-0.02,0.33,0.11,0.00%,0.06,10.06,92.2,9.2,3.50,22.4,0.7,0.00,0.00,0.11,0.00,3.06,1.31,6.34,0.11,0.98,7.87,3.72,47.2%,0.87,0.44,50.0%,62.55,55.33,88.5%,16.95,14.11,83.2%,0.33,0.00,0.0%,0.22
Ayumu Seko,30,2625,0.00,0.04,-0.04,0.58,0.21,0.00%,0.06,10.01,100.9,10.1,5.21,52.4,0.3,0.07,0.00,0.07,0.00,1.44,1.27,3.09,0.24,3.98,3.74,2.19,58.7%,1.89,1.20,63.6%,39.33,33.29,84.7%,8.61,5.42,63.0%,0.17,0.03,20.0%,0.03
Ayyoub Bouaddi,30,2329,0.00,0.06,-0.06,0.62,0.19,0.00%,0.10,13.49,154.9,11.5,6.38,66.9,0.4,0.15,0.00,0.15,0.00,2.28,1.04,5.84,0.27,1.12,8.19,4.52,55.2%,1.51,0.97,64.1%,41.00,34.74,84.7%,13.72,10.43,76.1%,0.73,0.12,15.8%,0.04
Aïssa Mandi,29,2427,0.04,0.04,-0.01,0.52,0.15,7.14%,0.09,17.47,191.2,10.9,9.98,114.4,0.4,0.04,0.00,0.04,0.00,1.22,1.63,4.75,0.52,3.93,3.11,1.97,63.1%,2.19,1.59,72.9%,70.53,64.82,91.9%,11.09,8.60,77.6%,0.33,0.04,11.1%,0.30
Bamba Dieng,22,1220,0.74,0.65,0.09,3.39,1.77,21.74%,0.19,4.28,47.6,11.1,2.29,29.2,0.9,0.81,0.15,0.22,0.00,0.52,0.22,2.14,0.07,1.03,5.24,1.92,36.6%,4.13,2.07,50.0%,14.09,10.77,76.4%,3.54,2.29,64.6%,0.15,0.00,0.0%,0.00
Bamo Meïté,25,1979,0.00,0.03,-0.03,0.36,0.05,0.00%,0.09,9.10,91.6,10.1,4.78,45.6,0.4,0.00,0.00,0.05,0.00,1.27,0.59,2.91,0.59,5.18,5.09,2.73,53.6%,5.00,2.96,59.1%,39.20,33.24,84.8%,7.64,5.68,74.4%,0.55,0.09,16.7%,0.00
Ben Chilwell,20,1602,0.00,0.02,-0.02,0.28,0.17,0.00%,0.06,9.44,102.5,10.9,5.28,56.5,0.6,0.00,0.00,0.17,0.06,1.40,1.24,4.10,0.22,2.98,5.79,3.20,55.3%,1.07,0.56,52.6%,44.49,39.04,87.8%,7.30,5.28,72.3%,1.18,0.45,38.1%,0.00
Benjamin André,27,2333,0.08,0.12,-0.05,1.04,0.23,7.41%,0.12,12.11,117.3,9.7,5.67,46.5,0.3,0.00,0.00,0.35,0.00,2.55,1.27,5.52,0.19,1.58,7.87,4.63,58.8%,6.06,3.36,55.4%,55.13,45.98,83.4%,19.56,14.97,76.5%,0.81,0.12,14.3%,0.23
Benjamin Pavard,27,1929,0.05,0.04,0.01,0.51,0.14,9.09%,0.07,13.30,125.8,9.5,6.77,56.4,0.4,0.00,0.00,0.14,0.00,1.31,1.17,3.03,0.56,3.50,3.31,1.96,59.2%,3.27,2.05,62.9%,62.57,57.06,91.2%,11.66,9.66,82.8%,0.75,0.09,12.5%,0.05
Benjamin Stambouli,19,959,0.00,0.03,-0.03,0.56,0.09,0.00%,0.06,10.32,99.1,9.6,4.88,42.7,0.8,0.00,0.00,0.09,0.00,2.16,0.75,4.69,0.47,2.25,7.04,3.94,56.0%,1.22,0.47,38.5%,46.92,38.48,82.0%,10.04,5.91,58.9%,0.66,0.09,14.3%,0.19
Beraldo,20,1570,0.11,0.10,0.02,0.80,0.23,14.29%,0.12,12.10,104.5,8.6,5.39,46.7,0.5,0.06,0.00,0.17,0.06,1.78,1.20,4.82,0.46,3.73,4.13,2.18,52.8%,3.78,2.01,53.0%,81.97,76.64,93.5%,13.64,11.46,84.0%,0.11,0.00,0.0%,0.23
Bilal Nadir,20,590,0.00,0.07,-0.07,1.07,0.15,0.00%,0.07,16.17,177.4,11.0,8.39,92.6,1.7,0.31,0.00,0.92,0.31,2.59,1.07,5.19,0.15,0.76,10.53,3.81,36.2%,1.22,0.31,25.0%,56.59,51.10,90.3%,19.22,16.63,86.5%,1.37,0.61,44.4%,0.46
Boubacar Traoré,20,1391,0.06,0.06,0.00,1.23,0.19,5.26%,0.05,12.36,123.5,10.0,4.59,43.4,0.6,0.39,0.00,0.06,0.00,3.04,0.91,5.76,0.06,1.04,8.73,4.53,51.9%,2.72,1.42,52.4%,40.24,34.87,86.7%,7.25,4.92,67.9%,0.13,0.06,50.0%,0.00
Bouna Sarr,12,897,0.00,0.16,-0.16,1.51,0.30,0.00%,0.11,14.35,180.7,12.6,8.43,95.6,1.1,0.40,0.00,0.30,0.00,2.31,1.10,3.91,0.60,2.01,10.23,5.42,52.9%,1.51,0.80,53.3%,35.52,31.81,89.5%,9.83,8.33,84.7%,2.81,0.60,21.4%,0.30
Bradley Barcola,29,1750,0.57,0.56,0.01,3.45,1.59,16.42%,0.16,14.66,182.8,12.5,7.56,82.4,0.6,2.06,0.26,0.62,0.00,1.54,0.62,3.03,0.05,0.31,9.31,3.91,42.0%,1.08,0.51,47.6%,37.08,30.96,83.5%,20.37,16.05,78.8%,1.29,0.26,20.0%,0.31
Bradley Locko,21,1284,0.00,0.01,-0.01,0.14,0.07,0.00%,0.06,8.97,105.3,11.7,5.89,67.7,0.8,0.07,0.00,0.14,0.07,3.71,0.77,4.35,0.00,2.10,9.67,5.82,60.1%,1.82,0.49,26.9%,32.31,25.09,77.7%,8.48,5.68,66.9%,2.38,0.70,29.4%,0.07
Branco van den Boomen,15,1242,0.00,0.08,-0.08,0.94,0.36,0.00%,0.09,13.12,124.7,9.5,6.67,59.8,0.7,0.14,0.00,0.36,0.00,1.96,0.51,4.71,0.29,1.30,6.16,2.90,47.1%,1.23,0.51,41.2%,57.10,50.87,89.1%,15.22,12.83,84.3%,1.38,0.29,21.1%,0.14
Breel Embolo,31,1872,0.38,0.43,-0.05,1.97,0.82,19.51%,0.22,6.06,60.9,10.1,2.93,27.4,0.4,0.24,0.05,0.14,0.10,0.91,0.19,2.79,0.19,0.91,9.90,4.42,44.7%,3.27,1.39,42.6%,17.40,12.26,70.4%,7.45,4.42,59.4%,0.34,0.05,14.3%,0.14
Brendan Chardonnet,29,2547,0.04,0.03,0.01,0.42,0.21,8.33%,0.06,9.22,101.0,11.0,5.62,63.9,0.4,0.00,0.00,0.18,0.04,1.27,1.13,2.54,1.41,6.47,3.18,1.84,57.8%,4.81,2.86,59.6%,44.17,37.10,84.0%,6.96,3.04,43.6%,0.25,0.11,42.9%,0.14
Bryan Okoh,13,1006,0.27,0.06,0.21,0.72,0.27,37.50%,0.08,9.75,88.5,9.1,5.28,45.9,0.8,0.00,0.00,0.18,0.00,1.16,2.42,4.29,1.07,6.80,3.22,1.88,58.3%,4.12,2.77,67.4%,37.84,32.03,84.6%,3.85,2.06,53.5%,0.00,0.00,0.0%,0.09
CJ Egan-Riley,11,626,0.00,0.00,0.00,0.00,0.00,0.00%,0.00,21.13,221.9,10.5,11.65,119.0,1.5,0.00,0.00,0.14,0.00,1.44,0.14,4.17,0.58,4.89,3.88,2.30,59.3%,2.59,1.44,55.6%,75.19,69.73,92.7%,7.62,5.32,69.8%,0.14,0.00,0.0%,0.29
Caio Henrique,22,1533,0.00,0.01,-0.01,0.12,0.00,0.00%,0.12,11.15,114.0,10.2,6.87,66.1,0.6,0.00,0.00,0.18,0.06,1.35,0.65,3.58,0.35,1.88,4.81,2.58,53.7%,1.12,0.41,36.8%,45.68,36.81,80.6%,15.50,11.39,73.5%,3.05,0.70,23.1%,0.06
Calvin Verdonk,18,786,0.00,0.01,-0.01,0.34,0.11,0.00%,0.03,9.50,97.8,10.3,5.50,50.3,1.0,0.00,0.00,0.11,0.00,1.72,2.06,5.73,0.11,2.86,4.01,2.06,51.4%,2.52,1.49,59.1%,62.18,51.30,82.5%,17.29,12.37,71.5%,2.06,0.23,11.1%,0.00
Carlens Arcus,26,2044,0.00,0.01,-0.01,0.40,0.04,0.00%,0.03,11.40,124.9,11.0,6.25,67.3,0.5,0.04,0.00,0.44,0.09,1.63,1.36,4.09,0.13,2.91,4.84,2.42,50.0%,1.72,1.10,64.1%,49.09,42.97,87.5%,9.33,6.78,72.6%,1.67,0.48,28.9%,0.00
Chancel Mbemba,13,953,0.00,0.05,-0.05,0.66,0.28,0.00%,0.07,13.60,136.2,10.0,8.03,88.7,1.0,0.19,0.00,0.00,0.00,1.32,1.32,3.59,0.38,6.14,3.87,1.98,51.2%,2.64,1.89,71.4%,62.52,57.42,91.8%,6.89,5.01,72.6%,0.00,0.00,0.0%,0.00
Charles Vanhoutte,26,1778,0.00,0.01,-0.01,0.25,0.05,0.00%,0.04,8.81,81.4,9.2,4.86,43.8,0.5,0.05,0.00,0.15,0.10,2.38,0.96,5.21,0.56,2.28,6.83,3.19,46.7%,2.99,1.82,61.0%,49.91,42.17,84.5%,13.77,10.07,73.2%,0.61,0.05,8.3%,0.05
Charlie Cresswell,29,2533,0.11,0.12,-0.01,1.31,0.43,8.11%,0.09,11.05,106.3,9.6,5.01,53.3,0.4,0.00,0.00,0.04,0.00,0.92,0.99,2.63,0.99,6.15,3.41,1.46,42.7%,7.11,4.62,65.0%,50.06,42.89,85.7%,6.61,3.30,50.0%,0.07,0.00,0.0%,0.00
Cheikh Sabaly,14,970,0.00,0.15,-0.15,0.74,0.37,0.00%,0.20,10.30,134.5,13.1,6.68,74.9,1.0,0.19,0.00,0.56,0.09,1.67,0.46,3.34,0.28,0.46,10.30,4.45,43.2%,1.76,0.19,10.5%,21.25,16.24,76.4%,8.44,5.94,70.3%,1.30,0.37,28.6%,0.19
Chidozie Awaziem,27,2254,0.04,0.02,0.02,0.44,0.16,9.09%,0.05,11.22,114.7,10.2,6.39,67.8,0.4,0.00,0.00,0.16,0.00,1.12,0.80,3.83,0.68,7.35,3.67,2.08,56.5%,2.56,1.76,68.8%,55.62,47.12,84.7%,8.23,4.15,50.5%,0.08,0.00,0.0%,0.16
Christian Mawissa,18,1191,0.00,0.03,-0.03,0.15,0.08,0.00%,0.17,17.15,185.9,10.8,9.45,89.3,0.7,0.08,0.00,0.08,0.00,2.27,1.36,6.05,0.45,3.70,8.16,4.53,55.6%,2.42,1.51,62.5%,64.16,57.73,90.0%,10.81,8.77,81.1%,0.38,0.00,0.0%,0.00
Ciro Immobile,12,711,0.25,0.24,0.01,1.90,0.63,13.33%,0.13,5.95,60.8,10.2,2.53,24.0,1.2,0.38,0.00,0.25,0.13,0.00,0.13,2.66,0.25,0.76,3.42,1.14,33.3%,3.42,1.14,33.3%,19.75,13.67,69.2%,8.73,5.06,58.0%,0.38,0.00,0.0%,0.38
Clinton Mata,32,2836,0.00,0.00,-0.00,0.16,0.00,0.00%,0.03,14.41,136.8,9.5,6.89,59.2,0.3,0.00,0.00,0.00,0.00,1.24,0.92,3.46,0.86,4.63,4.28,2.51,58.5%,2.25,1.24,54.9%,58.42,52.97,90.7%,6.63,4.51,67.9%,0.32,0.06,20.0%,0.16
Clément Akpa,26,1941,0.00,0.01,-0.01,0.28,0.00,0.00%,0.03,13.08,129.0,9.9,7.00,63.7,0.4,0.05,0.00,0.09,0.00,1.44,0.97,3.57,0.37,4.31,4.45,3.29,74.0%,3.11,1.67,53.7%,49.75,40.06,80.5%,9.41,5.05,53.7%,0.60,0.19,30.8%,0.05
Corentin Tolisso,30,2306,0.43,0.43,0.00,2.11,1.05,20.37%,0.20,12.18,119.5,9.8,4.64,34.7,0.3,0.35,0.04,0.31,0.08,1.25,0.70,4.29,0.35,1.41,7.65,3.59,46.9%,4.02,2.11,52.4%,51.28,43.20,84.3%,16.08,11.83,73.5%,1.56,0.31,20.0%,0.31
Cristian Cásseres,31,2521,0.07,0.06,0.01,0.93,0.21,7.69%,0.07,11.92,121.7,10.2,5.36,53.1,0.4,0.25,0.00,0.07,0.00,2.82,1.25,6.46,0.32,1.32,8.50,4.86,57.1%,1.11,0.50,45.2%,49.94,42.45,85.0%,14.35,10.17,70.9%,1.07,0.29,26.7%,0.25
Danny Namaso,30,2525,0.11,0.20,-0.09,2.21,0.61,4.84%,0.09,10.34,124.1,12.0,4.95,54.9,0.4,0.39,0.07,0.57,0.04,1.25,0.36,4.24,0.07,0.78,10.37,4.10,39.5%,3.99,1.64,41.1%,25.06,21.07,84.1%,10.98,8.45,77.0%,1.10,0.07,6.5%,0.04
Dante,12,852,0.00,0.03,-0.03,0.74,0.11,0.00%,0.04,10.77,103.1,9.6,4.75,39.9,0.9,0.00,0.00,0.00,0.00,0.85,1.06,4.01,0.63,3.80,3.06,1.37,44.8%,2.43,1.80,73.9%,49.65,44.68,90.0%,6.34,3.49,55.0%,0.00,0.00,0.0%,0.11
Daouda Guindo,25,1687,0.05,0.06,-0.01,1.12,0.27,4.76%,0.06,7.47,75.6,10.1,3.79,34.5,0.5,0.21,0.00,0.16,0.05,1.97,1.60,3.15,0.43,2.40,5.55,2.99,53.8%,0.96,0.64,66.7%,36.01,28.11,78.1%,7.95,4.37,55.0%,1.92,0.43,22.2%,0.00
Darlin Yongwa,23,1305,0.00,0.03,-0.03,0.69,0.14,0.00%,0.05,14.14,153.1,10.8,9.45,106.7,0.8,0.21,0.00,0.28,0.00,2.21,0.76,4.48,0.14,2.21,8.76,4.62,52.8%,3.10,1.24,40.0%,44.00,36.28,82.5%,11.10,7.66,68.9%,2.41,0.62,25.7%,0.21
Dayann Methalie,28,1904,0.09,0.04,0.05,0.71,0.33,13.33%,0.06,9.12,114.1,12.5,5.77,71.6,0.6,0.38,0.09,0.14,0.05,2.60,1.18,4.07,0.14,1.47,11.34,4.44,39.2%,1.18,0.61,52.0%,22.59,17.96,79.5%,7.09,5.01,70.7%,1.99,0.43,21.4%,0.00
Dehmaine Tabibou,27,1251,0.07,0.14,-0.07,2.09,0.50,3.45%,0.07,10.14,113.9,11.2,5.11,43.6,0.6,0.86,0.07,0.36,0.00,2.16,1.22,4.96,0.00,1.37,10.00,5.04,50.4%,1.51,0.72,47.6%,28.85,21.29,73.8%,9.21,5.47,59.4%,2.59,0.58,22.2%,0.07
Denis Zakaria,24,2033,0.09,0.08,0.01,0.80,0.13,11.11%,0.09,13.41,144.9,10.8,7.61,79.4,0.5,0.09,0.00,0.04,0.00,1.68,1.77,4.47,0.66,2.83,4.78,2.35,49.1%,1.28,0.66,51.7%,49.18,45.86,93.3%,8.28,6.95,84.0%,0.53,0.04,8.3%,0.04
Dermane Karim,30,1363,0.07,0.08,-0.01,1.06,0.13,6.25%,0.07,15.91,199.1,12.5,8.32,86.4,0.7,0.33,0.07,0.59,0.07,1.65,0.73,5.88,0.13,0.33,10.76,5.55,51.5%,1.78,0.40,22.2%,35.92,30.51,84.9%,14.06,11.29,80.3%,0.86,0.00,0.0%,0.20
Diego Coppola,13,1170,0.00,0.02,-0.02,0.38,0.23,0.00%,0.06,9.46,81.6,8.6,3.54,33.2,0.7,0.00,0.00,0.08,0.00,0.92,0.46,3.38,0.77,8.15,2.31,1.15,50.0%,4.08,2.15,52.8%,48.38,41.69,86.2%,7.23,4.62,63.8%,0.00,0.00,0.0%,0.00
Diego Moreira,27,2041,0.18,0.09,0.09,1.28,0.49,13.79%,0.07,13.80,171.8,12.4,7.89,91.8,0.5,0.26,0.09,0.53,0.04,1.94,0.93,4.23,0.18,1.19,10.10,4.67,46.3%,1.32,0.66,50.0%,41.85,34.04,81.3%,13.67,9.66,70.7%,3.70,0.79,21.4%,0.09
Djaoui Cissé,24,982,0.00,0.07,-0.07,2.20,0.55,0.00%,0.03,13.75,168.2,12.2,6.97,72.7,1.0,1.01,0.00,0.18,0.00,3.02,0.55,4.95,0.46,0.55,9.62,4.67,48.6%,1.28,0.46,35.7%,47.02,37.94,80.7%,16.13,12.46,77.3%,1.10,0.18,16.7%,0.00
Djibril Sidibé,33,2169,0.12,0.12,0.01,0.33,0.21,37.50%,0.35,8.22,86.9,10.6,5.44,55.4,0.4,0.04,0.00,0.17,0.04,2.03,0.71,3.94,0.17,1.99,5.27,2.95,55.9%,1.78,0.87,48.8%,37.80,30.17,79.8%,12.86,8.38,65.2%,2.16,0.41,19.2%,0.12
Dro Fernández,12,682,0.13,0.13,-0.00,1.19,0.40,11.11%,0.11,10.16,95.8,9.4,5.01,40.5,1.1,0.13,0.00,0.26,0.00,1.72,1.06,4.62,0.40,0.79,7.92,4.09,51.7%,0.92,0.53,57.1%,51.73,47.11,91.1%,15.31,13.33,87.1%,0.53,0.00,0.0%,0.13
Déiver Machado,19,1186,0.00,0.06,-0.06,0.99,0.15,0.00%,0.06,7.74,95.0,12.3,4.55,50.2,0.8,0.08,0.00,0.00,0.00,1.59,0.76,4.55,0.08,2.28,8.50,4.25,50.0%,1.97,0.68,34.6%,27.70,22.92,82.7%,7.97,5.92,74.3%,1.97,0.38,19.2%,0.00
Désiré Doué,23,1356,0.46,0.53,-0.06,3.65,1.26,12.73%,0.14,22.43,250.1,11.1,10.88,88.3,0.5,1.39,0.33,0.86,0.07,2.12,0.80,4.31,0.13,0.33,12.88,6.11,47.4%,0.40,0.07,16.7%,56.35,48.38,85.9%,25.62,19.58,76.4%,2.92,0.60,20.4%,0.27
Elisha Owusu,29,2349,0.00,0.01,-0.01,0.27,0.00,0.00%,0.02,5.44,51.9,9.5,2.03,19.6,0.4,0.04,0.00,0.15,0.00,2.64,1.00,5.79,0.34,1.76,7.05,3.87,54.9%,1.34,0.50,37.1%,33.14,26.86,81.0%,7.93,5.71,72.0%,0.04,0.00,0.0%,0.08
Elye Wahi,14,926,0.49,0.35,0.14,2.24,1.46,21.74%,0.16,5.64,66.3,11.8,4.28,46.1,1.0,0.58,0.19,0.29,0.10,0.49,0.19,1.46,0.00,0.10,5.35,1.56,29.1%,3.30,0.58,17.6%,13.70,9.33,68.1%,5.93,3.40,57.4%,0.78,0.39,50.0%,0.00
Emerson,28,2111,0.00,0.02,-0.02,0.64,0.09,0.00%,0.04,13.64,165.6,12.1,8.23,88.6,0.5,0.17,0.00,0.38,0.13,2.00,1.49,3.45,0.34,2.43,5.24,3.07,58.5%,1.66,0.98,59.0%,53.72,47.66,88.7%,16.80,13.73,81.7%,2.13,0.30,14.0%,0.17
Emersonn,28,1526,0.35,0.43,-0.08,3.07,1.12,11.54%,0.14,6.02,68.4,11.4,3.13,32.6,0.6,0.71,0.12,0.29,0.06,1.18,0.41,2.01,0.06,1.12,7.25,2.36,32.5%,8.43,3.72,44.1%,14.69,11.03,75.1%,6.02,4.36,72.5%,0.53,0.00,0.0%,0.00
Endrick,16,1222,0.37,0.48,-0.11,3.68,1.91,10.00%,0.13,11.49,135.1,11.8,6.55,72.8,0.8,0.96,0.00,0.44,0.07,0.96,0.22,3.31,0.00,0.29,11.42,5.16,45.2%,0.96,0.22,23.1%,22.24,16.64,74.8%,12.37,8.40,67.9%,2.06,0.44,21.4%,0.66
Eric Dier,9,687,0.13,0.06,0.07,0.39,0.26,33.33%,0.16,16.64,165.4,9.9,10.09,103.3,1.3,0.00,0.00,0.00,0.00,0.92,1.31,2.49,1.31,3.80,3.01,1.18,39.1%,3.67,1.83,50.0%,77.55,72.71,93.8%,12.97,10.87,83.8%,0.26,0.00,0.0%,0.00
Estéban Lepaul,34,2702,0.70,0.52,0.18,2.90,1.30,24.14%,0.18,4.53,52.2,11.5,2.46,23.7,0.3,0.47,0.03,0.20,0.00,0.23,0.07,1.90,0.00,0.57,3.00,1.00,33.3%,3.23,1.43,44.3%,17.29,13.39,77.5%,5.63,3.73,66.3%,0.63,0.13,21.1%,0.07
Ethan Mbappé,18,560,0.48,0.24,0.24,2.25,1.13,21.43%,0.11,15.75,212.0,13.5,8.52,108.0,2.0,0.80,0.00,0.32,0.00,2.25,0.48,3.86,0.00,0.16,10.93,4.66,42.6%,0.48,0.00,0.0%,38.09,31.50,82.7%,18.80,13.50,71.8%,1.93,0.16,8.3%,0.48
Fabien Centonze,15,733,0.37,0.17,0.20,0.98,0.37,37.50%,0.17,6.88,100.6,14.6,4.91,51.6,1.3,0.12,0.12,0.25,0.00,3.81,2.82,3.07,0.25,3.93,9.21,5.28,57.3%,2.58,1.23,47.6%,24.43,18.54,75.9%,8.35,5.89,70.6%,3.32,1.23,37.0%,0.00
Fabián Ruiz,20,1129,0.08,0.11,-0.03,1.51,0.32,5.26%,0.07,21.12,212.6,10.1,9.88,83.1,0.7,0.16,0.00,0.16,0.08,1.36,1.12,3.91,0.00,0.56,3.67,1.75,47.8%,0.24,0.16,66.7%,96.62,89.44,92.6%,34.12,29.73,87.2%,1.83,0.08,4.3%,0.40
Facundo Medina,17,1366,0.00,0.02,-0.02,0.26,0.07,0.00%,0.07,15.35,154.0,10.0,8.63,79.5,0.6,0.07,0.00,0.13,0.00,1.25,1.52,5.01,0.72,3.56,4.68,2.17,46.5%,1.32,0.66,50.0%,68.72,62.79,91.4%,14.23,11.33,79.6%,0.92,0.07,7.1%,0.00
Felix Mambimbi,17,529,0.17,0.11,0.06,1.02,0.34,16.67%,0.11,6.98,68.3,9.8,4.08,36.4,1.5,0.17,0.00,0.17,0.00,2.04,0.51,4.59,0.00,1.19,9.53,3.57,37.5%,3.06,0.51,16.7%,20.25,14.63,72.3%,10.04,6.29,62.7%,0.85,0.00,0.0%,0.17
Florent Hanin,25,861,0.00,0.00,-0.00,0.31,0.00,0.00%,0.01,7.63,80.1,10.5,5.02,52.1,1.1,0.00,0.00,0.42,0.00,1.57,1.15,4.70,0.42,2.93,5.23,2.72,52.0%,2.40,0.94,39.1%,37.11,28.85,77.8%,8.57,6.17,72.0%,2.51,0.84,33.3%,0.00
Florian Sotoca,26,494,0.18,0.13,0.05,2.37,0.18,7.69%,0.06,12.21,122.2,10.0,6.92,59.2,1.6,0.73,0.18,0.18,0.00,1.09,0.91,4.01,0.00,1.82,8.20,3.64,44.4%,4.92,2.37,48.1%,45.73,36.44,79.7%,22.41,16.40,73.2%,2.00,0.00,0.0%,0.55
Florian Thauvin,33,2460,0.40,0.40,0.00,2.67,0.99,15.07%,0.15,17.93,216.6,12.1,9.99,106.6,0.4,0.99,0.22,0.84,0.11,0.91,0.37,4.10,0.07,0.26,9.77,3.99,40.8%,1.10,0.40,36.7%,41.45,32.74,79.0%,19.76,13.65,69.1%,3.73,0.84,22.6%,0.33
Fodé Ballo-Touré,13,843,0.00,0.02,-0.02,0.53,0.11,0.00%,0.04,10.14,130.0,12.8,5.87,77.7,1.4,0.21,0.00,0.00,0.00,2.24,0.53,3.20,0.00,2.03,9.29,5.55,59.8%,1.07,0.53,50.0%,36.62,33.10,90.4%,5.87,4.80,81.8%,1.71,0.32,18.8%,0.00
Fodé Doucouré,26,1242,0.22,0.15,0.07,1.45,0.58,15.00%,0.11,8.91,97.7,11.0,4.49,43.6,0.7,0.07,0.00,0.22,0.00,2.61,0.65,4.28,0.07,1.59,6.74,3.33,49.5%,1.45,0.72,50.0%,31.30,25.36,81.0%,10.80,7.46,69.1%,5.22,1.01,19.4%,0.07
Folarin Balogun,30,2245,0.52,0.54,-0.02,3.09,1.28,16.88%,0.17,5.73,71.6,12.5,3.09,42.2,0.5,0.72,0.12,0.20,0.00,0.20,0.16,1.92,0.08,0.28,5.89,2.20,37.4%,2.93,1.00,34.2%,16.28,11.91,73.2%,7.62,4.53,59.5%,0.60,0.12,20.0%,0.08
Francis Coquelin,16,655,0.00,0.02,-0.02,0.82,0.14,0.00%,0.02,5.77,47.9,8.3,1.79,11.8,0.9,0.00,0.00,0.14,0.00,2.34,0.82,3.71,0.69,1.51,8.11,3.98,49.2%,2.61,1.51,57.9%,39.98,35.18,88.0%,6.73,5.36,79.6%,0.14,0.14,100.0%,0.00
Francisco Sierralta,10,862,0.10,0.11,-0.00,0.73,0.21,14.29%,0.15,7.62,70.4,9.2,2.92,21.1,0.8,0.00,0.00,0.00,0.00,1.46,0.84,2.82,0.52,5.85,3.34,2.19,65.6%,4.70,3.34,71.1%,42.29,37.90,89.6%,4.18,2.19,52.5%,0.00,0.00,0.0%,0.00
Frank Magri,17,1264,0.36,0.32,0.04,2.35,0.85,15.15%,0.14,4.84,53.8,11.1,2.63,28.4,0.8,0.50,0.07,0.14,0.07,0.57,0.21,1.99,0.07,0.93,7.19,2.71,37.6%,6.41,2.85,44.4%,14.45,10.68,73.9%,5.91,3.77,63.9%,1.07,0.14,13.3%,0.14
Fredrik Oppegård,23,1248,0.00,0.04,-0.04,0.72,0.14,0.00%,0.05,8.44,119.7,14.2,5.77,82.2,1.0,0.14,0.00,0.07,0.00,1.88,0.94,3.25,0.36,1.73,5.12,3.10,60.6%,0.72,0.00,0.0%,28.34,22.57,79.6%,9.95,7.14,71.7%,2.74,0.65,23.7%,0.07
Frédéric Guilbert,8,610,0.00,0.06,-0.06,1.03,0.30,0.00%,0.06,5.90,69.2,11.7,2.66,30.8,1.7,0.00,0.00,0.44,0.00,2.36,3.10,4.87,0.74,4.57,7.97,5.02,63.0%,2.66,1.18,44.4%,26.41,20.21,76.5%,6.79,3.98,58.7%,2.21,0.44,20.0%,0.00
Félix Correia,34,2068,0.17,0.23,-0.06,1.61,0.39,10.81%,0.14,10.40,102.7,9.9,5.22,43.0,0.4,0.22,0.04,0.61,0.09,1.26,0.91,3.53,0.04,0.48,6.40,3.18,49.7%,1.35,0.48,35.5%,37.65,29.64,78.7%,18.54,13.71,73.9%,2.52,0.70,27.6%,0.39
Félix Lemaréchal,11,554,0.00,0.14,-0.14,1.62,0.32,0.00%,0.09,13.00,142.8,11.0,6.01,49.3,1.3,0.32,0.00,0.16,0.16,2.76,0.49,4.06,0.00,1.14,12.02,5.69,47.3%,1.14,0.65,57.1%,38.01,29.40,77.3%,14.46,8.94,61.8%,1.14,0.32,28.6%,0.49
Gauthier Hein,29,2354,0.31,0.31,-0.00,1.68,0.50,18.18%,0.18,17.47,190.0,10.9,8.41,82.7,0.4,0.27,0.00,0.61,0.04,0.69,0.31,3.79,0.08,0.15,4.89,1.68,34.4%,0.76,0.27,35.0%,54.86,49.28,89.8%,18.58,15.18,81.7%,1.72,0.46,26.7%,0.15
Gautier Lloris,29,2400,0.04,0.03,0.00,0.41,0.15,9.09%,0.08,16.16,166.2,10.3,8.06,82.4,0.4,0.00,0.00,0.04,0.00,1.54,1.58,2.70,0.79,5.63,3.56,2.21,62.1%,3.56,2.59,72.6%,57.30,52.35,91.4%,5.25,3.34,63.6%,0.08,0.00,0.0%,0.00
Geoffrey Kondogbia,10,593,0.00,0.04,-0.04,0.61,0.15,0.00%,0.07,14.57,140.7,9.7,6.98,59.4,1.3,0.00,0.00,0.00,0.00,2.12,1.52,7.74,0.76,2.58,7.28,4.25,58.3%,2.43,1.37,56.3%,65.56,57.22,87.3%,12.75,8.50,66.7%,0.15,0.00,0.0%,0.15
Gessime Yassine,12,509,0.00,0.14,-0.14,1.41,0.18,0.00%,0.10,17.15,185.9,10.8,8.49,83.1,1.7,0.71,0.00,0.53,0.00,4.07,0.35,4.42,0.00,0.18,17.15,9.19,53.6%,0.00,0.00,0.0%,31.65,26.17,82.7%,15.74,11.85,75.3%,2.83,0.53,18.8%,0.35
Gideon Mensah,30,2333,0.00,0.00,0.00,0.04,0.00,0.00%,0.00,10.92,114.5,10.5,5.75,50.5,0.3,0.00,0.00,0.12,0.00,1.97,1.08,4.94,0.12,2.78,7.45,3.90,52.3%,1.12,0.46,41.4%,42.59,35.07,82.3%,12.73,9.34,73.3%,2.28,0.58,25.4%,0.08
Giorgi Abuashvili,23,687,0.26,0.13,0.13,3.01,1.18,8.70%,0.04,15.20,203.3,13.4,9.17,127.3,1.8,1.31,0.00,0.13,0.00,1.70,0.66,4.45,0.13,1.05,11.79,4.32,36.7%,1.44,0.39,27.3%,33.28,30.00,90.2%,12.45,10.61,85.3%,3.41,0.52,15.4%,0.26
Giorgi Kvilitaia,10,495,0.36,0.19,0.18,2.18,1.27,16.67%,0.09,6.18,60.3,9.8,2.73,34.7,2.3,0.36,0.00,0.55,0.00,1.27,0.00,2.36,0.18,2.18,6.36,3.09,48.6%,8.36,3.45,41.3%,22.36,15.64,69.9%,11.09,7.09,63.9%,0.00,0.00,0.0%,0.00
Giorgi Tsitaishvili,33,2457,0.11,0.05,0.06,1.14,0.29,9.68%,0.05,13.04,167.2,12.8,8.39,100.1,0.4,0.59,0.11,0.55,0.04,0.70,0.48,3.11,0.11,1.21,7.00,3.55,50.8%,0.59,0.26,43.8%,27.00,21.28,78.8%,9.34,6.78,72.5%,4.80,0.95,19.9%,0.07
Goduine Koyalipou,13,670,0.27,0.36,-0.09,2.96,1.21,9.09%,0.12,5.78,72.7,12.6,3.22,36.8,1.5,0.94,0.00,0.40,0.13,0.40,0.27,2.96,0.00,0.67,5.24,1.88,35.9%,4.84,1.88,38.9%,16.66,12.49,75.0%,5.10,3.36,65.8%,0.54,0.00,0.0%,0.00
Gonçalo Ramos,30,1309,0.41,0.62,-0.21,3.99,1.72,10.34%,0.16,5.09,48.3,9.5,2.61,21.3,0.6,0.41,0.07,0.21,0.00,0.89,0.34,2.06,0.00,0.69,7.98,3.64,45.7%,3.37,1.44,42.9%,23.38,19.46,83.2%,8.73,6.81,78.0%,0.07,0.07,100.0%,0.07
Guéla Doué,24,2063,0.09,0.09,-0.00,0.52,0.22,16.67%,0.18,13.35,144.7,10.8,7.63,75.7,0.4,0.00,0.00,0.26,0.04,2.18,1.18,4.32,0.39,4.49,8.33,4.01,48.2%,3.97,2.53,63.7%,54.44,47.42,87.1%,9.68,7.15,73.9%,2.27,0.74,32.7%,0.17
Habib Diallo,25,1910,0.19,0.32,-0.13,1.79,0.57,10.53%,0.18,3.86,41.4,10.7,1.70,10.8,0.3,0.38,0.09,0.09,0.00,0.42,0.09,1.84,0.19,1.37,5.42,2.40,44.3%,6.88,3.39,49.3%,12.58,8.39,66.7%,5.23,2.97,56.8%,0.24,0.05,20.0%,0.05
Hamari Traoré,18,1153,0.00,0.01,-0.01,0.31,0.00,0.00%,0.04,7.18,78.0,10.9,3.75,32.9,0.7,0.00,0.00,0.08,0.00,2.34,1.33,3.98,0.08,3.51,5.31,2.89,54.4%,2.34,1.33,56.7%,46.99,39.03,83.1%,11.08,8.51,76.8%,2.03,0.31,15.4%,0.08
Hamed Traoré,13,619,0.29,0.32,-0.03,1.89,0.87,15.38%,0.17,15.56,168.5,10.8,7.42,57.4,1.1,0.44,0.00,0.58,0.00,1.31,0.58,4.22,0.29,0.44,8.58,4.36,50.8%,2.33,1.31,56.3%,32.57,27.04,83.0%,13.23,9.74,73.6%,4.22,0.73,17.2%,0.15
Hans Hateboer,16,763,0.00,0.08,-0.08,0.83,0.12,0.00%,0.10,7.31,88.4,12.1,4.01,46.0,1.4,0.00,0.00,0.00,0.00,1.42,1.18,2.71,0.35,2.71,4.13,1.89,45.7%,1.77,0.94,53.3%,43.29,37.39,86.4%,10.14,7.55,74.4%,2.60,0.47,18.2%,0.00
Haris Belkebla,33,2880,0.00,0.01,-0.01,0.16,0.00,0.00%,0.06,8.31,76.8,9.2,2.97,23.6,0.2,0.03,0.00,0.13,0.00,2.25,1.00,4.59,0.25,1.41,7.22,4.47,61.9%,1.09,0.59,54.3%,39.53,34.50,87.3%,6.94,5.41,77.9%,0.13,0.03,25.0%,0.00
Herba Guirassy,20,817,0.22,0.20,0.02,1.65,0.77,13.33%,0.12,11.90,140.4,11.8,7.60,86.1,1.2,0.55,0.00,0.44,0.00,2.31,0.55,5.07,0.11,1.32,11.02,4.30,39.0%,3.86,1.43,37.1%,22.14,14.76,66.7%,7.82,4.74,60.6%,2.42,0.55,22.7%,0.00
Hicham Boudaoui,25,1694,0.05,0.08,-0.03,1.12,0.48,4.76%,0.08,11.85,127.2,10.7,6.00,60.9,0.5,0.37,0.05,0.27,0.05,1.43,0.90,5.15,0.48,1.28,8.13,4.36,53.6%,1.28,0.69,54.2%,37.14,31.13,83.8%,10.47,7.33,70.0%,1.01,0.32,31.6%,0.43
Himad Abdelli,21,1079,0.17,0.18,-0.01,1.25,0.50,13.33%,0.14,16.77,188.0,11.2,10.01,120.6,1.0,0.17,0.00,0.33,0.00,2.00,1.33,6.17,0.25,1.00,8.84,4.25,48.1%,1.08,0.75,69.2%,59.14,51.80,87.6%,15.51,11.84,76.3%,0.25,0.00,0.0%,0.42
Hugo Magnetti,33,2697,0.03,0.02,0.01,0.73,0.17,4.55%,0.03,8.58,88.3,10.3,4.17,40.2,0.3,0.00,0.00,0.07,0.00,2.34,1.50,5.44,0.10,1.84,6.77,4.00,59.1%,0.80,0.43,54.2%,37.41,31.50,84.2%,9.58,6.64,69.3%,0.83,0.23,28.0%,0.13
Hákon Haraldsson,32,2475,0.29,0.29,0.01,1.82,0.62,16.00%,0.16,14.04,152.4,10.9,7.13,76.7,0.4,0.51,0.04,0.40,0.00,0.91,0.40,4.62,0.00,0.33,7.13,3.20,44.9%,1.09,0.47,43.3%,44.07,38.22,86.7%,16.87,13.13,77.8%,0.69,0.11,15.8%,0.36
Ibou Sané,16,536,0.17,0.06,0.11,1.01,0.50,16.67%,0.06,10.91,121.6,11.1,4.53,44.2,1.6,0.34,0.00,0.50,0.00,1.18,0.17,2.52,0.00,0.67,8.23,4.03,49.0%,1.34,0.84,62.5%,22.00,18.13,82.4%,7.56,6.21,82.2%,1.85,0.34,18.2%,0.17
Ibrahim Mbaye,24,997,0.27,0.30,-0.03,2.17,0.90,12.50%,0.14,19.95,245.1,12.3,10.29,114.8,1.0,0.72,0.00,0.99,0.09,1.26,0.45,3.70,0.00,0.36,10.20,4.33,42.5%,1.26,0.45,35.7%,51.45,44.50,86.5%,24.10,19.68,81.7%,1.44,0.18,12.5%,0.09
Ibrahim Osman,14,623,0.00,0.27,-0.27,2.60,0.87,0.00%,0.10,11.27,139.9,12.4,6.36,81.7,1.9,0.58,0.00,0.58,0.14,1.59,0.58,3.47,0.00,0.29,10.55,4.48,42.5%,2.31,0.87,37.5%,23.69,18.92,79.9%,11.56,8.09,70.0%,1.44,0.14,10.0%,0.00
Ibrahima Sissoko,14,826,0.00,0.02,-0.02,0.65,0.00,0.00%,0.03,9.15,88.6,9.7,4.90,49.2,1.1,0.11,0.00,0.22,0.00,1.63,1.96,5.56,0.54,1.53,7.74,3.16,40.8%,2.94,1.96,66.7%,36.28,29.09,80.2%,8.93,6.10,68.3%,0.65,0.11,16.7%,0.22
Ignatius Ganago,14,863,0.31,0.35,-0.04,2.29,0.73,13.64%,0.15,6.15,70.1,11.4,3.75,36.6,1.0,0.63,0.10,0.00,0.00,0.52,0.21,2.40,0.10,0.94,5.01,2.50,50.0%,7.09,3.75,52.9%,15.96,10.43,65.4%,8.97,4.69,52.3%,1.04,0.10,10.0%,0.21
Igor Paixão,30,1981,0.27,0.29,-0.02,2.59,1.04,10.53%,0.11,14.27,162.3,11.4,7.09,76.2,0.5,1.23,0.09,0.45,0.14,1.32,0.68,4.13,0.09,1.00,9.18,4.04,44.1%,2.41,0.82,34.0%,31.76,26.26,82.7%,15.49,11.72,75.7%,2.04,0.23,11.1%,0.09
Igor Silva,17,1212,0.07,0.03,0.04,0.59,0.07,12.50%,0.06,10.69,111.2,10.4,5.87,56.7,0.7,0.07,0.00,0.00,0.00,1.56,0.97,3.49,0.52,3.27,4.90,3.12,63.6%,1.93,1.04,53.8%,44.78,38.91,86.9%,9.13,6.61,72.4%,1.26,0.22,17.6%,0.00
Ilan Kebbal,29,2229,0.36,0.26,0.10,2.02,0.81,18.00%,0.13,20.27,233.6,11.5,10.26,94.8,0.4,0.57,0.04,0.69,0.00,1.29,0.32,5.33,0.00,0.28,9.77,5.01,51.2%,0.65,0.08,12.5%,57.74,49.70,86.1%,21.00,16.51,78.7%,2.30,0.40,17.5%,0.57
Illia Zabarnyi,28,2387,0.04,0.02,0.02,0.15,0.11,25.00%,0.13,19.15,181.1,9.5,10.44,97.0,0.4,0.00,0.00,0.00,0.00,1.21,0.75,4.49,0.38,3.36,2.64,1.62,61.4%,2.34,1.28,54.8%,83.40,78.84,94.5%,10.33,9.31,90.2%,0.04,0.00,0.0%,0.00
Isak Jansson,22,634,0.14,0.25,-0.11,2.41,1.56,5.88%,0.10,10.93,150.1,13.7,5.96,87.6,2.1,0.57,0.00,0.57,0.00,1.70,0.85,4.54,0.00,0.28,7.95,3.41,42.9%,3.12,0.57,18.2%,21.29,15.05,70.7%,11.07,7.52,68.0%,2.13,0.99,46.7%,0.00
Ismaël Doukouré,25,2076,0.00,0.02,-0.02,0.30,0.13,0.00%,0.06,15.78,172.5,10.9,8.37,93.8,0.5,0.09,0.00,0.00,0.00,0.87,1.00,4.25,0.52,3.29,3.55,2.12,59.8%,2.21,1.26,56.9%,64.12,58.74,91.6%,5.85,4.03,68.9%,0.13,0.04,33.3%,0.30
Ismaëlo Ganiou,23,2014,0.13,0.10,0.04,0.98,0.18,13.64%,0.10,13.67,138.8,10.1,7.19,73.5,0.5,0.18,0.04,0.04,0.00,1.74,1.30,5.23,0.63,5.00,5.00,3.13,62.5%,3.89,2.28,58.6%,58.54,50.81,86.8%,10.64,7.91,74.4%,0.76,0.18,23.5%,0.04
Issa Soumaré,34,2949,0.24,0.45,-0.21,2.35,0.85,10.39%,0.19,7.93,99.8,12.6,4.15,50.3,0.4,0.40,0.09,0.18,0.06,1.10,0.34,2.90,0.15,1.40,8.36,4.06,48.5%,6.78,4.12,60.8%,19.44,13.43,69.1%,8.70,5.07,58.3%,1.80,0.37,20.3%,0.00
Jacen Russell-Rowe,13,469,0.19,0.28,-0.08,2.11,0.77,9.09%,0.13,6.33,77.1,12.2,3.65,33.8,1.8,0.38,0.00,0.38,0.00,0.96,0.19,1.73,0.38,0.77,5.37,1.54,28.6%,4.61,1.34,29.2%,19.19,13.82,72.0%,8.25,4.99,60.5%,0.58,0.00,0.0%,0.00
Jacques Ekomié,32,2240,0.00,0.04,-0.04,0.48,0.12,0.00%,0.09,9.56,113.6,11.9,6.67,80.3,0.5,0.04,0.00,0.20,0.00,2.41,1.25,4.30,0.40,1.97,7.67,4.22,55.0%,2.09,1.04,50.0%,29.81,24.15,81.0%,6.63,4.50,67.9%,2.53,0.36,14.3%,0.04
Jean-Philippe Gbamin,31,2488,0.04,0.07,-0.04,0.51,0.25,7.14%,0.14,19.50,202.2,10.4,8.68,92.6,0.4,0.04,0.00,0.11,0.00,1.84,0.98,5.97,0.47,2.97,5.79,3.07,53.1%,2.03,0.98,48.2%,64.61,56.94,88.1%,9.26,6.19,66.8%,0.18,0.11,60.0%,0.04
Jean-Philippe Krasso,25,1090,0.17,0.28,-0.12,2.23,0.83,7.41%,0.13,6.11,57.9,9.5,3.06,23.9,0.6,0.58,0.00,0.50,0.00,1.07,0.08,1.90,0.08,0.58,9.74,3.80,39.0%,7.02,2.64,37.6%,21.14,15.11,71.5%,9.50,5.37,56.5%,0.33,0.08,25.0%,0.33
Jean-Victor Makengo,31,1813,0.20,0.15,0.04,1.89,0.69,10.53%,0.08,12.31,153.6,12.5,6.75,69.2,0.5,0.60,0.05,0.55,0.00,1.39,0.45,3.43,0.05,1.14,7.15,4.32,60.4%,1.49,0.60,40.0%,28.05,23.23,82.8%,11.12,8.69,78.1%,0.79,0.20,25.0%,0.25
Jessy Deminguet,31,2012,0.09,0.04,0.05,0.76,0.31,11.76%,0.06,13.02,130.5,10.0,4.12,31.0,0.3,0.04,0.00,0.00,0.00,1.97,0.98,3.22,0.09,0.76,7.65,3.80,49.7%,1.30,0.54,41.4%,39.05,34.80,89.1%,9.17,6.84,74.6%,0.85,0.09,10.5%,0.13
Joaquín Panichelli,27,2195,0.66,0.58,0.07,2.42,1.27,27.12%,0.24,3.90,38.1,9.8,2.26,18.5,0.3,0.21,0.00,0.16,0.00,1.07,0.49,2.91,0.33,1.31,6.89,3.20,46.4%,5.70,2.46,43.2%,19.11,13.86,72.5%,8.08,4.63,57.4%,0.00,0.00,0.0%,0.21
Joel Mvuka,15,556,0.00,0.08,-0.08,1.29,0.16,0.00%,0.07,11.01,140.3,12.7,6.96,84.0,2.0,0.49,0.00,0.16,0.00,3.56,1.13,4.21,0.00,2.10,10.04,6.31,62.9%,1.46,0.16,11.1%,23.96,18.94,79.0%,8.26,6.31,76.5%,1.94,0.16,8.3%,0.00
Johann Lepenant,28,2197,0.00,0.04,-0.04,0.86,0.29,0.00%,0.04,8.56,83.4,9.7,4.22,40.2,0.4,0.04,0.00,0.25,0.00,3.24,1.19,5.86,0.16,0.86,10.45,5.53,52.9%,1.27,0.61,48.4%,34.08,27.32,80.2%,11.14,7.91,71.0%,1.35,0.45,33.3%,0.08
Jonathan Clauss,30,2531,0.04,0.05,-0.01,0.82,0.21,4.35%,0.06,10.60,120.7,11.4,6.97,76.3,0.4,0.14,0.00,0.46,0.07,2.31,1.67,5.05,0.18,2.31,6.90,3.88,56.2%,0.82,0.32,39.1%,45.12,36.27,80.4%,14.72,9.81,66.7%,3.56,1.10,31.0%,0.25
Jonathan Gradit,10,809,0.00,0.01,-0.01,0.22,0.00,0.00%,0.05,11.01,115.6,10.5,7.23,81.2,1.2,0.00,0.00,0.00,0.00,1.89,1.78,3.56,0.89,5.67,5.45,3.23,59.2%,3.00,1.56,51.9%,52.62,48.17,91.5%,8.68,6.90,79.5%,0.33,0.11,33.3%,0.00
Jonathan Ikoné,23,1102,0.25,0.25,-0.01,2.04,0.49,12.00%,0.12,14.05,171.3,12.2,6.04,47.0,0.6,1.06,0.00,0.49,0.00,1.39,0.33,4.25,0.08,0.57,8.82,4.33,49.1%,1.39,0.41,29.4%,32.34,27.11,83.8%,11.92,9.15,76.7%,0.49,0.08,16.7%,0.33
Jordan Lefort,34,3060,0.00,0.02,-0.02,0.29,0.03,0.00%,0.05,13.21,126.0,9.5,6.85,63.0,0.3,0.00,0.00,0.06,0.00,1.50,1.41,4.00,0.44,5.21,4.03,2.32,57.7%,1.74,1.09,62.7%,56.82,49.21,86.6%,6.18,3.65,59.0%,0.59,0.21,35.0%,0.03
Jordan Teze,33,2494,0.04,0.02,0.01,0.51,0.18,7.14%,0.05,7.40,75.7,10.2,3.86,32.5,0.3,0.07,0.00,0.29,0.04,2.20,1.05,4.84,0.29,2.13,6.24,3.18,50.9%,1.80,1.05,58.0%,48.07,40.06,83.3%,14.94,10.79,72.2%,1.12,0.14,12.9%,0.43
Joris Chotard,33,2777,0.06,0.04,0.02,0.81,0.26,8.00%,0.05,6.71,65.8,9.8,3.34,33.2,0.3,0.10,0.00,0.06,0.03,2.14,1.52,4.18,0.45,2.88,4.89,2.63,53.6%,1.39,0.84,60.5%,38.57,31.21,80.9%,10.01,6.38,63.8%,0.75,0.03,4.3%,0.13
Josué Casimir,31,1521,0.06,0.17,-0.11,1.30,0.71,4.55%,0.13,8.58,121.2,14.1,4.91,65.2,0.8,0.53,0.00,0.30,0.00,1.83,0.65,3.96,0.00,0.71,8.11,4.32,53.3%,2.96,1.48,50.0%,27.16,21.42,78.9%,11.24,7.75,69.0%,2.13,0.36,16.7%,0.06
João Neves,21,1287,0.35,0.20,0.15,1.89,0.42,18.52%,0.10,15.45,169.0,10.9,6.64,67.2,0.7,0.07,0.00,0.21,0.00,1.89,0.49,5.24,0.35,0.42,5.87,3.29,56.0%,1.61,0.98,60.9%,72.66,66.43,91.4%,20.21,16.57,82.0%,0.28,0.14,50.0%,0.21
Julio Enciso,27,1892,0.14,0.36,-0.22,2.90,1.05,4.92%,0.12,13.99,173.8,12.4,8.51,105.4,0.6,0.81,0.05,0.43,0.10,1.00,0.33,3.28,0.05,0.38,10.13,5.04,49.8%,1.57,0.57,36.4%,30.25,25.35,83.8%,11.27,8.56,76.0%,1.33,0.33,25.0%,0.10
Juma Bah,26,1954,0.00,0.04,-0.04,0.32,0.09,0.00%,0.14,12.02,113.5,9.4,5.94,48.8,0.4,0.00,0.00,0.00,0.00,1.61,1.34,4.79,1.24,6.59,4.47,2.30,51.5%,3.96,2.26,57.0%,53.38,48.87,91.5%,4.38,2.86,65.3%,0.00,0.00,0.0%,0.00
Junior Diaz,20,1560,0.00,0.05,-0.05,0.40,0.06,0.00%,0.13,10.38,115.5,11.1,6.12,66.2,0.6,0.00,0.00,0.00,0.00,1.56,1.38,3.52,1.33,5.77,3.17,2.37,74.5%,3.46,1.90,55.0%,37.04,31.79,85.8%,4.96,3.12,62.8%,0.06,0.06,100.0%,0.06
Junior Dina Ebimbe,27,1167,0.39,0.28,0.11,2.08,0.69,18.52%,0.13,5.55,56.3,10.1,2.93,22.5,0.6,0.15,0.00,0.08,0.00,1.93,0.46,3.39,0.00,1.00,7.94,3.32,41.7%,2.39,0.69,29.0%,21.29,16.35,76.8%,7.79,5.01,64.4%,0.39,0.08,20.0%,0.15
Junior Mwanga,20,1642,0.05,0.07,-0.01,0.55,0.16,10.00%,0.12,13.81,153.0,11.1,7.45,81.0,0.6,0.05,0.00,0.33,0.00,2.14,0.71,4.38,0.38,1.48,7.40,4.00,54.1%,2.08,0.88,42.1%,43.14,37.22,86.3%,9.43,6.47,68.6%,0.49,0.05,11.1%,0.22
Jérémie Boga,14,645,0.28,0.22,0.06,2.09,0.70,13.33%,0.10,14.23,201.3,14.1,8.23,109.4,1.9,0.98,0.14,0.28,0.00,0.56,0.42,3.07,0.00,0.28,6.98,4.05,58.0%,0.42,0.00,0.0%,27.63,23.02,83.3%,12.98,10.33,79.6%,0.70,0.14,20.0%,0.14
Jérémy Jacquet,19,1673,0.00,0.06,-0.06,0.59,0.16,0.00%,0.09,14.52,145.1,10.0,8.34,88.0,0.6,0.00,0.00,0.11,0.00,1.45,1.02,4.14,0.86,4.90,3.82,2.37,62.0%,2.64,1.99,75.5%,57.88,52.34,90.4%,7.75,5.70,73.6%,0.00,0.00,0.0%,0.05
Kail Boudache,13,528,0.17,0.44,-0.27,2.22,0.34,7.69%,0.20,11.93,140.6,11.8,7.33,85.4,2.0,0.51,0.00,0.34,0.00,2.22,0.85,3.75,0.00,0.34,10.23,3.92,38.3%,4.26,1.02,24.0%,21.99,16.36,74.4%,9.38,6.65,70.9%,1.36,0.34,25.0%,0.34
Kamory Doumbia,24,1765,0.25,0.24,0.01,2.19,0.71,11.63%,0.11,10.56,104.6,9.9,4.79,37.7,0.4,0.41,0.00,0.25,0.00,3.11,1.02,5.76,0.00,0.31,11.27,5.05,44.8%,1.94,0.56,28.9%,34.57,28.50,82.5%,11.73,8.36,71.3%,0.36,0.10,28.6%,0.56
Kassoum Ouattara,15,970,0.00,0.09,-0.09,1.11,0.00,0.00%,0.08,11.60,140.3,12.1,8.07,98.2,1.1,0.19,0.00,0.37,0.00,2.51,1.48,4.82,0.00,1.95,10.67,4.27,40.0%,2.41,1.48,61.5%,34.98,25.98,74.3%,10.48,6.22,59.3%,4.64,1.11,24.0%,0.09
Kelvin Amian,23,1962,0.00,0.02,-0.02,0.46,0.09,0.00%,0.04,8.44,83.1,9.8,3.90,34.1,0.4,0.05,0.00,0.05,0.05,1.28,0.32,2.57,0.41,3.30,4.50,2.29,51.0%,1.93,1.33,69.0%,36.06,29.17,80.9%,7.89,5.14,65.1%,1.33,0.32,24.1%,0.00
Kenny Lala,32,2792,0.00,0.01,-0.01,0.29,0.03,0.00%,0.03,10.67,112.5,10.5,6.03,53.8,0.3,0.06,0.00,0.10,0.00,1.26,1.00,4.19,0.32,2.64,4.26,2.22,52.3%,1.13,0.45,40.0%,40.55,31.56,77.8%,11.93,7.12,59.7%,2.80,0.84,29.9%,0.06
Kevin Carlos,23,874,0.00,0.19,-0.19,2.27,0.72,0.00%,0.08,4.94,50.5,10.2,1.85,10.9,0.6,0.21,0.00,0.00,0.00,0.21,0.10,1.65,0.10,0.51,7.00,1.96,27.9%,6.38,2.99,46.8%,16.89,11.74,69.5%,4.84,2.99,61.7%,0.31,0.10,33.3%,0.10
Khalis Merah,22,1139,0.00,0.08,-0.08,0.47,0.24,0.00%,0.16,12.01,153.5,12.8,6.08,72.3,0.9,0.16,0.00,0.40,0.00,2.13,0.55,3.95,0.00,0.24,8.14,4.50,55.3%,1.19,0.32,26.7%,39.03,33.35,85.4%,12.56,9.96,79.3%,0.87,0.08,9.1%,0.00
Khvicha Kvaratskhelia,28,1483,0.49,0.48,0.01,3.94,1.76,12.31%,0.12,21.97,262.9,12.0,11.29,104.7,0.6,1.27,0.12,0.79,0.06,1.46,0.67,3.34,0.18,0.24,10.80,5.70,52.8%,1.40,0.42,30.4%,54.13,47.58,87.9%,23.55,19.24,81.7%,1.82,0.42,23.3%,0.42
Koffi Kouao,27,2273,0.08,0.07,0.01,0.91,0.40,8.70%,0.08,13.34,146.7,11.0,7.40,78.1,0.4,0.48,0.04,0.20,0.00,2.85,1.15,5.11,0.51,2.73,9.11,5.31,58.3%,0.91,0.36,39.1%,42.92,37.10,86.4%,10.81,8.47,78.4%,2.34,0.32,13.6%,0.04
Kojo Peprah Oppong,29,2428,0.04,0.06,-0.02,0.41,0.11,9.09%,0.14,11.90,124.0,10.4,6.97,75.0,0.4,0.00,0.00,0.07,0.00,1.78,1.00,3.82,0.67,5.45,5.15,3.30,64.0%,3.22,1.96,60.9%,53.27,49.37,92.7%,5.49,4.15,75.7%,0.19,0.07,40.0%,0.00
Krépin Diatta,18,1011,0.00,0.11,-0.11,0.62,0.09,0.00%,0.17,9.53,98.1,10.3,4.09,33.1,0.7,0.00,0.00,0.18,0.09,2.76,1.42,5.07,0.27,2.67,6.14,4.09,66.7%,3.38,2.40,71.1%,40.77,31.96,78.4%,14.69,10.06,68.5%,3.29,0.80,24.3%,0.09
Kwon Hyeok-Kyu,12,757,0.00,0.01,-0.01,0.36,0.00,0.00%,0.03,6.30,57.8,9.2,1.31,5.5,0.5,0.00,0.00,0.00,0.00,1.78,0.83,2.50,0.95,3.33,5.83,2.85,49.0%,1.78,1.07,60.0%,26.27,22.83,86.9%,3.69,2.50,67.7%,0.12,0.00,0.0%,0.00
Kévin Danois,33,2835,0.10,0.06,0.03,0.79,0.25,12.00%,0.08,13.75,155.3,11.3,6.25,63.2,0.3,0.13,0.03,0.35,0.00,2.48,1.21,5.90,0.06,0.48,8.92,4.38,49.1%,1.37,0.48,34.9%,48.10,41.05,85.3%,15.59,11.90,76.4%,0.83,0.10,11.5%,0.25
Lamine Camara,24,1851,0.15,0.10,0.05,1.22,0.19,12.00%,0.08,15.71,167.2,10.6,6.56,57.5,0.4,0.05,0.05,0.24,0.05,2.67,1.80,7.68,0.34,0.88,9.77,5.79,59.2%,1.94,0.78,40.0%,59.17,50.81,85.9%,15.27,11.13,72.9%,1.02,0.19,19.1%,0.05
Lamine Sy,24,1533,0.00,0.06,-0.06,0.76,0.12,0.00%,0.08,13.33,167.9,12.6,7.98,87.0,0.6,0.23,0.00,0.53,0.00,2.47,1.41,4.81,0.41,2.23,8.10,3.99,49.3%,0.53,0.41,77.8%,30.41,25.30,83.2%,9.63,7.81,81.1%,2.70,0.29,10.9%,0.00
Lanroy Machine,22,505,0.18,0.31,-0.13,2.67,0.71,6.67%,0.12,8.20,101.7,12.4,4.28,45.4,1.9,0.36,0.00,0.18,0.00,1.43,0.00,2.32,0.00,0.71,8.55,3.21,37.5%,5.52,1.78,32.3%,20.67,16.40,79.3%,6.95,5.17,74.4%,0.89,0.18,20.0%,0.18
Lassine Sinayoko,32,2780,0.39,0.38,0.00,2.98,1.23,13.04%,0.13,9.26,102.6,11.1,4.40,39.3,0.3,0.94,0.10,0.49,0.00,1.36,0.84,2.95,0.00,0.78,7.93,4.11,51.8%,4.40,1.23,27.9%,24.51,18.62,76.0%,12.14,8.51,70.1%,1.07,0.23,21.2%,0.19
Laurent Abergel,28,2324,0.04,0.03,0.01,0.85,0.19,4.55%,0.04,13.79,139.2,10.1,7.20,70.0,0.4,0.15,0.00,0.12,0.00,1.36,1.05,4.96,0.15,1.74,5.73,2.75,48.0%,1.08,0.66,60.7%,64.52,56.85,88.1%,13.59,10.34,76.1%,0.31,0.12,37.5%,0.15
Lee Kang-In,27,1522,0.18,0.16,0.02,2.19,0.89,8.11%,0.07,22.29,208.2,9.3,7.10,29.7,0.2,0.65,0.06,0.77,0.06,1.01,0.18,3.73,0.06,0.41,7.92,3.73,47.0%,0.83,0.41,50.0%,61.73,56.24,91.1%,28.15,24.84,88.2%,3.25,1.06,32.7%,0.41
Leonardo Balerdi,26,1998,0.00,0.10,-0.10,0.90,0.23,0.00%,0.11,14.50,134.1,9.2,7.07,62.2,0.4,0.05,0.00,0.09,0.05,2.21,1.22,5.36,0.45,4.55,6.22,3.60,58.0%,3.24,1.80,55.6%,67.39,62.03,92.0%,6.98,5.14,73.5%,0.09,0.05,50.0%,0.09
Lilian Brassier,27,2252,0.00,0.03,-0.03,0.40,0.08,0.00%,0.08,16.75,184.0,11.0,9.51,109.2,0.5,0.04,0.00,0.08,0.00,1.20,1.52,5.04,0.92,3.12,4.16,2.28,54.8%,2.48,1.52,61.3%,62.90,54.07,86.0%,12.35,8.95,72.5%,0.96,0.24,25.0%,0.08
Lilian Raolisoa,32,1967,0.09,0.04,0.05,0.78,0.27,11.76%,0.05,10.02,119.3,11.9,6.45,72.2,0.5,0.32,0.05,0.23,0.05,2.38,0.69,3.80,0.14,2.10,7.78,3.93,50.6%,2.43,1.37,56.6%,29.92,22.10,73.8%,8.28,5.67,68.5%,3.39,0.64,18.9%,0.09
Louis Leroux,23,1443,0.06,0.10,-0.04,0.94,0.19,6.67%,0.11,6.17,61.5,10.0,3.37,31.3,0.6,0.12,0.00,0.25,0.06,2.31,0.25,3.24,0.12,2.25,7.11,3.80,53.5%,1.25,0.62,50.0%,28.50,21.21,74.4%,7.55,4.93,65.3%,1.12,0.37,33.3%,0.06
Louis Mouton,32,1904,0.09,0.14,-0.05,1.70,0.38,5.56%,0.08,6.52,63.1,9.7,2.74,25.1,0.4,0.09,0.00,0.28,0.05,1.89,0.66,3.36,0.19,0.66,7.47,3.21,43.0%,1.99,0.71,35.7%,33.42,25.24,75.5%,10.92,7.37,67.5%,0.76,0.19,25.0%,0.33
Loïc Négo,30,2340,0.00,0.03,-0.03,0.62,0.12,0.00%,0.05,9.15,98.6,10.8,5.65,58.7,0.4,0.12,0.00,0.23,0.00,2.00,1.27,4.62,0.31,3.46,5.38,3.15,58.6%,1.23,0.77,62.5%,37.96,29.54,77.8%,10.46,6.15,58.8%,3.00,0.73,24.4%,0.04
Luca Koleosho,16,543,0.50,0.32,0.17,2.82,1.66,17.65%,0.12,17.40,245.1,14.1,11.44,150.2,2.2,1.33,0.00,0.99,0.17,3.98,0.66,5.97,0.17,0.99,12.27,5.80,47.3%,1.82,0.33,18.2%,31.16,23.70,76.1%,14.59,9.78,67.0%,1.99,0.17,8.3%,0.50
Lucas Gourna-Douath,15,1275,0.00,0.02,-0.02,0.64,0.14,0.00%,0.02,13.41,151.1,11.3,6.21,59.2,0.7,0.14,0.00,0.07,0.00,1.84,0.99,6.35,0.78,1.13,8.68,4.87,56.1%,1.84,1.06,57.7%,39.53,34.38,87.0%,8.54,6.28,73.5%,0.35,0.14,40.0%,0.14
Lucas Hernández,25,1746,0.00,0.03,-0.03,0.57,0.15,0.00%,0.05,14.64,141.7,9.7,7.78,72.4,0.5,0.10,0.00,0.21,0.00,1.29,0.98,4.23,0.36,2.27,4.38,2.32,52.9%,2.16,1.44,66.7%,84.33,77.42,91.8%,17.84,14.95,83.8%,0.77,0.10,13.3%,0.00
Lucas Høgsberg,24,1796,0.00,0.01,-0.01,0.20,0.05,0.00%,0.06,10.82,104.9,9.7,5.76,57.1,0.5,0.00,0.00,0.05,0.00,1.05,0.65,4.51,1.05,3.26,2.96,1.65,55.9%,1.80,0.90,50.0%,66.35,61.54,92.8%,6.01,4.76,79.2%,0.00,0.00,0.0%,0.05
Lucas Tousart,24,827,0.11,0.07,0.04,0.98,0.33,11.11%,0.07,6.20,61.8,10.0,2.07,12.6,0.7,0.00,0.00,0.11,0.00,3.16,0.87,3.59,0.22,1.96,8.16,4.03,49.3%,4.35,2.07,47.5%,29.27,23.72,81.0%,6.75,4.24,62.9%,0.33,0.22,66.7%,0.00
Ludovic Ajorque,32,2823,0.26,0.30,-0.04,1.79,0.54,14.29%,0.17,4.46,42.6,9.5,1.72,11.4,0.2,0.10,0.00,0.06,0.06,0.89,0.41,2.36,0.19,1.37,6.47,2.96,45.8%,9.47,5.45,57.6%,24.68,17.18,69.6%,9.15,5.23,57.1%,0.29,0.06,22.2%,0.03
Ludovic Blas,32,1541,0.29,0.30,-0.01,2.74,0.82,10.64%,0.11,15.54,176.4,11.4,8.23,83.5,0.6,0.82,0.12,0.64,0.18,1.23,0.99,4.85,0.12,0.47,10.05,4.38,43.6%,1.28,0.35,27.3%,37.85,31.42,83.0%,16.29,12.44,76.3%,2.69,0.53,19.6%,0.06
Maghnes Akliouche,31,2410,0.22,0.27,-0.05,1.79,0.71,12.50%,0.15,14.83,178.5,12.0,7.84,85.2,0.4,0.71,0.00,0.67,0.04,1.46,0.71,5.27,0.11,0.49,8.10,3.77,46.5%,0.82,0.11,13.6%,41.27,35.14,85.2%,19.16,15.01,78.4%,1.16,0.22,19.4%,0.34
Mahdi Camara,32,2660,0.10,0.11,-0.01,0.98,0.41,10.34%,0.11,11.00,130.1,11.8,6.33,70.0,0.4,0.10,0.00,0.30,0.00,2.10,1.08,3.11,0.30,1.42,7.68,3.86,50.2%,1.52,0.88,57.8%,39.69,35.15,88.6%,12.96,10.83,83.5%,0.95,0.14,14.3%,0.14
Malang Sarr,33,2925,0.00,0.04,-0.04,0.71,0.15,0.00%,0.06,14.25,150.5,10.6,7.75,78.9,0.3,0.09,0.00,0.06,0.00,2.00,2.34,5.38,0.77,4.03,4.31,2.89,67.1%,2.58,1.57,60.7%,61.38,54.34,88.5%,10.92,8.28,75.8%,0.31,0.15,50.0%,0.03
Malick Fofana,12,751,0.24,0.33,-0.09,2.28,1.08,10.53%,0.14,13.18,160.8,12.2,7.91,87.9,1.3,0.60,0.00,0.48,0.00,1.32,0.36,2.40,0.00,0.24,8.39,4.79,57.1%,0.48,0.00,0.0%,26.60,21.45,80.6%,11.86,9.35,78.8%,3.24,0.96,29.6%,0.24
Mama Baldé,18,711,0.25,0.37,-0.11,3.92,0.63,6.45%,0.09,9.75,125.8,12.9,5.70,66.1,1.5,1.01,0.13,0.25,0.25,1.65,0.76,4.43,0.00,0.63,8.61,4.18,48.5%,5.06,2.53,50.0%,20.51,14.68,71.6%,10.89,6.96,64.0%,0.51,0.13,25.0%,0.25
Mamadou Coulibaly,25,1382,0.20,0.10,0.09,0.85,0.33,23.08%,0.12,12.44,139.2,11.2,5.54,63.9,0.8,0.39,0.07,0.33,0.07,2.41,1.24,5.86,0.13,1.24,9.77,4.43,45.3%,2.21,0.85,38.2%,44.48,37.84,85.1%,12.37,9.12,73.7%,0.91,0.20,21.4%,0.39
Mamadou Sangaré,29,2327,0.12,0.13,-0.01,1.97,0.54,5.88%,0.07,12.96,123.9,9.6,5.69,50.2,0.3,0.43,0.04,0.39,0.04,3.33,1.55,8.01,0.19,1.12,10.87,6.15,56.6%,2.13,1.20,56.4%,56.16,48.42,86.2%,16.90,13.27,78.5%,0.27,0.04,14.3%,0.23
Mamadou Sarr,15,1305,0.00,0.00,-0.00,0.07,0.00,0.00%,0.07,14.41,138.9,9.6,6.34,48.8,0.5,0.00,0.00,0.00,0.00,1.03,0.62,4.97,0.21,4.48,3.86,2.14,55.4%,2.90,1.38,47.6%,67.72,64.34,95.0%,3.66,2.62,71.7%,0.00,0.00,0.0%,0.00
Marius Louër,9,541,0.00,0.00,0.00,0.00,0.00,0.00%,0.00,7.32,69.9,9.6,5.49,44.0,1.3,0.00,0.00,0.00,0.00,3.33,0.50,4.82,0.33,3.33,6.82,4.49,65.9%,2.00,0.83,41.7%,34.10,29.45,86.3%,5.16,3.49,67.7%,1.50,0.50,33.3%,0.00
Mark McKenzie,30,2427,0.00,0.01,-0.01,0.22,0.04,0.00%,0.05,7.19,69.2,9.6,4.30,38.9,0.3,0.00,0.00,0.04,0.00,1.67,0.89,3.60,0.48,3.67,4.00,2.30,57.4%,2.71,1.45,53.4%,43.31,37.38,86.3%,7.79,5.38,69.0%,0.15,0.00,0.0%,0.07
Marquinhos,14,1049,0.00,0.01,-0.01,0.26,0.00,0.00%,0.05,17.50,154.5,8.8,9.52,77.5,0.7,0.00,0.00,0.17,0.00,1.29,0.69,3.69,0.34,3.00,2.49,1.63,65.5%,3.43,1.89,55.0%,80.48,76.53,95.1%,14.41,12.78,88.7%,0.17,0.00,0.0%,0.26
Marshall Munetsi,15,976,0.37,0.34,0.03,1.75,0.83,21.05%,0.19,3.69,37.8,10.3,1.75,10.6,0.6,0.28,0.00,0.09,0.09,1.20,0.28,3.23,0.18,2.31,5.72,2.40,41.9%,5.90,2.95,50.0%,21.95,15.68,71.4%,7.65,4.98,65.1%,0.00,0.00,0.0%,0.09
Martial Godo,28,1587,0.57,0.45,0.12,2.33,0.96,24.39%,0.19,13.44,147.7,11.0,7.09,49.4,0.4,0.74,0.06,0.74,0.06,0.91,0.79,4.25,0.06,0.45,8.62,4.08,47.4%,0.45,0.23,50.0%,25.01,20.76,83.0%,8.85,6.07,68.6%,1.70,0.57,33.3%,0.11
Martín Satriano,11,694,0.26,0.23,0.03,2.07,0.91,12.50%,0.11,6.10,64.9,10.6,3.11,27.1,1.1,0.26,0.00,0.26,0.13,0.65,0.78,2.20,0.00,0.39,6.35,2.85,44.9%,4.54,1.69,37.1%,20.36,16.99,83.4%,7.65,5.84,76.3%,0.65,0.26,40.0%,0.00
Marvin Senaya,25,1784,0.05,0.07,-0.02,0.76,0.25,6.67%,0.09,7.97,86.1,10.8,4.19,41.1,0.5,0.15,0.00,0.10,0.00,2.88,1.72,3.03,0.66,3.88,7.67,4.54,59.2%,3.33,2.22,66.7%,31.53,24.06,76.3%,7.92,4.29,54.1%,1.97,0.50,25.6%,0.05
Mason Greenwood,32,2469,0.58,0.52,0.06,4.19,1.75,13.91%,0.13,20.01,227.0,11.3,8.89,82.7,0.3,1.57,0.07,0.66,0.07,0.55,0.15,2.99,0.04,0.11,8.02,3.75,46.8%,0.33,0.07,22.2%,45.60,37.25,81.7%,21.22,16.04,75.6%,2.44,0.55,22.4%,0.55
Matias Fernandez-Pardo,29,2379,0.30,0.33,-0.03,2.57,1.13,11.76%,0.13,12.75,167.6,13.1,8.02,96.2,0.5,0.98,0.08,0.49,0.11,0.76,0.26,1.97,0.04,0.11,7.79,3.63,46.6%,1.25,0.15,12.1%,23.49,19.22,81.8%,13.66,10.59,77.6%,1.74,0.34,19.6%,0.11
Matt O'Riley,15,739,0.12,0.10,0.02,0.85,0.37,14.29%,0.12,8.28,69.7,8.4,3.41,29.9,1.1,0.00,0.00,0.49,0.12,2.19,0.73,5.36,0.37,1.22,6.70,2.56,38.2%,0.97,0.24,25.0%,54.07,47.74,88.3%,18.63,14.86,79.7%,0.73,0.00,0.0%,0.00
Matthieu Udol,34,3003,0.03,0.14,-0.11,1.41,0.51,2.13%,0.10,10.28,110.9,10.8,6.05,61.7,0.3,0.15,0.00,0.51,0.06,1.53,1.53,3.93,0.24,1.89,5.87,2.79,47.4%,2.19,1.05,47.9%,38.96,32.52,83.5%,12.14,8.99,74.1%,3.42,1.29,37.7%,0.09
Matthis Abline,33,2519,0.21,0.28,-0.07,3.04,0.82,7.06%,0.09,9.50,134.9,14.2,6.15,88.3,0.5,1.04,0.11,0.54,0.04,0.71,0.29,2.54,0.00,0.36,9.50,4.00,42.1%,2.57,1.21,47.2%,14.83,10.50,70.8%,8.04,5.36,66.7%,1.21,0.21,17.6%,0.04
Maxime Colin,22,1692,0.00,0.02,-0.02,0.37,0.11,0.00%,0.06,11.38,117.8,10.3,5.69,46.4,0.4,0.05,0.00,0.05,0.00,2.13,1.38,3.51,0.53,2.39,4.84,2.87,59.3%,1.01,0.53,52.6%,49.20,43.94,89.3%,7.87,6.17,78.4%,0.64,0.21,33.3%,0.00
Maxime Lopez,26,1960,0.00,0.06,-0.06,0.60,0.28,0.00%,0.10,18.18,197.9,10.9,8.49,83.6,0.5,0.32,0.00,0.41,0.05,1.06,0.51,4.55,0.14,0.46,4.91,1.84,37.4%,0.32,0.09,28.6%,78.34,69.98,89.3%,21.77,16.99,78.1%,1.79,0.51,28.2%,0.23
Mbwana Samatta,27,1544,0.12,0.23,-0.11,2.45,0.93,4.76%,0.09,5.89,66.5,11.3,2.56,19.8,0.5,0.29,0.00,0.23,0.00,0.64,0.23,1.92,0.00,0.64,7.29,2.51,34.4%,5.42,2.22,40.9%,15.39,11.13,72.3%,7.11,4.95,69.7%,0.35,0.06,16.7%,0.06
Melvin Bard,29,2396,0.08,0.04,0.03,0.56,0.19,13.33%,0.07,12.28,129.9,10.6,7.63,72.8,0.4,0.11,0.00,0.11,0.00,1.95,1.50,5.00,0.49,2.85,6.42,3.57,55.6%,2.29,1.16,50.8%,42.82,34.48,80.5%,10.25,6.24,60.8%,2.93,0.56,19.2%,0.15
Michel Mboula,14,746,0.00,0.01,-0.01,0.24,0.12,0.00%,0.06,21.11,224.9,10.7,12.67,127.5,1.2,0.00,0.00,0.00,0.00,1.33,1.69,4.58,0.72,3.26,5.55,3.50,63.0%,0.72,0.36,50.0%,66.60,60.92,91.5%,8.57,6.27,73.2%,0.97,0.36,37.5%,0.00
Mika Biereth,32,1063,0.17,0.28,-0.11,1.61,0.59,10.53%,0.17,5.08,52.4,10.3,2.12,20.4,0.8,0.34,0.00,0.34,0.08,0.93,0.00,2.71,0.17,0.42,6.77,2.46,36.3%,5.25,1.27,24.2%,17.44,10.67,61.2%,9.23,4.91,53.2%,0.59,0.17,28.6%,0.42
Mohamed Bamba,18,678,0.13,0.32,-0.18,1.73,0.80,7.69%,0.18,3.72,40.5,10.9,1.46,17.8,1.6,0.27,0.00,0.13,0.00,0.53,0.27,2.52,0.00,0.80,4.91,1.99,40.5%,5.71,2.12,37.2%,17.12,12.88,75.2%,5.97,3.58,60.0%,0.40,0.13,33.3%,0.40
Mohamed Kaba,13,946,0.00,0.10,-0.10,1.05,0.57,0.00%,0.09,8.09,80.3,9.9,3.62,34.5,0.9,0.19,0.00,0.29,0.00,2.66,1.43,5.23,0.29,0.29,10.37,5.90,56.9%,2.85,1.43,50.0%,28.73,22.83,79.5%,9.32,6.28,67.3%,0.19,0.00,0.0%,0.57
Mohamed Meïté,17,530,0.51,0.59,-0.08,3.74,1.19,13.64%,0.16,5.43,65.7,12.1,3.74,35.6,1.6,1.02,0.00,0.17,0.17,0.51,0.17,2.04,0.17,1.70,6.79,2.21,32.5%,4.42,3.40,76.9%,14.09,9.17,65.1%,8.66,5.26,60.8%,0.51,0.00,0.0%,0.00
Mohamed-Ali Cho,24,1681,0.21,0.19,0.03,1.66,0.75,12.90%,0.11,13.12,170.6,13.0,7.07,90.2,0.7,0.37,0.00,0.43,0.11,0.80,0.21,3.69,0.11,0.32,7.76,3.48,44.8%,3.69,0.80,21.7%,24.41,19.27,79.0%,11.30,7.50,66.3%,1.87,0.37,20.0%,0.48
Mohammed Salisu,12,1080,0.08,0.06,0.02,0.67,0.17,12.50%,0.10,17.17,165.9,9.7,9.00,79.6,0.7,0.00,0.00,0.00,0.00,2.08,1.42,4.33,1.58,7.00,5.08,2.50,49.2%,4.75,3.17,66.7%,68.00,59.50,87.5%,6.83,4.25,62.2%,0.00,0.00,0.0%,0.00
Montassar Talbi,29,2610,0.00,0.02,-0.02,0.48,0.07,0.00%,0.05,15.72,169.7,10.8,9.21,92.2,0.3,0.03,0.00,0.03,0.00,0.76,0.90,3.07,0.79,6.41,2.28,1.28,56.1%,4.28,2.66,62.1%,49.83,44.45,89.2%,6.07,4.10,67.6%,0.17,0.00,0.0%,0.07
Morgan Guilavogui,16,480,0.19,0.23,-0.04,1.88,0.38,10.00%,0.12,8.06,91.1,11.3,4.13,33.8,1.5,0.38,0.00,0.38,0.00,2.63,0.19,6.19,0.00,0.94,11.81,6.38,54.0%,3.00,1.88,62.5%,39.00,30.94,79.3%,16.88,13.13,77.8%,0.56,0.19,33.3%,0.38
Morgan Sanson,31,1773,0.00,0.13,-0.13,0.96,0.20,0.00%,0.13,10.61,115.2,10.9,5.53,54.4,0.5,0.10,0.00,0.05,0.00,1.57,1.27,4.42,0.46,0.76,8.83,3.81,43.1%,1.68,0.81,48.5%,32.54,26.65,81.9%,9.75,6.60,67.7%,1.98,0.15,7.7%,0.36
Moses Simon,29,2017,0.13,0.12,0.01,1.52,0.49,8.82%,0.08,12.36,164.4,13.3,8.57,112.5,0.6,0.71,0.04,0.54,0.09,0.62,0.40,3.03,0.04,0.67,7.23,2.72,37.7%,1.61,0.36,22.2%,21.64,18.29,84.5%,8.25,6.43,77.8%,4.51,0.98,21.8%,0.09
Mostafa Mohamed,24,1151,0.31,0.23,0.09,2.74,0.63,11.43%,0.08,3.52,39.8,11.3,1.72,10.2,0.5,0.16,0.00,0.16,0.00,0.78,0.63,2.35,0.23,1.02,7.43,2.89,38.9%,8.21,4.07,49.5%,14.86,9.15,61.6%,5.32,2.66,50.0%,0.70,0.16,22.2%,0.16
Mousa Al Tamari,33,2224,0.24,0.21,0.03,2.59,0.93,9.38%,0.08,13.27,183.0,13.8,7.77,89.7,0.5,1.01,0.08,0.40,0.16,1.09,0.45,4.78,0.08,0.24,8.98,3.48,38.7%,0.32,0.08,25.0%,25.86,21.00,81.2%,11.21,8.30,74.0%,2.95,0.49,16.4%,0.08
Moussa Niakhaté,32,2758,0.00,0.01,-0.01,0.13,0.00,0.00%,0.08,16.74,180.9,10.8,9.30,109.9,0.4,0.00,0.00,0.10,0.03,1.17,0.95,4.37,0.69,6.00,3.82,2.35,61.5%,4.44,3.10,69.9%,68.07,61.19,89.9%,9.53,6.40,67.1%,0.23,0.10,42.9%,0.39
Moustapha Mbow,31,2716,0.00,0.02,-0.02,0.33,0.10,0.00%,0.06,12.23,121.9,10.0,6.73,66.3,0.3,0.00,0.00,0.00,0.00,1.72,1.29,4.47,0.96,5.30,3.98,2.42,60.8%,3.18,2.05,64.6%,52.72,48.35,91.7%,4.57,3.45,75.4%,0.07,0.07,100.0%,0.03
Mário Sauer,25,637,0.14,0.25,-0.11,1.98,0.42,7.14%,0.13,6.92,75.1,10.8,2.97,44.7,2.1,0.14,0.00,0.00,0.00,1.55,1.41,6.50,0.28,1.70,5.79,2.40,41.5%,1.70,0.99,58.3%,33.91,26.42,77.9%,11.87,8.05,67.9%,0.71,0.14,20.0%,0.00
Nabil Bentaleb,26,1278,0.14,0.09,0.05,1.27,0.42,11.11%,0.07,11.83,107.4,9.1,5.28,41.9,0.6,0.21,0.00,0.14,0.00,1.27,1.06,5.35,0.42,2.68,5.49,2.89,52.6%,1.76,0.92,52.0%,64.72,56.20,86.8%,17.96,13.59,75.7%,0.49,0.14,28.6%,0.77
Naouirou Ahamada,15,679,0.00,0.05,-0.05,0.80,0.13,0.00%,0.07,17.89,232.1,13.0,9.68,127.3,1.7,0.66,0.00,0.53,0.00,1.33,0.66,5.43,0.13,0.53,6.49,3.45,53.1%,0.66,0.40,60.0%,35.13,30.22,86.0%,14.71,11.53,78.4%,0.66,0.13,20.0%,0.13
Nathan Ngoy,29,2404,0.04,0.05,-0.01,0.82,0.22,4.55%,0.06,15.20,161.5,10.6,9.28,95.8,0.4,0.15,0.00,0.04,0.00,1.24,1.35,4.34,0.49,3.71,3.22,1.91,59.3%,1.87,1.09,58.0%,61.70,56.42,91.4%,6.29,4.46,70.8%,0.19,0.04,20.0%,0.11
Nathaniel Adjei,15,833,0.00,0.04,-0.04,0.43,0.22,0.00%,0.09,11.24,127.7,11.4,6.48,68.8,1.1,0.00,0.00,0.00,0.00,1.19,0.86,2.38,0.22,5.40,3.35,1.94,58.1%,3.03,1.30,42.9%,42.03,38.46,91.5%,4.75,3.67,77.3%,0.11,0.00,0.0%,0.00
Nayef Aguerd,16,1399,0.06,0.04,0.02,0.64,0.06,10.00%,0.06,20.52,205.5,10.0,10.10,99.2,0.6,0.13,0.06,0.06,0.00,1.42,1.35,4.76,0.51,4.82,3.73,1.87,50.0%,3.86,2.44,63.3%,83.82,77.84,92.9%,9.20,6.95,75.5%,0.13,0.00,0.0%,0.13
Ngal'ayel Mukau,30,1539,0.06,0.13,-0.07,1.17,0.29,5.00%,0.11,10.00,99.2,9.9,4.39,38.1,0.5,0.23,0.00,0.12,0.00,1.70,0.82,3.92,0.06,0.47,7.49,3.80,50.8%,2.28,0.76,33.3%,36.67,31.99,87.2%,14.91,12.46,83.5%,0.29,0.00,0.0%,0.18
Nhoa Sangui,26,1733,0.00,0.01,-0.01,0.21,0.05,0.00%,0.07,9.24,111.2,12.0,5.87,68.7,0.6,0.00,0.00,0.26,0.00,1.35,0.88,4.41,0.26,2.91,4.47,2.75,61.6%,0.83,0.36,43.8%,39.68,34.28,86.4%,9.56,7.53,78.8%,1.92,0.62,32.4%,0.00
Nicolas Cozza,30,2325,0.00,0.07,-0.07,0.46,0.12,0.00%,0.16,9.64,116.4,12.1,5.88,67.1,0.4,0.00,0.00,0.19,0.00,1.70,0.70,3.56,0.43,3.68,5.54,3.14,56.6%,1.97,0.85,43.1%,32.01,24.66,77.0%,7.43,4.18,56.3%,0.85,0.15,18.2%,0.04
Nicolás Tagliafico,20,1310,0.00,0.10,-0.10,1.03,0.07,0.00%,0.10,9.82,101.0,10.3,5.08,43.3,0.6,0.00,0.00,0.07,0.00,1.99,1.37,3.98,0.34,2.40,7.90,4.47,56.5%,3.37,1.51,44.9%,46.31,39.57,85.5%,11.06,8.45,76.4%,1.31,0.34,26.3%,0.00
Nidal Celik,8,618,0.00,0.00,-0.00,0.15,0.15,0.00%,0.03,11.07,114.4,10.3,4.95,41.6,1.2,0.00,0.00,0.00,0.00,2.91,1.31,3.35,0.73,2.18,6.12,3.20,52.4%,1.46,0.87,60.0%,46.89,42.96,91.6%,6.84,5.39,78.7%,0.15,0.00,0.0%,0.00
Noah Cadiou,28,1872,0.14,0.09,0.06,0.91,0.43,15.79%,0.09,17.79,207.5,11.7,9.86,102.9,0.5,0.24,0.00,0.14,0.05,1.15,1.11,5.38,0.63,1.97,5.67,2.40,42.4%,1.68,0.87,51.4%,55.96,49.09,87.7%,12.69,9.71,76.5%,0.24,0.00,0.0%,0.19
Noah Nartey,11,540,0.33,0.18,0.16,0.83,0.33,40.00%,0.21,13.33,135.0,10.1,6.00,62.6,1.7,0.17,0.00,0.17,0.00,1.83,0.33,5.50,0.00,0.50,10.83,5.33,49.2%,1.33,0.17,12.5%,38.00,33.17,87.3%,13.17,10.67,81.0%,0.33,0.00,0.0%,0.00
Nuno Mendes,20,1251,0.29,0.31,-0.02,2.16,1.08,13.33%,0.14,17.05,201.4,11.8,11.44,135.8,0.9,0.43,0.00,0.79,0.14,1.80,0.94,5.90,0.29,1.29,9.50,5.40,56.8%,1.15,0.58,50.0%,68.85,61.58,89.5%,24.03,19.64,81.7%,2.01,0.58,28.6%,0.58
Odsonne Édouard,29,1818,0.59,0.57,0.02,2.97,1.53,20.00%,0.19,5.20,55.0,10.6,3.27,32.0,0.5,0.79,0.20,0.20,0.05,0.50,0.15,1.78,0.20,1.09,6.88,2.08,30.2%,2.57,1.34,51.9%,14.26,11.44,80.2%,6.49,5.00,77.1%,0.05,0.00,0.0%,0.10
Olivier Giroud,30,1610,0.39,0.49,-0.10,2.29,0.89,17.07%,0.21,2.18,18.0,8.3,1.01,6.0,0.3,0.11,0.00,0.06,0.00,0.61,0.22,1.51,0.28,0.78,4.81,2.46,51.2%,5.25,2.80,53.2%,19.01,12.97,68.2%,7.88,4.58,58.2%,0.11,0.00,0.0%,0.17
Osame Sahraoui,18,495,0.18,0.16,0.02,2.18,0.73,8.33%,0.07,19.45,208.3,10.7,9.64,94.6,1.8,0.73,0.00,0.91,0.36,1.09,0.55,3.64,0.18,0.36,16.18,8.36,51.7%,0.55,0.18,33.3%,48.36,39.09,80.8%,28.55,22.00,77.1%,0.55,0.00,0.0%,0.73
Otávio,23,1904,0.05,0.03,0.02,0.57,0.14,8.33%,0.05,16.73,167.1,10.0,9.83,96.2,0.5,0.19,0.00,0.00,0.00,2.36,1.32,3.69,0.80,6.19,6.57,4.21,64.0%,2.17,1.09,50.0%,64.66,57.20,88.5%,7.42,4.82,65.0%,0.28,0.09,33.3%,0.00
Ousmane Camara,32,2719,0.03,0.02,0.01,0.43,0.17,7.69%,0.05,8.31,77.7,9.4,3.44,31.3,0.3,0.03,0.00,0.03,0.00,1.56,1.03,3.87,0.83,5.83,2.85,1.85,65.1%,3.48,1.82,52.4%,45.08,40.85,90.6%,2.25,1.13,50.0%,0.10,0.00,0.0%,0.07
Ousmane Dembélé,22,1062,0.85,0.56,0.29,3.81,1.53,22.22%,0.15,19.66,225.7,11.5,10.51,110.4,0.9,1.27,0.08,0.85,0.08,0.51,0.00,2.12,0.00,0.25,5.68,2.88,50.7%,0.51,0.17,33.3%,63.14,52.46,83.1%,36.44,28.14,77.2%,2.97,0.51,17.1%,1.44
Oussama El Azzouzi,11,813,0.11,0.06,0.05,0.55,0.11,20.00%,0.10,9.30,97.5,10.5,5.20,48.5,1.0,0.11,0.00,0.22,0.00,2.10,1.77,4.54,0.33,1.44,8.19,3.43,41.9%,1.66,1.22,73.3%,42.73,38.75,90.7%,13.73,11.73,85.5%,0.00,0.00,0.0%,0.00
Pablo Pagis,28,1770,0.51,0.39,0.12,3.00,0.97,16.95%,0.13,12.36,145.1,11.7,5.44,43.5,0.4,0.31,0.05,0.31,0.05,1.37,0.81,4.12,0.10,0.92,8.44,3.97,47.0%,1.58,0.41,25.8%,32.80,25.53,77.8%,13.58,8.85,65.2%,1.42,0.46,32.1%,0.31
Panos Katseris,16,745,0.12,0.10,0.02,0.85,0.48,14.29%,0.12,11.23,132.7,11.8,5.92,65.6,1.3,0.12,0.00,0.24,0.00,1.45,1.33,4.71,0.12,2.17,9.79,4.23,43.2%,2.17,0.85,38.9%,30.44,24.28,79.8%,10.51,6.77,64.4%,4.95,1.21,24.4%,0.00
Pape Diop,16,1207,0.07,0.10,-0.03,2.16,0.82,3.45%,0.05,11.26,101.4,9.0,4.18,23.9,0.4,0.22,0.07,0.30,0.07,2.39,2.39,6.86,0.52,0.97,8.35,3.95,47.3%,1.19,0.67,56.3%,47.95,41.61,86.8%,14.47,11.11,76.8%,0.15,0.00,0.0%,0.07
Pathé Mboup,28,1048,0.09,0.27,-0.18,1.98,0.86,4.35%,0.14,13.40,162.7,12.1,6.53,64.7,0.9,0.60,0.09,0.52,0.00,1.72,0.94,6.18,0.17,0.43,16.40,6.10,37.2%,2.83,0.86,30.3%,20.95,16.57,79.1%,8.85,5.93,67.0%,0.94,0.26,27.3%,0.17
Pavel Sulc,27,1568,0.63,0.48,0.15,2.53,1.03,25.00%,0.19,6.49,72.9,11.2,3.85,44.3,0.7,0.46,0.11,0.34,0.06,1.38,0.40,2.41,0.00,0.63,7.40,3.10,41.9%,3.56,0.92,25.8%,21.81,16.24,74.5%,9.70,6.20,63.9%,0.86,0.17,20.0%,0.17
Pierre Lees-Melou,24,1966,0.05,0.06,-0.01,1.42,0.27,3.23%,0.04,9.43,90.2,9.6,3.39,23.6,0.3,0.32,0.00,0.14,0.05,2.98,1.05,5.81,0.37,1.65,8.84,4.76,53.9%,0.96,0.50,52.4%,46.65,38.59,82.7%,13.14,9.61,73.2%,0.78,0.23,29.4%,0.18
Pierre-Emerick Aubameyang,30,2046,0.44,0.58,-0.14,2.64,1.50,16.67%,0.22,5.72,71.5,12.5,3.34,37.7,0.5,0.57,0.04,0.44,0.13,0.35,0.22,1.72,0.00,0.53,3.74,1.54,41.2%,1.58,0.57,36.1%,19.49,15.88,81.5%,7.83,6.11,78.1%,1.28,0.09,6.9%,0.22
Pierre-Emile Højbjerg,32,2715,0.13,0.11,0.02,1.52,0.46,8.70%,0.07,18.90,181.7,9.6,8.82,77.8,0.3,0.13,0.03,0.36,0.13,1.26,0.90,5.27,0.17,1.52,6.56,3.28,50.0%,1.72,1.03,59.6%,73.92,66.36,89.8%,21.25,16.91,79.6%,0.27,0.00,0.0%,0.23
Pierrick Capelle,16,648,0.00,0.10,-0.10,1.39,0.14,0.00%,0.07,9.17,92.8,10.1,4.31,31.0,1.0,0.00,0.00,0.28,0.00,2.64,0.97,4.86,0.14,1.25,10.56,4.44,42.1%,1.94,0.69,35.7%,31.39,25.42,81.0%,8.89,6.39,71.9%,1.11,0.28,25.0%,0.14
Prosper Peter,29,1266,0.36,0.39,-0.03,1.64,1.00,21.74%,0.24,5.69,68.3,12.0,3.63,36.8,0.7,0.21,0.00,0.14,0.00,0.50,0.28,2.42,0.00,0.64,8.96,3.06,34.1%,5.83,2.56,43.9%,13.93,9.88,70.9%,5.83,4.05,69.5%,0.00,0.00,0.0%,0.07
Przemyslaw Frankowski,19,1215,0.07,0.04,0.04,0.67,0.22,11.11%,0.06,9.85,85.8,8.7,4.52,20.9,0.3,0.07,0.00,0.07,0.07,2.96,0.59,3.85,0.07,2.59,6.89,4.00,58.1%,0.89,0.52,58.3%,48.30,39.63,82.1%,17.19,12.67,73.7%,4.22,0.96,22.8%,0.00
Quentin Merlin,33,2532,0.04,0.05,-0.01,0.92,0.25,3.85%,0.05,11.87,127.8,10.8,6.47,64.5,0.4,0.39,0.00,0.32,0.07,1.99,1.24,4.76,0.39,1.99,6.65,3.59,54.0%,1.10,0.46,41.9%,47.95,37.64,78.5%,16.42,11.77,71.7%,3.91,0.64,16.4%,0.11
Quinten Timber,15,1111,0.00,0.08,-0.08,0.81,0.16,0.00%,0.10,12.07,117.0,9.7,5.99,61.0,0.8,0.16,0.00,0.08,0.00,2.51,0.65,3.65,0.00,0.41,10.37,5.43,52.3%,0.32,0.16,50.0%,39.29,33.78,86.0%,14.99,11.10,74.0%,0.49,0.08,16.7%,0.41
Rafael Luís,12,585,0.00,0.03,-0.03,0.77,0.46,0.00%,0.04,15.38,143.0,9.3,5.38,62.3,1.8,0.46,0.00,0.15,0.00,2.77,0.62,3.08,0.00,0.92,8.31,3.69,44.4%,0.31,0.15,50.0%,59.23,52.15,88.0%,12.31,7.69,62.5%,0.62,0.00,0.0%,0.46
Rafik Messali,12,500,0.00,0.00,0.00,0.00,0.00,0.00%,0.00,8.82,95.2,10.8,5.04,53.4,1.9,0.00,0.00,0.54,0.00,1.80,2.16,5.22,0.36,3.42,7.74,4.14,53.5%,2.34,1.08,46.2%,31.86,24.12,75.7%,12.24,8.82,72.1%,1.98,0.18,9.1%,0.18
Rasmus Nicolaisen,33,2590,0.03,0.03,0.01,0.52,0.17,6.67%,0.06,9.56,83.1,8.7,4.38,34.9,0.3,0.03,0.03,0.00,0.00,0.87,1.49,3.20,0.76,5.28,2.95,1.67,56.5%,3.93,2.61,66.4%,42.64,36.80,86.3%,5.46,3.13,57.3%,0.07,0.00,0.0%,0.00
Rassoul Ndiaye,33,2573,0.14,0.11,0.03,1.19,0.31,11.76%,0.09,10.35,115.2,11.1,5.42,53.6,0.3,0.35,0.03,0.28,0.00,2.38,0.56,4.97,0.07,0.70,7.70,4.41,57.3%,1.47,0.56,38.1%,30.19,25.32,83.9%,10.60,8.39,79.2%,2.03,0.35,17.2%,0.03
Rayan Fofana,25,786,0.57,0.64,-0.07,4.12,1.37,13.89%,0.16,9.62,98.1,10.2,4.81,44.6,1.1,0.92,0.23,0.11,0.00,1.26,0.23,1.95,0.23,0.57,12.25,6.53,53.3%,4.35,1.72,39.5%,16.60,12.60,75.9%,4.81,3.44,71.4%,0.69,0.00,0.0%,0.00
Romain Del Castillo,32,2643,0.31,0.28,0.03,1.12,0.44,27.27%,0.25,10.90,118.8,10.9,5.28,50.7,0.3,0.10,0.00,0.37,0.03,2.01,1.02,5.45,0.03,0.78,9.88,4.46,45.2%,2.11,1.02,48.4%,34.94,26.19,75.0%,15.15,9.94,65.6%,3.27,0.75,22.9%,0.44
Romain Faivre,10,583,0.00,0.10,-0.10,1.70,0.46,0.00%,0.06,10.19,121.2,11.9,5.56,54.7,1.5,0.31,0.00,0.15,0.00,1.08,0.77,4.17,0.15,0.77,7.87,4.63,58.8%,0.46,0.46,100.0%,27.48,22.54,82.0%,11.89,9.57,80.5%,0.31,0.00,0.0%,0.31
Romain Perraud,30,2248,0.12,0.09,0.03,1.32,0.48,9.09%,0.07,12.29,141.9,11.5,8.37,87.4,0.4,0.44,0.00,0.36,0.04,1.76,0.92,3.76,0.24,1.88,7.01,4.08,58.3%,2.16,0.76,35.2%,44.96,38.55,85.8%,16.41,13.45,82.0%,3.44,0.60,17.4%,0.08
Roman Yaremchuk,11,561,0.64,0.36,0.28,2.57,0.96,25.00%,0.14,4.01,60.2,15.0,2.73,42.2,2.5,0.32,0.00,0.16,0.16,0.64,0.00,2.09,0.00,0.32,5.29,1.44,27.3%,3.21,2.09,65.0%,16.52,12.67,76.7%,6.58,4.65,70.7%,0.16,0.16,100.0%,0.00
Ruben Aguilar,26,1730,0.10,0.05,0.06,0.68,0.16,15.38%,0.07,10.20,105.1,10.3,6.50,64.7,0.5,0.26,0.00,0.26,0.05,1.98,1.46,4.32,0.57,1.61,5.51,2.97,53.8%,1.35,0.83,61.5%,44.95,37.92,84.4%,16.49,12.69,77.0%,4.53,0.88,19.5%,0.05
Ruben Kluivert,16,768,0.12,0.06,0.06,0.23,0.12,50.00%,0.27,8.55,96.5,11.3,4.92,56.7,1.3,0.00,0.00,0.12,0.12,1.99,1.05,4.80,0.47,5.63,4.69,2.81,60.0%,3.75,2.23,59.4%,48.40,40.90,84.5%,4.45,2.46,55.3%,0.12,0.00,0.0%,0.12
Rudy Matondo,27,1353,0.13,0.07,0.07,0.86,0.33,15.38%,0.08,8.31,83.8,10.1,2.39,16.0,0.4,0.20,0.00,0.13,0.00,1.86,0.73,4.12,0.20,1.33,8.25,4.26,51.6%,1.66,0.53,32.0%,33.46,29.14,87.1%,7.05,5.59,79.3%,0.67,0.20,30.0%,0.00
Rémy Cabella,12,591,0.30,0.48,-0.18,1.52,0.91,20.00%,0.32,16.14,188.9,11.7,7.92,63.8,1.2,0.15,0.00,0.91,0.00,2.44,0.91,5.94,0.00,0.15,9.29,4.72,50.8%,1.68,0.91,54.5%,58.02,48.73,84.0%,21.02,15.23,72.5%,3.05,0.61,20.0%,0.00
Rémy Labeau Lascary,27,1195,0.38,0.43,-0.05,2.56,1.21,14.71%,0.17,10.47,136.8,13.1,6.93,75.4,0.8,1.21,0.08,0.60,0.08,1.21,0.45,3.31,0.15,0.15,10.47,4.07,38.8%,3.01,0.83,27.5%,17.02,13.63,80.1%,5.57,4.22,75.7%,0.83,0.30,36.4%,0.00
Sadibou Sané,23,1941,0.09,0.02,0.08,0.28,0.09,33.33%,0.05,19.66,218.0,11.1,10.39,114.3,0.5,0.00,0.00,0.09,0.05,2.13,1.76,4.78,1.07,5.98,4.82,2.97,61.5%,2.55,1.48,58.2%,66.63,59.58,89.4%,7.14,5.52,77.3%,0.19,0.09,50.0%,0.09
Salis Abdul Samed,18,913,0.00,0.00,-0.00,0.10,0.00,0.00%,0.03,10.74,108.7,10.1,3.94,28.0,0.7,0.00,0.00,0.00,0.00,1.08,0.99,3.25,0.10,0.69,6.21,2.27,36.5%,1.58,0.59,37.5%,43.47,39.92,91.8%,6.01,4.63,77.0%,0.20,0.00,0.0%,0.20
Sam Amo-Ameyaw,25,1042,0.17,0.08,0.09,1.47,0.43,11.76%,0.05,22.98,304.3,13.2,13.47,159.7,1.0,0.86,0.09,0.69,0.17,1.81,0.26,4.15,0.00,0.09,12.61,6.48,51.4%,0.26,0.00,0.0%,41.32,35.20,83.0%,11.21,8.22,71.2%,1.21,0.25,19.1%,0.15
Sambou Soumano,31,927,0.39,0.52,-0.13,2.72,0.97,14.29%,0.19,5.63,57.2,10.2,2.62,13.2,0.5,0.19,0.00,0.39,0.00,0.49,0.39,2.62,0.00,1.26,7.18,2.72,37.8%,7.28,2.72,37.3%,17.48,12.91,73.9%,6.80,4.17,61.4%,0.00,0.00,0.0%,0.19
Samir Chergui,15,1155,0.08,0.13,-0.06,1.01,0.31,7.69%,0.13,5.14,45.5,8.8,2.65,19.3,0.6,0.00,0.00,0.08,0.00,1.40,0.86,3.35,0.39,2.49,3.35,1.95,58.1%,3.19,1.56,48.8%,43.71,39.35,90.0%,6.39,4.52,70.7%,0.47,0.16,33.3%,0.00
Samir El Mourabet,33,2135,0.04,0.01,0.03,0.51,0.04,8.33%,0.03,15.47,150.5,9.7,6.03,52.2,0.4,0.08,0.00,0.38,0.00,3.33,1.05,5.61,0.55,0.93,8.22,5.19,63.1%,1.10,0.38,34.6%,60.66,54.55,89.9%,11.51,8.26,71.8%,0.51,0.13,25.0%,0.38
Samson Baidoo,23,1827,0.10,0.08,0.02,0.84,0.20,11.76%,0.09,10.54,97.2,9.2,4.53,35.6,0.4,0.00,0.00,0.05,0.00,1.67,1.13,5.17,1.23,4.09,3.84,2.27,59.0%,4.48,2.17,48.4%,52.12,48.28,92.6%,3.99,3.45,86.4%,0.00,0.00,0.0%,0.00
Santiago Hidalgo,29,1325,0.27,0.19,0.08,2.24,0.88,12.12%,0.09,8.42,91.7,10.9,4.55,49.8,0.7,0.34,0.00,0.07,0.00,2.58,0.41,4.48,0.07,0.82,13.31,5.30,39.8%,4.01,1.09,27.1%,19.63,14.60,74.4%,8.22,5.57,67.8%,0.82,0.14,16.7%,0.00
Saud Abdulhamid,25,1345,0.13,0.06,0.08,0.54,0.20,25.00%,0.10,7.29,76.7,10.5,3.81,39.3,0.7,0.13,0.00,0.20,0.13,2.28,0.74,4.62,0.13,1.27,7.16,3.48,48.6%,1.41,0.47,33.3%,40.28,35.80,88.9%,17.06,14.86,87.1%,3.01,1.00,33.3%,0.00
Sebastian Nanasi,19,1046,0.60,0.36,0.24,1.63,0.95,36.84%,0.22,7.92,85.5,10.8,4.30,45.4,0.9,0.26,0.09,0.09,0.00,1.03,0.52,2.50,0.26,1.20,5.08,1.98,39.0%,0.86,0.17,20.0%,35.02,29.08,83.0%,15.32,11.62,75.8%,0.43,0.09,20.0%,0.52
Sebastian Szymanski,16,778,0.12,0.08,0.04,1.39,0.58,8.33%,0.06,10.41,109.4,10.5,4.63,39.3,1.0,0.35,0.00,0.35,0.00,2.66,0.35,4.05,0.35,0.46,7.87,4.40,55.9%,1.62,0.35,21.4%,39.91,31.47,78.8%,15.96,10.99,68.8%,1.50,0.23,15.4%,0.46
Seko Fofana,12,654,0.14,0.14,-0.01,1.24,0.41,11.11%,0.12,18.99,218.2,11.5,9.50,80.3,1.2,0.14,0.00,1.10,0.00,0.41,0.55,5.78,0.14,0.96,6.88,3.85,56.0%,1.38,1.10,80.0%,49.54,45.14,91.1%,16.79,14.04,83.6%,0.96,0.14,14.3%,0.14
Senny Mayulu,26,1681,0.21,0.22,-0.00,1.87,0.59,11.43%,0.12,12.74,140.5,11.0,5.03,42.9,0.5,0.48,0.00,0.43,0.05,2.57,0.59,4.39,0.05,0.27,9.05,4.50,49.7%,1.23,0.43,34.8%,41.06,36.62,89.2%,16.28,13.49,82.9%,1.34,0.37,28.0%,0.11
Seny Koumbassa,10,463,0.19,0.05,0.15,0.58,0.19,33.33%,0.08,8.55,79.0,9.2,3.69,24.2,1.3,0.19,0.00,0.00,0.00,1.94,0.58,3.89,0.39,6.41,2.72,1.94,71.4%,1.17,0.78,66.7%,33.05,28.38,85.9%,2.14,0.97,45.5%,0.00,0.00,0.0%,0.00
Sidiki Cherif,19,1164,0.31,0.23,0.08,2.16,0.93,14.29%,0.11,8.51,118.0,13.9,5.57,78.6,1.1,1.01,0.15,0.00,0.00,0.62,0.54,3.17,0.00,0.15,6.88,2.71,39.3%,3.94,1.31,33.3%,17.40,12.99,74.7%,4.87,3.02,61.9%,0.46,0.08,16.7%,0.08
Simon Adingra,14,861,0.31,0.26,0.05,2.30,0.63,13.64%,0.11,18.92,226.0,11.9,10.98,118.4,1.1,0.84,0.10,0.63,0.00,1.15,0.63,6.27,0.00,0.52,12.75,4.39,34.4%,1.36,0.42,30.8%,36.06,27.70,76.8%,17.56,12.23,69.6%,3.03,0.73,24.1%,0.10
Simon Ebonog,30,1761,0.05,0.09,-0.04,1.12,0.20,4.55%,0.08,9.76,116.9,12.0,5.62,64.2,0.6,0.20,0.00,0.10,0.00,1.99,1.23,5.57,0.20,1.18,9.05,4.60,50.8%,2.35,1.18,50.0%,23.97,18.91,78.9%,7.31,5.32,72.7%,0.77,0.20,26.7%,0.05
Sinaly Diomandé,24,2134,0.08,0.08,0.01,0.38,0.17,22.22%,0.20,7.84,80.9,10.3,4.30,44.6,0.4,0.00,0.00,0.04,0.00,1.39,1.31,3.37,0.59,4.81,4.43,2.57,58.1%,2.61,1.60,61.3%,40.19,34.67,86.3%,5.78,3.67,63.5%,0.00,0.00,0.0%,0.00
Sofiane Boufal,17,1028,0.09,0.13,-0.04,1.66,0.35,5.26%,0.08,16.20,179.9,11.1,8.75,82.2,0.8,0.70,0.00,1.05,0.18,2.19,0.26,5.69,0.00,0.35,15.23,7.18,47.1%,0.53,0.35,66.7%,30.38,23.03,75.8%,13.39,9.11,68.0%,1.84,0.35,19.1%,0.26
Sofiane Diop,33,2144,0.34,0.30,0.03,2.27,0.71,14.81%,0.13,13.01,140.3,10.8,6.13,56.5,0.4,0.46,0.00,0.34,0.00,0.92,0.84,4.66,0.08,0.46,8.77,4.16,47.4%,1.30,0.38,29.0%,36.81,28.71,78.0%,15.41,10.70,69.5%,1.18,0.25,21.4%,0.59
Soumaïla Coulibaly,16,1339,0.00,0.02,-0.02,0.40,0.13,0.00%,0.06,12.43,118.8,9.6,7.12,69.4,0.7,0.00,0.00,0.00,0.00,0.94,0.94,4.91,0.60,5.04,3.97,2.42,61.0%,2.69,1.81,67.5%,50.07,45.17,90.2%,5.04,3.23,64.0%,0.07,0.00,0.0%,0.00
Stephan Zagadou,8,497,0.18,0.01,0.17,0.18,0.18,100.00%,0.07,12.49,119.5,9.6,5.43,45.8,1.5,0.00,0.00,0.00,0.00,1.99,0.36,1.45,1.45,3.62,3.98,2.54,63.6%,3.44,1.27,36.8%,36.40,32.41,89.0%,5.07,3.26,64.3%,0.00,0.00,0.0%,0.00
Sékou Mara,27,1229,0.22,0.23,-0.01,2.42,0.88,9.09%,0.09,6.00,69.9,11.6,2.27,20.9,0.7,0.37,0.00,0.07,0.07,0.95,0.29,1.83,0.00,0.66,9.15,4.17,45.6%,6.00,2.56,42.7%,17.50,12.74,72.8%,7.91,5.57,70.4%,0.00,0.00,0.0%,0.15
Takumi Minamino,15,949,0.28,0.30,-0.02,1.99,0.66,14.29%,0.15,7.97,84.4,10.6,4.55,42.0,0.9,0.38,0.00,0.09,0.00,0.28,0.38,3.70,0.19,0.47,5.03,1.42,28.3%,1.33,0.57,42.9%,29.21,21.43,73.4%,12.14,8.16,67.2%,0.76,0.00,0.0%,0.66
Tanner Tessmann,29,1951,0.05,0.10,-0.06,1.20,0.37,3.85%,0.09,13.05,133.9,10.3,6.27,57.0,0.4,0.09,0.00,0.09,0.00,1.34,0.65,5.44,0.60,2.49,5.26,2.63,50.0%,2.08,1.15,55.6%,50.33,43.27,86.0%,11.49,8.49,73.9%,0.74,0.14,18.8%,0.14
Terem Moffi,10,489,0.37,0.60,-0.24,2.94,1.47,12.50%,0.21,5.52,60.7,11.0,1.84,16.4,1.6,0.55,0.00,0.37,0.00,0.18,0.00,1.84,0.00,0.18,4.42,1.10,25.0%,2.58,1.10,42.9%,13.62,9.75,71.6%,6.63,4.79,72.2%,0.00,0.00,0.0%,0.00
Terry Yegbe,24,1966,0.00,0.05,-0.05,0.27,0.09,0.00%,0.18,11.86,110.5,9.3,5.58,45.5,0.4,0.00,0.00,0.09,0.05,0.69,1.05,2.70,0.87,5.77,2.43,1.14,47.2%,1.60,0.87,54.3%,52.78,46.51,88.1%,4.35,2.56,59.0%,0.23,0.05,20.0%,0.09
Thibault De Smet,17,1147,0.00,0.01,-0.01,0.31,0.00,0.00%,0.05,9.02,96.5,10.7,5.10,50.1,0.8,0.00,0.00,0.08,0.00,1.80,0.63,3.61,0.16,4.08,5.57,3.06,54.9%,1.41,0.94,66.7%,43.23,36.56,84.6%,8.47,6.36,75.0%,2.04,0.31,15.4%,0.00
Thilo Kehrer,28,2358,0.00,0.06,-0.06,0.61,0.04,0.00%,0.10,14.62,137.9,9.4,8.28,80.1,0.4,0.00,0.00,0.00,0.00,2.48,1.15,3.51,0.80,3.97,5.69,3.74,65.8%,4.20,2.56,60.9%,62.71,54.62,87.1%,10.61,7.60,71.6%,0.19,0.00,0.0%,0.19
Thomas Meunier,25,1910,0.05,0.06,-0.02,0.85,0.19,5.56%,0.07,13.15,155.8,11.9,6.97,70.0,0.5,0.24,0.00,0.19,0.00,1.46,0.75,4.76,0.09,2.45,4.99,2.17,43.4%,1.37,0.80,58.6%,48.39,40.05,82.8%,16.87,12.16,72.1%,2.31,0.47,20.4%,0.09
Théo Le Bris,28,1898,0.09,0.08,0.01,0.81,0.33,11.76%,0.10,6.59,78.0,11.8,4.79,57.5,0.6,0.05,0.00,0.33,0.09,1.90,0.81,2.70,0.00,1.99,4.65,2.75,59.2%,0.90,0.33,36.8%,29.68,25.61,86.3%,10.38,8.58,82.7%,3.84,0.66,17.3%,0.00
Tiago Gouveia,15,526,0.00,0.15,-0.15,2.05,0.68,0.00%,0.07,9.92,106.3,10.7,6.16,38.8,1.1,0.68,0.00,0.00,0.00,1.37,1.54,5.99,0.00,1.03,10.10,4.11,40.7%,0.86,0.34,40.0%,30.63,23.44,76.5%,8.73,6.33,72.5%,0.51,0.00,0.0%,0.00
Tiago Santos,15,708,0.00,0.06,-0.06,1.14,0.00,0.00%,0.05,17.03,216.6,12.7,11.44,152.1,1.7,0.64,0.00,0.13,0.00,1.78,0.76,3.18,0.00,1.91,10.30,4.83,46.9%,1.14,0.38,33.3%,36.99,31.02,83.8%,11.31,8.14,71.9%,4.19,0.64,15.2%,0.00
Timothy Weah,29,2263,0.08,0.07,0.01,1.15,0.40,6.90%,0.06,14.28,160.4,11.2,6.92,63.0,0.4,0.60,0.00,0.36,0.04,1.91,0.68,4.02,0.16,1.03,6.36,3.14,49.4%,1.11,0.68,60.7%,40.53,34.84,86.0%,14.40,11.49,79.8%,2.39,0.52,21.7%,0.16
Timothée Kolodziejczak,11,660,0.00,0.02,-0.02,0.14,0.14,0.00%,0.12,16.50,157.7,9.6,8.05,76.6,1.3,0.00,0.00,0.00,0.00,1.23,1.09,4.09,0.41,5.05,2.59,1.50,57.9%,3.55,1.36,38.5%,67.64,61.09,90.3%,6.55,3.68,56.3%,0.00,0.00,0.0%,0.00
Tom Louchet,27,1364,0.20,0.20,0.00,1.39,0.40,14.29%,0.14,9.44,94.5,10.0,4.35,35.1,0.5,0.26,0.07,0.26,0.00,2.31,0.66,4.09,0.26,1.78,7.52,3.96,52.6%,1.19,0.53,44.4%,35.23,27.78,78.8%,11.48,7.65,66.7%,2.51,0.53,21.1%,0.13
Tylel Tati,20,1724,0.00,0.01,-0.01,0.16,0.00,0.00%,0.09,13.57,140.9,10.4,8.09,88.2,0.6,0.05,0.00,0.00,0.00,0.99,0.89,3.03,0.78,4.12,3.60,2.14,59.4%,1.41,0.68,48.1%,49.59,43.64,88.0%,4.54,2.30,50.6%,0.05,0.05,100.0%,0.00
Tyler Morton,29,2524,0.07,0.06,0.01,1.00,0.29,7.14%,0.06,14.80,167.6,11.3,7.17,69.4,0.3,0.11,0.00,0.07,0.04,1.71,0.78,4.56,0.46,1.50,4.99,2.89,57.9%,1.43,0.61,42.5%,54.06,47.46,87.8%,15.37,11.59,75.4%,0.61,0.14,23.5%,0.32
Valentin Rongier,31,2745,0.07,0.03,0.03,0.72,0.33,9.09%,0.05,13.28,126.2,9.5,6.72,59.9,0.3,0.26,0.03,0.13,0.03,2.43,1.28,5.41,0.33,1.97,7.48,3.90,52.2%,1.80,1.02,56.4%,66.95,59.67,89.1%,20.59,17.05,82.8%,0.66,0.10,15.0%,0.43
Valentín Barco,27,2170,0.08,0.14,-0.05,1.12,0.41,7.41%,0.12,16.42,153.8,9.4,8.79,81.6,0.4,0.04,0.00,0.29,0.08,2.24,0.58,5.31,0.08,0.46,9.91,5.76,58.2%,0.79,0.37,47.4%,64.37,55.58,86.3%,18.21,12.82,70.4%,1.66,0.29,17.5%,1.62
Vanderson,14,613,0.00,0.02,-0.02,0.44,0.00,0.00%,0.04,11.01,126.3,11.5,6.46,72.3,1.6,0.00,0.00,0.15,0.00,3.52,3.38,4.99,0.00,4.40,9.84,4.99,50.7%,1.76,1.47,83.3%,53.44,42.72,80.0%,20.85,15.56,74.7%,4.85,1.17,24.2%,0.29
Vincent Marchetti,23,818,0.22,0.24,-0.02,2.64,0.77,8.33%,0.09,10.67,111.6,10.5,5.17,55.6,1.2,0.22,0.00,0.00,0.00,1.98,0.44,3.74,0.33,2.53,7.26,3.52,48.5%,2.42,1.32,54.5%,44.12,38.62,87.5%,10.89,8.25,75.8%,0.11,0.11,100.0%,0.22
Vitinha,29,2121,0.04,0.04,-0.00,1.44,0.42,2.94%,0.03,35.39,380.0,10.7,16.51,168.9,0.4,0.55,0.00,0.47,0.08,1.02,1.15,5.81,0.21,0.93,4.16,2.46,59.2%,0.30,0.17,57.1%,116.39,109.14,93.8%,31.27,26.69,85.3%,0.30,0.08,28.6%,0.72
Warren Kamanzi,24,858,0.10,0.09,0.01,1.26,0.21,8.33%,0.07,12.17,122.7,10.1,5.45,46.2,0.9,0.31,0.00,0.21,0.00,1.99,0.84,3.04,0.21,1.99,6.92,4.20,60.6%,1.15,0.21,18.2%,30.63,26.75,87.3%,10.38,8.29,79.8%,1.15,0.10,9.1%,0.21
Warren Zaïre-Emery,32,2453,0.11,0.04,0.07,0.70,0.26,15.79%,0.06,23.08,246.9,10.7,10.60,90.2,0.3,0.15,0.04,0.48,0.07,1.76,0.44,5.47,0.22,0.81,7.19,3.49,48.5%,0.84,0.62,73.9%,75.54,70.77,93.7%,23.22,20.77,89.4%,0.55,0.07,13.3%,0.22
Wesley Saïd,29,2010,0.54,0.44,0.09,2.69,1.21,20.00%,0.17,8.69,94.9,10.9,4.61,43.8,0.4,0.36,0.09,0.45,0.09,0.94,0.45,2.69,0.00,0.85,6.27,2.69,42.9%,1.84,0.67,36.6%,31.21,25.75,82.5%,11.82,8.24,69.7%,0.94,0.27,28.6%,0.27
Willem Geubbels,24,1012,0.44,0.51,-0.06,2.67,0.80,16.67%,0.19,5.25,56.6,10.8,2.67,25.3,0.8,0.53,0.09,0.27,0.00,0.27,0.53,2.31,0.27,1.16,4.00,0.62,15.6%,6.31,2.76,43.7%,18.59,12.98,69.9%,7.56,4.45,58.8%,0.80,0.00,0.0%,0.09
Willian Pacho,23,1915,0.00,0.05,-0.05,0.38,0.05,0.00%,0.12,12.41,114.7,9.2,5.64,45.4,0.4,0.00,0.00,0.00,0.00,1.88,1.13,5.17,0.47,3.10,3.15,2.21,70.1%,3.01,1.69,56.3%,79.57,75.62,95.0%,4.28,3.57,83.5%,0.00,0.00,0.0%,0.09
Wout Faes,14,1141,0.00,0.03,-0.03,0.39,0.08,0.00%,0.08,14.36,140.2,9.8,7.49,79.9,0.8,0.00,0.00,0.00,0.00,1.18,1.26,3.08,0.87,4.34,3.00,1.50,50.0%,3.16,1.89,60.0%,61.68,57.34,93.0%,9.23,7.34,79.5%,0.08,0.00,0.0%,0.00
Yanis Zouaoui,30,2348,0.04,0.05,-0.01,0.61,0.19,6.25%,0.09,11.96,139.9,11.7,7.40,79.4,0.4,0.08,0.00,0.31,0.00,1.84,1.00,4.45,0.46,2.26,6.82,3.56,52.2%,1.42,0.69,48.6%,36.57,28.40,77.7%,9.93,5.94,59.9%,3.49,0.88,25.3%,0.00
Yann Gboho,32,2630,0.27,0.20,0.07,1.98,0.55,13.79%,0.10,16.49,197.9,12.0,9.92,119.9,0.4,0.58,0.03,0.82,0.07,0.89,0.48,5.10,0.03,0.10,11.98,5.89,49.1%,0.55,0.07,12.5%,27.65,22.65,81.9%,15.23,11.57,76.0%,1.13,0.27,24.2%,0.21
Yassin Belkhdim,27,2149,0.08,0.10,-0.01,1.38,0.59,6.06%,0.07,6.16,64.1,10.4,2.76,25.0,0.4,0.25,0.00,0.13,0.00,2.47,1.51,3.48,0.25,0.96,6.91,3.85,55.8%,1.09,0.46,42.3%,30.32,25.50,84.1%,6.16,4.90,79.6%,1.76,0.25,14.3%,0.00
Yassine Benhattab,10,477,0.00,0.03,-0.03,0.75,0.19,0.00%,0.04,13.96,197.3,14.1,7.74,89.2,2.2,0.38,0.00,0.75,0.00,1.89,0.00,5.28,0.00,0.57,6.98,3.96,56.8%,0.94,0.19,20.0%,26.60,19.25,72.3%,9.43,5.66,60.0%,3.58,0.57,15.8%,0.19
Yassine Kechta,30,1332,0.14,0.11,0.02,1.42,0.61,9.52%,0.08,9.86,116.5,11.8,5.68,60.5,0.7,0.41,0.07,0.41,0.00,2.16,1.15,4.39,0.27,1.28,10.00,3.72,37.2%,1.49,0.20,13.6%,28.24,22.50,79.7%,9.19,6.15,66.9%,1.42,0.41,28.6%,0.20
Youssef El-Arabi,25,938,0.29,0.24,0.05,1.44,0.86,20.00%,0.17,6.91,70.6,10.2,2.88,14.8,0.5,0.10,0.10,0.29,0.00,1.15,0.29,4.13,0.10,1.06,8.16,3.84,47.1%,6.72,2.40,35.7%,25.33,16.02,63.3%,9.21,4.13,44.8%,0.19,0.00,0.0%,0.19
Aaron Hickey,21,685,0.00,0.06,-0.06,0.79,0.13,0.00%,0.08,8.28,82.8,10.0,2.89,27.7,1.3,0.00,0.00,0.00,0.00,1.97,1.05,4.60,0.79,3.02,6.31,3.15,50.0%,2.36,1.18,50.0%,37.58,31.40,83.6%,7.75,4.99,64.4%,0.53,0.00,0.0%,0.00
Aaron Wan-Bissaka,25,2084,0.00,0.00,0.00,0.00,0.00,0.00%,0.00,7.86,91.2,11.6,4.28,47.5,0.5,0.00,0.00,0.26,0.04,1.43,1.73,3.24,0.22,4.06,5.14,2.63,51.3%,1.99,0.95,47.8%,31.87,24.44,76.7%,10.41,7.43,71.4%,1.81,0.69,38.1%,0.09
Abdukodir Khusanov,21,1429,0.00,0.04,-0.04,0.44,0.06,0.00%,0.10,15.30,165.8,10.8,7.62,73.5,0.6,0.06,0.00,0.19,0.00,1.70,2.08,4.72,0.57,3.53,3.84,2.52,65.6%,1.89,0.94,50.0%,68.02,62.41,91.8%,9.89,8.19,82.8%,0.19,0.06,33.3%,0.00
Adam Armstrong,14,1146,0.16,0.22,-0.06,1.41,0.47,11.11%,0.15,2.91,27.4,9.4,0.79,2.8,0.3,0.24,0.08,0.00,0.00,0.63,0.16,1.18,0.08,0.94,4.16,1.65,39.6%,1.81,0.71,39.1%,11.94,8.17,68.4%,5.26,3.61,68.7%,0.39,0.08,20.0%,0.08
Adam Smith,22,1076,0.00,0.00,0.00,0.00,0.00,0.00%,0.00,3.68,40.0,10.9,2.01,17.2,0.7,0.00,0.00,0.08,0.00,1.25,0.67,2.43,0.75,3.18,5.02,2.17,43.3%,2.51,1.17,46.7%,30.36,23.67,78.0%,9.70,5.94,61.2%,1.09,0.08,7.7%,0.00
Adam Wharton,34,2562,0.04,0.05,-0.02,1.12,0.21,3.12%,0.05,9.59,93.4,9.7,5.20,54.1,0.4,0.11,0.00,0.35,0.07,2.46,0.95,5.80,0.11,1.48,8.19,4.07,49.8%,1.93,0.84,43.6%,43.28,34.32,79.3%,14.54,9.80,67.4%,1.19,0.42,35.3%,0.74
Adrien Truffert,38,3380,0.03,0.04,-0.01,0.43,0.16,6.25%,0.09,11.72,130.8,11.2,7.43,84.0,0.3,0.08,0.00,0.19,0.03,2.74,1.28,5.01,0.27,3.81,8.01,4.47,55.8%,2.61,1.17,44.9%,41.54,34.67,83.5%,12.36,9.80,79.3%,3.75,0.85,22.7%,0.00
Alejandro Garnacho,24,1268,0.07,0.24,-0.17,2.34,0.50,3.03%,0.10,20.51,254.0,12.4,11.85,152.2,0.9,0.92,0.07,1.35,0.28,1.06,0.28,3.19,0.00,0.43,7.59,3.69,48.6%,1.14,0.21,18.8%,33.57,29.31,87.3%,17.25,14.48,84.0%,4.19,0.57,13.6%,0.00
Alex Iwobi,29,2434,0.15,0.07,0.08,1.44,0.55,10.26%,0.05,16.08,180.6,11.2,8.47,89.5,0.4,0.41,0.00,0.26,0.00,1.00,0.52,4.70,0.11,0.67,4.51,2.03,45.1%,0.55,0.26,46.7%,52.95,45.07,85.1%,18.23,13.90,76.3%,1.96,0.63,32.1%,0.37
Alex Scott,37,2859,0.09,0.12,-0.03,1.39,0.41,6.82%,0.09,13.91,155.4,11.2,6.86,68.5,0.3,0.25,0.00,0.25,0.00,1.89,1.13,6.14,0.44,2.55,8.34,4.66,55.8%,2.14,1.16,54.4%,43.85,37.21,84.8%,11.84,8.34,70.5%,0.85,0.22,25.9%,0.31
Alexander Isak,14,703,0.38,0.34,0.04,2.18,0.77,17.65%,0.16,3.84,43.5,11.3,2.30,28.8,1.6,0.38,0.00,0.00,0.00,0.90,0.00,1.66,0.13,1.15,3.97,1.15,29.0%,3.46,1.02,29.6%,11.27,7.04,62.5%,6.79,3.97,58.5%,0.26,0.00,0.0%,0.13
Alexis Mac Allister,37,2662,0.07,0.13,-0.06,1.76,0.41,3.85%,0.07,9.43,96.3,10.2,4.60,47.7,0.4,0.24,0.00,0.10,0.00,1.79,0.71,3.79,0.30,1.18,7.20,3.25,45.1%,1.25,0.57,45.9%,48.62,42.09,86.6%,15.45,12.37,80.1%,0.37,0.07,18.2%,0.17
Amad Diallo,32,2344,0.08,0.21,-0.14,2.03,0.88,3.77%,0.11,14.90,180.6,12.1,8.49,85.7,0.4,0.92,0.00,0.69,0.04,1.46,0.65,4.34,0.12,1.11,8.52,4.42,51.8%,1.23,0.50,40.6%,34.71,30.52,87.9%,15.13,12.67,83.8%,1.27,0.35,27.3%,0.15
Amadou Onana,25,1764,0.10,0.09,0.01,0.97,0.36,10.53%,0.09,9.44,99.1,10.5,3.83,35.8,0.5,0.10,0.00,0.05,0.00,2.45,1.28,3.67,0.87,3.01,6.28,3.93,62.6%,3.47,2.30,66.2%,43.32,37.86,87.4%,9.80,7.09,72.4%,0.00,0.00,0.0%,0.15
Amine Adli,31,1082,0.25,0.22,0.03,1.66,0.75,15.00%,0.13,9.57,125.0,13.1,4.82,66.0,1.1,0.33,0.00,0.25,0.00,2.99,0.58,5.07,0.17,1.41,10.23,5.49,53.7%,4.74,2.50,52.6%,34.35,26.53,77.2%,15.22,10.73,70.5%,2.08,0.17,8.0%,0.25
Andrey Santos,27,1255,0.07,0.14,-0.07,0.79,0.14,9.09%,0.18,8.75,78.8,9.0,4.52,39.6,0.6,0.07,0.00,0.07,0.00,2.65,1.43,3.44,0.43,1.29,6.45,4.37,67.8%,2.22,1.00,45.2%,57.16,51.49,90.1%,11.62,9.75,84.0%,0.14,0.00,0.0%,0.22
André,35,2766,0.03,0.02,0.02,0.49,0.03,6.67%,0.03,9.37,93.8,10.0,4.39,41.1,0.3,0.10,0.03,0.13,0.00,2.67,0.98,6.90,0.42,1.63,8.85,4.69,52.9%,0.62,0.13,21.1%,42.66,38.98,91.4%,7.45,6.15,82.5%,0.42,0.10,23.1%,0.03
Andy Robertson,24,1172,0.08,0.08,-0.01,0.77,0.23,10.00%,0.11,9.06,107.9,11.9,5.61,77.1,1.1,0.31,0.08,0.15,0.00,0.92,0.61,3.07,0.23,2.46,2.15,1.23,57.1%,2.23,1.08,48.3%,54.60,45.46,83.3%,20.35,16.13,79.3%,3.61,0.92,25.5%,0.15
Angel Gomes,12,464,0.00,0.05,-0.05,1.16,0.39,0.00%,0.04,7.56,66.7,8.8,3.49,25.1,1.4,0.19,0.00,0.00,0.00,1.94,0.00,3.30,0.39,0.78,7.76,4.46,57.5%,0.78,0.39,50.0%,36.47,31.23,85.6%,11.25,9.12,81.0%,0.58,0.19,33.3%,0.19
Anthony Elanga,32,1313,0.00,0.11,-0.11,1.17,0.27,0.00%,0.10,11.72,155.8,13.3,7.68,104.4,0.9,0.41,0.00,0.41,0.07,0.96,0.21,2.19,0.00,0.41,8.09,3.56,44.1%,2.40,0.89,37.1%,29.20,23.58,80.8%,13.85,10.56,76.2%,4.66,0.75,16.2%,0.21
Anthony Gordon,26,1814,0.30,0.44,-0.14,2.38,0.99,12.50%,0.18,13.45,180.6,13.4,7.74,101.2,0.6,0.64,0.00,0.40,0.10,0.94,0.15,2.83,0.00,0.64,8.88,4.56,51.4%,1.69,0.40,23.5%,25.65,20.99,81.8%,13.30,10.07,75.8%,3.32,0.69,20.9%,0.20
Antoine Semenyo,37,3200,0.48,0.31,0.17,2.33,1.15,20.48%,0.13,12.88,170.8,13.3,6.86,79.8,0.3,0.73,0.11,0.51,0.08,1.27,0.37,4.02,0.20,0.82,9.42,3.52,37.3%,3.38,1.66,49.2%,26.32,21.07,80.0%,12.91,9.59,74.3%,1.38,0.23,16.3%,0.14
Anton Stach,29,2378,0.19,0.11,0.08,2.08,0.53,9.09%,0.05,8.86,102.5,11.6,4.73,51.3,0.4,0.38,0.04,0.42,0.04,2.46,0.76,4.50,0.34,1.97,8.14,4.05,49.8%,2.91,1.82,62.3%,35.54,27.48,77.3%,13.51,9.46,70.0%,1.40,0.49,35.1%,0.08
Antonee Robinson,22,1492,0.06,0.06,-0.00,0.36,0.06,16.67%,0.18,13.81,161.8,11.7,8.45,93.7,0.7,0.06,0.00,0.48,0.00,2.90,1.75,5.91,0.18,3.32,7.36,4.16,56.6%,1.81,1.09,60.0%,48.26,38.61,80.0%,14.90,10.98,73.7%,4.64,0.84,18.2%,0.06
Ao Tanaka,28,1314,0.14,0.11,0.03,1.16,0.34,11.76%,0.09,9.79,97.0,9.9,4.79,38.9,0.6,0.07,0.00,0.21,0.00,1.85,1.44,5.55,0.14,1.03,5.89,2.74,46.5%,1.71,0.82,48.0%,47.26,40.41,85.5%,11.85,8.90,75.1%,1.23,0.27,22.2%,0.21
Archie Gray,24,1479,0.12,0.09,0.03,0.67,0.30,18.18%,0.13,9.01,102.2,11.3,4.44,44.1,0.6,0.06,0.00,0.18,0.12,0.67,1.03,3.47,0.24,2.68,3.59,1.22,33.9%,1.52,0.55,36.0%,32.80,27.26,83.1%,9.07,6.57,72.5%,0.73,0.24,33.3%,0.12
Armando Broja,24,849,0.11,0.23,-0.12,1.70,0.64,6.25%,0.13,8.06,98.9,12.3,4.24,47.4,1.2,0.53,0.00,0.21,0.00,0.64,0.32,2.76,0.00,0.95,8.90,3.18,35.7%,11.77,3.71,31.5%,16.01,11.13,69.5%,8.37,5.51,65.8%,0.32,0.11,33.3%,0.00
Axel Disasi,14,1255,0.00,0.07,-0.07,0.36,0.22,0.00%,0.20,7.89,83.1,10.5,3.87,44.7,0.8,0.07,0.00,0.00,0.00,1.00,0.93,2.29,0.86,3.51,2.08,1.43,69.0%,2.22,1.29,58.1%,40.59,35.14,86.6%,4.66,2.65,56.9%,0.00,0.00,0.0%,0.00
Axel Tuanzebe,14,1202,0.07,0.05,0.03,0.15,0.07,50.00%,0.30,8.31,82.9,10.0,4.42,41.4,0.7,0.00,0.00,0.00,0.00,1.05,0.82,3.00,0.75,6.21,2.55,1.20,47.1%,3.44,1.65,47.8%,42.60,36.01,84.5%,4.57,2.32,50.8%,0.07,0.00,0.0%,0.00
Ayden Heaven,17,923,0.00,0.03,-0.03,0.29,0.00,0.00%,0.12,12.68,128.0,10.1,5.66,55.2,1.0,0.00,0.00,0.10,0.00,2.15,0.10,3.90,1.07,5.85,5.07,3.61,71.2%,2.73,1.76,64.3%,48.17,43.59,90.5%,4.49,3.22,71.7%,0.10,0.00,0.0%,0.10
Bafodé Diakité,18,1275,0.00,0.00,-0.00,0.07,0.00,0.00%,0.02,10.94,107.3,9.8,7.20,69.2,0.7,0.00,0.00,0.00,0.00,1.41,0.85,3.39,0.35,5.86,2.82,1.76,62.5%,5.01,2.47,49.3%,52.87,46.52,88.0%,8.40,6.00,71.4%,0.07,0.00,0.0%,0.07
Bashir Humphreys,20,1578,0.00,0.02,-0.02,0.51,0.17,0.00%,0.05,13.92,155.2,11.1,6.67,70.8,0.6,0.11,0.00,0.00,0.00,1.54,0.63,3.94,0.80,4.79,4.90,2.45,50.0%,3.31,1.48,44.8%,48.54,39.75,81.9%,9.64,7.07,73.4%,1.03,0.17,16.7%,0.00
Ben White,12,704,0.00,0.06,-0.06,0.64,0.13,0.00%,0.09,6.90,77.4,11.2,3.96,40.6,1.3,0.13,0.00,0.38,0.13,1.92,1.15,3.58,0.51,3.20,5.11,3.07,60.0%,3.45,1.53,44.4%,45.26,36.95,81.6%,18.92,14.83,78.4%,2.05,0.38,18.8%,0.38
Benjamin Sesko,30,1635,0.61,0.51,0.10,3.36,1.87,18.03%,0.15,3.91,38.9,10.0,1.82,15.1,0.5,0.39,0.00,0.17,0.06,0.28,0.17,2.09,0.11,0.83,4.84,1.16,23.9%,6.66,3.52,52.9%,16.84,11.61,69.0%,6.06,3.52,58.2%,0.11,0.00,0.0%,0.11
Benoît Badiashile,8,471,0.00,0.00,0.00,0.00,0.00,0.00%,0.00,11.08,100.5,9.1,5.16,37.7,1.4,0.00,0.00,0.00,0.00,1.34,1.91,3.06,0.76,5.16,2.87,1.72,60.0%,3.25,1.53,47.1%,83.89,77.96,92.9%,6.11,4.78,78.1%,0.00,0.00,0.0%,0.00
Bernardo Silva,38,2886,0.06,0.08,-0.02,0.94,0.22,6.67%,0.09,20.24,219.7,10.9,11.07,108.5,0.3,0.22,0.03,0.25,0.00,1.68,0.69,4.55,0.19,1.06,6.89,3.02,43.9%,0.78,0.12,16.0%,68.76,62.03,90.2%,23.36,19.65,84.1%,1.06,0.19,17.6%,0.34
Bertrand Traoré,12,638,0.14,0.08,0.06,1.83,0.85,7.69%,0.04,10.30,106.0,10.3,4.80,24.3,0.7,0.85,0.14,0.42,0.00,1.55,0.28,2.54,0.42,0.85,9.59,5.08,52.9%,2.54,0.85,33.3%,25.39,20.17,79.4%,11.29,8.61,76.3%,1.83,0.14,7.7%,0.00
Beto,37,1565,0.52,0.51,0.01,2.47,0.98,20.93%,0.21,4.03,47.5,11.8,2.01,18.6,0.5,0.23,0.00,0.06,0.00,0.86,0.06,1.50,0.23,2.47,7.48,2.36,31.5%,11.90,5.29,44.4%,11.96,7.42,62.0%,4.72,2.59,54.9%,0.12,0.00,0.0%,0.00
Boubacar Kamara,18,1418,0.06,0.03,0.03,0.44,0.25,14.29%,0.07,11.55,111.1,9.6,5.27,48.9,0.6,0.06,0.00,0.06,0.00,2.35,1.14,4.13,0.44,1.27,9.39,5.08,54.1%,3.55,2.28,64.3%,51.92,45.83,88.3%,15.11,12.57,83.2%,0.06,0.00,0.0%,0.25
Brajan Gruda,18,715,0.13,0.22,-0.09,2.01,0.76,6.25%,0.11,15.61,186.2,11.9,9.31,97.3,1.3,0.88,0.00,1.38,0.13,1.76,0.25,5.03,0.00,0.25,14.35,6.04,42.1%,1.38,1.01,72.7%,31.22,24.42,78.2%,15.61,11.33,72.6%,0.88,0.25,28.6%,0.25
Brenden Aaronson,37,2465,0.15,0.17,-0.02,1.72,0.62,8.51%,0.10,9.53,111.1,11.7,5.11,56.6,0.4,0.47,0.04,0.33,0.07,1.83,0.55,4.75,0.15,0.62,11.57,4.82,41.6%,2.63,0.88,33.3%,24.39,19.79,81.1%,9.38,7.01,74.7%,1.31,0.37,27.8%,0.22
Brennan Johnson,34,1722,0.10,0.13,-0.02,1.20,0.26,8.70%,0.11,6.85,86.8,12.7,3.97,50.4,0.7,0.31,0.05,0.26,0.00,1.52,0.21,2.93,0.05,1.67,6.06,2.67,44.0%,1.67,0.84,50.0%,19.97,13.17,66.0%,9.20,5.07,55.1%,2.35,0.42,17.8%,0.10
Brian Brobbey,31,1931,0.33,0.28,0.05,1.68,0.84,19.44%,0.16,4.05,41.6,10.3,1.82,11.6,0.3,0.28,0.05,0.09,0.00,0.42,0.00,2.05,0.28,0.70,5.73,2.19,38.2%,6.48,3.03,46.8%,12.82,9.23,72.0%,6.20,3.82,61.6%,0.09,0.00,0.0%,0.00
Bruno Fernandes,35,3066,0.26,0.32,-0.05,2.50,0.70,10.59%,0.13,11.27,124.0,11.0,6.34,71.3,0.3,0.35,0.00,0.50,0.09,1.59,0.59,4.90,0.15,1.23,6.40,3.02,47.2%,1.59,0.62,38.9%,58.53,48.11,82.2%,25.57,19.43,76.0%,2.23,0.68,30.3%,1.14
Bruno Guimarães,29,2455,0.33,0.21,0.12,1.54,0.84,21.43%,0.13,15.87,155.9,9.8,7.85,70.0,0.3,0.15,0.00,0.48,0.07,2.27,0.55,4.95,0.11,1.32,10.92,5.68,52.0%,1.28,0.48,37.1%,53.19,45.82,86.2%,20.71,16.35,78.9%,1.36,0.29,21.6%,0.77
Bryan Mbeumo,33,2621,0.38,0.42,-0.04,2.51,1.10,15.07%,0.17,9.31,107.2,11.5,4.94,51.9,0.4,0.41,0.07,0.38,0.07,0.86,0.27,3.12,0.03,0.48,5.94,2.44,41.0%,3.16,0.52,16.3%,27.33,21.60,79.0%,13.56,10.16,74.9%,1.92,0.52,26.8%,0.45
Bukayo Saka,31,2225,0.28,0.31,-0.02,2.87,1.09,9.86%,0.11,16.18,192.7,11.9,8.37,88.7,0.4,1.21,0.12,1.05,0.16,1.66,0.65,4.73,0.04,0.44,11.12,5.87,52.7%,2.10,0.89,42.3%,31.27,23.99,76.7%,18.32,13.79,75.3%,2.71,0.85,31.3%,0.12
Callum Hudson-Odoi,30,1844,0.15,0.14,0.01,1.46,0.49,10.00%,0.09,17.03,217.3,12.8,9.71,117.3,0.6,0.83,0.10,1.27,0.00,0.68,0.39,3.32,0.10,0.68,6.10,2.73,44.8%,0.59,0.15,25.0%,32.07,28.60,89.2%,18.16,16.06,88.4%,4.25,0.59,13.8%,0.05
Callum Wilson,32,1243,0.51,0.55,-0.05,2.75,1.16,18.42%,0.20,4.05,45.9,11.3,2.61,31.1,0.9,0.72,0.07,0.22,0.07,0.29,0.22,2.03,0.14,0.36,6.01,2.24,37.3%,4.63,1.38,29.7%,11.30,7.31,64.7%,6.01,3.69,61.5%,0.36,0.07,20.0%,0.00
Calvin Bassey,30,2532,0.04,0.06,-0.03,0.46,0.07,7.69%,0.13,18.13,191.8,10.6,10.52,108.0,0.4,0.07,0.00,0.18,0.00,2.20,0.78,4.23,0.75,3.52,6.15,3.98,64.7%,2.56,1.39,54.2%,60.64,53.21,87.8%,8.25,5.58,67.7%,0.50,0.11,21.4%,0.00
Carlos Baleba,31,1662,0.00,0.04,-0.04,1.08,0.11,0.00%,0.04,10.13,111.5,11.0,5.09,53.0,0.6,0.16,0.00,0.00,0.00,2.00,1.57,5.69,0.32,1.73,8.34,3.95,47.4%,2.71,1.57,58.0%,40.51,34.87,86.1%,8.29,5.69,68.6%,0.00,0.00,0.0%,0.11
Casemiro,34,2588,0.31,0.19,0.12,1.81,0.63,17.31%,0.11,9.11,81.7,9.0,4.87,43.3,0.3,0.17,0.03,0.14,0.00,3.13,1.08,4.80,0.94,2.54,8.55,4.56,53.3%,3.86,1.98,51.4%,55.64,45.24,81.3%,15.16,10.64,70.2%,0.59,0.14,23.5%,0.45
Chadi Riad,9,554,0.00,0.05,-0.05,0.65,0.32,0.00%,0.08,15.27,144.5,9.5,9.42,88.8,1.5,0.00,0.00,0.00,0.00,1.30,0.97,5.20,0.49,4.55,4.22,1.95,46.2%,4.55,2.11,46.4%,60.76,52.47,86.4%,7.80,5.36,68.8%,0.97,0.00,0.0%,0.00
Charly Alcaraz,20,685,0.00,0.16,-0.16,2.63,0.66,0.00%,0.06,12.61,132.5,10.5,6.70,54.5,1.1,0.26,0.00,0.39,0.13,1.84,0.39,5.65,0.39,0.92,9.33,4.20,45.1%,4.07,1.84,45.2%,40.34,32.98,81.8%,15.11,11.04,73.0%,0.66,0.26,40.0%,0.26
Chemsdine Talbi,28,1561,0.23,0.12,0.11,1.44,0.58,16.00%,0.09,9.74,128.2,13.2,5.30,68.3,0.7,0.35,0.06,0.29,0.06,0.63,0.12,3.52,0.06,0.98,4.44,1.61,36.4%,0.81,0.06,7.1%,23.18,18.85,81.3%,8.48,6.23,73.5%,2.77,0.35,12.5%,0.06
Chris Richards,33,2826,0.03,0.08,-0.04,0.48,0.06,6.67%,0.16,9.20,81.7,8.9,3.57,25.5,0.2,0.00,0.00,0.00,0.00,1.75,1.37,2.07,0.57,6.24,3.57,2.01,56.3%,6.02,3.41,56.6%,47.10,39.55,84.0%,6.91,4.24,61.3%,0.41,0.16,38.5%,0.10
Chris Rigg,18,766,0.12,0.10,0.02,1.41,0.35,8.33%,0.07,6.70,66.4,9.9,2.82,19.6,0.8,0.23,0.00,0.23,0.00,1.53,0.47,3.41,0.12,1.17,6.11,3.29,53.8%,1.53,0.47,30.8%,25.03,17.98,71.8%,9.52,6.23,65.4%,1.29,0.47,36.4%,0.23
Chris Wood,15,906,0.30,0.42,-0.12,2.28,0.89,13.04%,0.18,1.19,15.8,13.2,0.40,9.2,2.3,0.20,0.10,0.20,0.00,0.10,0.10,1.39,0.40,0.89,2.19,0.79,36.4%,6.46,2.58,40.0%,15.89,11.03,69.4%,6.06,4.07,67.2%,0.10,0.00,0.0%,0.10
Cody Gakpo,36,2747,0.23,0.28,-0.05,2.85,0.69,8.05%,0.10,12.84,149.7,11.7,6.98,66.8,0.3,1.34,0.07,0.52,0.03,0.92,0.43,2.85,0.13,0.69,7.34,3.47,47.3%,3.60,1.83,50.9%,24.57,19.30,78.5%,14.22,11.11,78.1%,1.83,0.23,12.5%,0.16
Cole Palmer,26,1965,0.46,0.48,-0.03,2.93,1.15,15.62%,0.17,14.47,181.1,12.5,8.29,96.9,0.5,0.78,0.05,0.50,0.00,1.15,0.69,3.80,0.00,0.55,8.52,3.85,45.2%,0.18,0.00,0.0%,37.56,32.20,85.7%,17.22,13.83,80.3%,1.56,0.23,14.7%,0.32
Conor Bradley,15,932,0.00,0.02,-0.02,0.58,0.00,0.00%,0.04,15.06,166.0,11.0,8.21,90.4,1.1,0.10,0.00,0.19,0.10,1.83,1.26,4.15,0.39,2.80,10.14,4.44,43.8%,2.99,1.45,48.4%,47.51,39.88,83.9%,16.90,13.23,78.3%,2.32,0.39,16.7%,0.29
Conor Gallagher,16,1190,0.08,0.08,-0.01,0.83,0.30,9.09%,0.10,9.61,103.9,10.8,4.16,26.2,0.5,0.00,0.00,0.23,0.08,1.74,1.36,5.52,0.30,0.45,8.70,4.31,49.6%,1.74,0.68,39.1%,39.63,33.58,84.7%,11.12,9.08,81.6%,1.74,0.45,26.1%,0.00
Cristhian Mosquera,20,989,0.00,0.01,-0.01,0.09,0.00,0.00%,0.10,13.74,143.8,10.5,8.74,90.0,0.9,0.00,0.00,0.00,0.00,2.91,0.73,3.09,0.55,4.28,6.55,3.64,55.6%,4.37,1.82,41.7%,57.60,52.60,91.3%,10.92,9.65,88.3%,0.27,0.09,33.3%,0.09
Cristian Romero,23,1872,0.19,0.06,0.13,0.82,0.29,23.53%,0.08,11.59,102.9,8.9,6.59,57.3,0.4,0.05,0.00,0.10,0.00,2.79,1.44,4.23,0.67,4.52,6.35,3.94,62.1%,4.90,3.51,71.6%,54.23,47.36,87.3%,7.79,5.00,64.2%,0.05,0.00,0.0%,0.00
Crysencio Summerville,31,2480,0.18,0.19,-0.01,1.96,0.54,9.26%,0.10,13.75,179.9,13.1,7.37,83.6,0.4,0.91,0.07,0.44,0.04,1.63,0.58,4.35,0.15,1.09,11.43,5.92,51.7%,0.83,0.25,30.4%,23.19,19.20,82.8%,9.80,7.40,75.6%,1.09,0.25,23.3%,0.22
Curtis Jones,34,1929,0.05,0.13,-0.08,1.07,0.33,4.35%,0.12,22.07,223.4,10.1,9.52,71.3,0.3,0.19,0.00,0.23,0.05,1.87,0.84,6.72,0.28,1.35,7.60,4.25,55.8%,1.77,0.51,28.9%,76.84,70.40,91.6%,25.71,22.40,87.1%,0.70,0.05,6.7%,0.61
Daichi Kamada,28,1908,0.00,0.08,-0.08,0.90,0.19,0.00%,0.09,11.13,123.3,11.1,5.90,59.8,0.5,0.24,0.00,0.24,0.00,2.97,0.66,5.09,0.05,1.08,8.58,4.81,56.0%,1.37,0.66,48.3%,38.92,32.69,84.0%,11.37,8.40,73.9%,0.66,0.28,42.9%,0.42
Dan Ballard,29,2148,0.08,0.10,-0.02,1.09,0.38,7.69%,0.09,13.91,163.8,11.8,8.17,97.0,0.5,0.04,0.04,0.08,0.00,1.38,0.84,2.89,0.96,7.75,4.27,2.60,60.8%,7.67,4.44,57.9%,46.22,37.96,82.1%,8.34,4.02,48.2%,0.04,0.00,0.0%,0.13
Dan Burn,29,2199,0.04,0.04,-0.00,0.41,0.12,10.00%,0.11,7.41,78.7,10.6,3.89,36.5,0.4,0.00,0.00,0.08,0.04,1.64,0.86,3.11,0.45,6.22,4.67,2.17,46.5%,6.63,4.01,60.5%,43.14,34.22,79.3%,8.64,4.50,52.1%,0.57,0.04,7.1%,0.04
Dan Ndoye,24,1176,0.08,0.08,-0.00,1.15,0.31,6.67%,0.07,13.01,172.6,13.3,7.88,101.5,1.0,0.46,0.00,0.69,0.00,1.76,0.77,3.83,0.15,0.92,9.49,4.44,46.8%,1.91,0.84,44.0%,21.58,16.91,78.4%,10.10,7.58,75.0%,2.91,0.61,21.1%,0.08
Dango Ouattara,32,2279,0.28,0.30,-0.03,2.21,0.79,12.50%,0.14,9.20,121.0,13.1,6.04,73.3,0.5,0.59,0.04,0.36,0.08,0.95,0.95,3.36,0.00,2.05,8.61,3.40,39.5%,4.23,2.05,48.6%,19.15,12.08,63.1%,9.68,5.25,54.3%,3.24,0.43,13.4%,0.20
Daniel James,19,553,0.00,0.15,-0.15,2.28,0.49,0.00%,0.06,11.72,135.4,11.6,7.32,79.6,1.8,0.65,0.00,0.65,0.00,1.14,0.16,3.09,0.00,1.30,7.00,3.42,48.8%,2.28,1.14,50.0%,19.37,11.72,60.5%,10.09,6.67,66.1%,8.14,1.14,14.0%,0.16
Daniel Muñoz,29,2403,0.15,0.09,0.06,1.01,0.49,14.81%,0.09,5.36,58.9,11.0,2.73,23.4,0.3,0.00,0.00,0.22,0.00,2.77,0.97,3.63,0.04,3.63,6.29,3.52,56.0%,3.67,1.65,44.9%,30.86,24.46,79.3%,10.26,7.15,69.7%,2.36,0.52,22.2%,0.04
Danny Welbeck,37,2263,0.52,0.49,0.02,2.23,1.11,23.21%,0.22,4.77,48.6,10.2,1.87,16.6,0.4,0.24,0.04,0.12,0.00,0.95,0.36,2.03,0.00,1.19,4.85,1.79,36.9%,2.23,0.76,33.9%,19.33,15.35,79.4%,7.87,5.65,71.7%,0.08,0.00,0.0%,0.20
David Brooks,31,1199,0.08,0.44,-0.36,3.60,0.98,2.08%,0.12,13.29,153.5,11.6,6.46,69.3,0.8,0.68,0.00,0.83,0.08,1.43,0.30,4.20,0.00,1.13,8.56,3.68,43.0%,1.43,0.45,31.6%,33.40,25.75,77.1%,17.41,12.31,70.7%,2.63,0.53,20.0%,0.38
David Møller Wolfe,22,1049,0.00,0.01,-0.01,0.26,0.00,0.00%,0.04,6.52,71.5,11.0,3.95,41.6,0.9,0.00,0.00,0.34,0.09,0.86,0.60,2.32,0.17,2.66,3.17,1.63,51.4%,1.63,0.94,57.9%,22.31,16.56,74.2%,7.38,4.63,62.8%,2.57,0.69,26.7%,0.00
Declan Rice,36,3099,0.12,0.09,0.02,1.16,0.38,10.00%,0.08,18.12,216.7,12.0,9.53,106.3,0.3,0.23,0.00,0.23,0.00,2.03,1.07,5.23,0.35,2.27,4.85,2.76,56.9%,2.15,1.45,67.6%,62.03,54.16,87.3%,19.49,15.51,79.6%,1.36,0.44,31.9%,0.35
Destiny Udogie,20,1340,0.00,0.01,-0.01,0.27,0.07,0.00%,0.05,11.55,145.3,12.6,8.06,94.9,0.8,0.07,0.00,0.27,0.00,2.08,0.47,4.70,0.34,1.68,7.46,3.90,52.3%,1.41,0.54,38.1%,39.29,33.58,85.5%,11.69,9.74,83.3%,1.81,0.34,18.5%,0.00
Diego Gómez,32,2136,0.21,0.27,-0.05,1.77,0.59,11.90%,0.15,8.13,88.1,10.8,4.00,38.9,0.4,0.13,0.00,0.25,0.00,3.29,0.76,4.72,0.13,1.18,9.82,4.51,45.9%,3.88,2.32,59.8%,31.73,24.73,78.0%,10.53,6.99,66.4%,0.84,0.25,30.0%,0.08
Dilane Bakwa,14,552,0.00,0.09,-0.09,1.47,0.49,0.00%,0.06,15.65,179.0,11.4,8.80,87.5,1.6,0.65,0.00,0.49,0.16,0.65,0.00,4.57,0.16,0.33,9.62,4.24,44.1%,0.82,0.16,20.0%,31.96,25.27,79.1%,14.51,10.92,75.3%,4.57,0.98,21.4%,0.33
Diogo Dalot,34,2616,0.03,0.07,-0.03,0.83,0.21,4.17%,0.08,8.36,95.3,11.4,4.71,51.0,0.4,0.24,0.00,0.34,0.03,1.82,0.93,4.64,0.31,3.17,5.30,2.86,53.9%,2.51,1.79,71.2%,38.94,33.10,85.0%,11.94,9.29,77.8%,1.96,0.58,29.8%,0.10
Djed Spence,30,2056,0.00,0.04,-0.04,0.57,0.35,0.00%,0.07,14.10,175.2,12.4,7.49,93.4,0.5,0.22,0.00,0.22,0.00,1.93,0.79,4.86,0.13,2.28,8.97,4.29,47.8%,2.14,1.01,46.9%,38.61,31.21,80.8%,12.56,9.02,71.8%,2.23,0.44,19.6%,0.00
Dominic Calvert-Lewin,35,2726,0.46,0.52,-0.06,2.44,1.12,18.92%,0.21,3.57,40.7,11.4,1.72,17.8,0.3,0.33,0.03,0.10,0.00,0.33,0.13,1.52,0.20,1.19,4.92,1.85,37.6%,10.47,4.23,40.4%,15.19,8.88,58.5%,8.06,4.29,53.3%,0.33,0.03,10.0%,0.03
Dominic Solanke,15,1000,0.27,0.22,0.05,1.80,0.99,15.00%,0.12,6.84,83.9,12.3,3.24,30.4,0.8,0.63,0.09,0.09,0.00,1.98,0.27,3.06,0.18,0.99,7.74,3.96,51.2%,5.49,1.80,32.8%,14.22,10.53,74.0%,6.84,4.95,72.4%,0.18,0.00,0.0%,0.00
Dominik Szoboszlai,36,3233,0.17,0.14,0.03,1.98,0.64,8.45%,0.07,14.70,160.3,10.9,7.54,75.5,0.3,0.31,0.06,0.33,0.03,1.56,0.84,5.21,0.22,1.61,6.76,3.12,46.1%,1.20,0.53,44.2%,60.88,53.42,87.8%,22.02,18.37,83.4%,2.09,0.56,26.7%,0.19
Donyell Malen,21,645,0.56,0.57,-0.01,3.77,1.26,14.81%,0.15,6.28,69.1,11.0,4.33,46.7,1.5,0.84,0.14,0.42,0.14,0.56,0.00,1.40,0.00,0.28,6.56,2.51,38.3%,1.40,0.42,30.0%,13.12,10.19,77.7%,7.12,5.58,78.4%,0.98,0.28,28.6%,0.14
Douglas Luiz,21,923,0.10,0.05,0.05,1.07,0.49,9.09%,0.05,14.24,153.3,10.8,7.22,74.7,1.0,0.10,0.00,0.00,0.00,2.24,1.46,5.07,0.39,1.17,6.92,4.19,60.6%,2.05,0.88,42.9%,63.67,57.33,90.0%,17.55,13.75,78.3%,1.56,0.29,18.8%,0.00
Dwight McNeil,22,1168,0.00,0.11,-0.11,1.85,0.39,0.00%,0.06,9.25,99.8,10.8,3.39,18.0,0.4,0.39,0.00,0.23,0.00,1.77,0.77,4.78,0.23,1.00,6.55,2.85,43.5%,1.39,0.54,38.9%,24.97,20.34,81.5%,9.94,7.17,72.1%,2.16,0.39,17.9%,0.31
Eberechi Eze,33,1900,0.33,0.24,0.09,2.98,0.95,11.11%,0.08,11.27,120.2,10.7,4.74,39.4,0.4,0.57,0.05,0.14,0.05,0.90,0.52,3.74,0.05,0.47,7.25,4.17,57.5%,1.66,0.47,28.6%,31.55,26.76,84.8%,13.78,10.80,78.3%,0.33,0.09,28.6%,0.85
El Hadji Malick Diouf,32,2711,0.00,0.02,-0.02,0.60,0.13,0.00%,0.03,8.17,95.1,11.7,4.98,58.8,0.4,0.10,0.00,0.20,0.07,1.46,1.10,4.18,0.40,3.85,5.74,3.05,53.2%,2.72,1.49,54.9%,34.46,25.63,74.4%,8.93,5.68,63.6%,3.22,0.83,25.8%,0.13
Eliezer Mayenda,20,756,0.24,0.25,-0.02,1.55,0.71,15.38%,0.16,6.90,89.7,13.0,4.76,63.9,1.6,0.48,0.00,0.36,0.00,0.60,0.12,1.67,0.12,0.60,9.29,3.21,34.6%,5.24,1.79,34.1%,10.12,6.67,65.9%,4.76,2.62,55.0%,0.12,0.00,0.0%,0.00
Elliot Anderson,38,3334,0.11,0.08,0.03,1.19,0.27,9.09%,0.07,17.20,174.2,10.1,8.02,70.7,0.2,0.22,0.05,0.19,0.00,2.81,1.11,8.26,0.40,1.32,11.61,6.24,53.7%,3.02,1.78,58.9%,64.33,55.01,85.5%,20.19,15.71,77.8%,2.00,0.65,32.4%,0.24
Emile Smith Rowe,37,1928,0.14,0.22,-0.08,1.68,0.51,8.33%,0.13,11.95,125.9,10.5,6.30,57.8,0.4,0.33,0.00,0.19,0.00,1.63,1.03,3.31,0.05,0.84,5.84,3.03,52.0%,0.93,0.33,35.0%,42.95,39.12,91.1%,15.40,13.44,87.3%,0.61,0.05,7.7%,0.00
Emiliano Buendía,36,1759,0.31,0.17,0.13,2.51,0.67,12.24%,0.07,9.31,99.8,10.7,5.01,51.5,0.5,0.41,0.10,0.51,0.00,2.51,0.77,5.58,0.20,1.02,11.15,5.27,47.2%,2.97,1.07,36.2%,33.67,27.42,81.5%,14.68,11.46,78.0%,0.46,0.00,0.0%,0.26
Emmanuel Agbadou,14,1101,0.00,0.05,-0.05,0.82,0.25,0.00%,0.06,13.00,127.7,9.8,5.89,55.1,0.8,0.00,0.00,0.16,0.00,2.62,1.06,5.40,1.23,5.31,5.23,3.35,64.1%,3.35,2.13,63.4%,53.87,44.71,83.0%,11.20,6.05,54.0%,1.14,0.33,28.6%,0.16
Enzo Fernández,36,3121,0.29,0.33,-0.04,2.08,0.89,13.89%,0.16,15.20,155.5,10.2,7.41,75.4,0.3,0.17,0.00,0.40,0.03,1.53,0.61,4.04,0.06,0.81,7.44,3.20,43.0%,1.50,0.75,50.0%,58.83,50.61,86.0%,21.43,16.55,77.3%,1.30,0.17,13.3%,0.72
Enzo Le Fée,36,2934,0.15,0.16,-0.00,1.10,0.37,13.89%,0.14,9.60,98.2,10.2,4.29,33.6,0.2,0.31,0.00,0.15,0.00,2.73,0.89,4.72,0.37,1.10,8.37,4.26,50.9%,2.12,0.55,26.1%,34.14,27.79,81.4%,12.73,9.23,72.5%,1.35,0.28,20.4%,0.49
Erling Haaland,35,2958,0.82,0.77,0.05,3.83,1.80,21.43%,0.20,3.83,45.1,11.8,2.31,25.5,0.3,0.76,0.18,0.18,0.00,0.46,0.15,1.25,0.03,1.28,3.74,1.73,46.3%,3.59,2.22,61.9%,11.68,7.67,65.6%,5.66,3.26,57.5%,0.09,0.03,33.3%,0.18
Estêvão,22,845,0.21,0.31,-0.10,2.98,0.85,7.14%,0.10,15.44,201.1,13.0,9.27,123.9,1.4,1.81,0.11,0.75,0.11,1.17,0.43,3.83,0.00,0.53,14.06,5.22,37.1%,1.81,0.32,17.6%,28.76,23.22,80.7%,15.02,11.40,75.9%,0.75,0.43,57.1%,0.11
Ethan Ampadu,35,3123,0.03,0.07,-0.04,0.75,0.17,3.85%,0.10,10.32,111.0,10.8,4.47,42.0,0.3,0.09,0.00,0.06,0.00,2.33,1.44,5.24,0.49,2.39,5.94,3.66,61.6%,2.56,1.64,64.0%,49.88,42.71,85.6%,10.84,8.16,75.3%,0.75,0.29,38.5%,0.17
Evanilson,36,2759,0.20,0.35,-0.15,2.28,0.72,8.57%,0.15,4.70,53.4,11.4,2.02,20.6,0.3,0.39,0.03,0.16,0.00,0.42,0.26,2.61,0.16,0.95,4.96,2.15,43.4%,4.31,1.53,35.6%,15.17,11.61,76.6%,6.33,4.47,70.6%,0.13,0.00,0.0%,0.10
Evann Guessand,21,916,0.10,0.15,-0.06,1.08,0.59,9.09%,0.14,8.45,108.7,12.9,4.81,57.2,1.2,0.00,0.00,0.00,0.00,2.36,0.49,4.22,0.29,0.98,12.87,5.70,44.3%,2.36,1.08,45.8%,18.37,15.13,82.3%,7.76,5.99,77.2%,1.08,0.00,0.0%,0.00
Ezri Konsa,34,3036,0.00,0.04,-0.04,0.33,0.06,0.00%,0.11,15.12,154.5,10.2,8.45,86.3,0.3,0.00,0.00,0.06,0.00,0.65,0.68,3.20,0.77,3.62,2.76,2.02,73.1%,1.66,0.95,57.1%,62.19,59.38,95.5%,6.55,5.25,80.1%,0.15,0.03,20.0%,0.03
Fabian Schär,16,1091,0.00,0.08,-0.08,1.40,0.33,0.00%,0.06,12.79,108.7,8.5,6.02,56.1,0.8,0.08,0.00,0.00,0.00,1.15,1.48,3.55,0.91,5.86,3.38,1.65,48.8%,6.02,3.79,63.0%,65.66,55.44,84.4%,12.04,6.43,53.4%,0.33,0.08,25.0%,0.08
Ferdi Kadioglu,37,3134,0.03,0.06,-0.03,0.80,0.37,3.57%,0.07,10.65,137.8,12.9,6.23,79.7,0.4,0.14,0.00,0.03,0.00,1.64,0.75,3.73,0.14,2.33,5.40,2.99,55.3%,1.84,0.92,50.0%,39.26,33.60,85.6%,13.87,11.49,82.8%,2.33,0.49,21.0%,0.06
Florentino,31,2112,0.00,0.03,-0.03,0.55,0.09,0.00%,0.05,6.90,64.3,9.3,3.07,24.6,0.3,0.13,0.00,0.04,0.00,3.84,1.75,4.82,0.60,2.39,8.99,4.47,49.8%,2.17,1.02,47.1%,44.40,37.97,85.5%,9.84,7.29,74.0%,0.47,0.04,9.1%,0.13
Florian Wirtz,33,2388,0.19,0.26,-0.08,1.92,0.68,9.80%,0.14,13.34,143.6,10.8,5.73,51.3,0.3,0.45,0.04,0.79,0.04,1.28,0.41,4.33,0.08,0.49,7.58,3.47,45.8%,1.77,0.26,14.9%,53.56,45.26,84.5%,27.51,22.05,80.1%,0.68,0.00,0.0%,0.45
Freddie Potts,22,1167,0.00,0.02,-0.02,0.23,0.08,0.00%,0.07,6.56,68.1,10.4,3.24,32.7,0.8,0.00,0.00,0.00,0.00,2.24,1.31,2.93,0.23,2.39,6.02,3.47,57.7%,2.54,1.54,60.6%,41.03,34.32,83.7%,9.95,7.33,73.6%,0.46,0.00,0.0%,0.00
Gabriel Gudmundsson,32,2637,0.00,0.04,-0.04,0.61,0.10,0.00%,0.06,10.31,129.9,12.6,6.93,88.4,0.4,0.07,0.00,0.34,0.00,2.22,0.92,3.82,0.24,2.83,9.62,5.46,56.7%,1.71,0.61,36.0%,32.66,24.91,76.3%,8.91,5.77,64.8%,2.97,0.78,26.4%,0.03
Gabriel Magalhães,32,2751,0.10,0.10,0.00,0.88,0.23,11.11%,0.11,10.31,97.9,9.5,6.28,60.9,0.3,0.03,0.00,0.03,0.00,1.24,0.75,2.09,1.08,5.95,3.37,2.36,69.9%,5.20,3.24,62.3%,56.70,49.99,88.2%,9.78,6.71,68.6%,0.16,0.03,20.0%,0.13
Gabriel Martinelli,30,1073,0.08,0.33,-0.25,2.43,1.09,3.45%,0.14,11.32,145.4,12.8,6.96,70.5,0.8,0.42,0.08,0.42,0.08,1.01,0.08,4.36,0.08,0.84,8.72,3.94,45.2%,2.18,0.67,30.8%,21.89,15.85,72.4%,11.16,7.21,64.7%,2.77,0.59,21.2%,0.17
Georginio Rutter,32,1790,0.15,0.15,-0.00,2.11,0.70,7.14%,0.07,10.81,129.0,11.9,6.74,81.5,0.6,0.50,0.00,0.25,0.10,1.61,0.55,3.02,0.05,1.31,11.72,4.73,40.3%,2.51,0.96,38.0%,21.92,15.23,69.5%,11.41,7.64,67.0%,1.06,0.15,14.3%,0.40
Granit Xhaka,34,2903,0.03,0.03,-0.00,0.65,0.16,4.76%,0.05,10.79,107.7,10.0,5.55,50.5,0.3,0.06,0.00,0.03,0.00,1.55,0.90,5.55,0.62,2.64,5.15,3.07,59.6%,2.82,1.74,61.5%,56.02,46.88,83.7%,18.60,13.67,73.5%,0.81,0.22,26.9%,0.25
Habib Diarra,20,1407,0.13,0.22,-0.09,1.66,0.51,7.69%,0.13,9.53,108.0,11.3,5.18,57.9,0.7,0.58,0.00,0.19,0.06,0.90,0.26,3.07,0.00,0.83,6.65,3.01,45.2%,1.54,0.70,45.8%,27.89,22.84,81.9%,10.75,8.06,75.0%,2.05,0.26,12.5%,0.19
Hannibal Mejbri,27,1231,0.07,0.07,0.01,1.39,0.37,5.26%,0.05,13.67,153.1,11.2,8.12,94.5,0.9,0.44,0.00,0.51,0.22,2.12,0.58,4.75,0.22,0.51,12.72,7.02,55.2%,2.34,0.44,18.8%,37.29,28.81,77.3%,17.18,12.58,73.2%,1.83,0.66,36.0%,0.44
Harrison Armstrong,13,528,0.00,0.13,-0.13,0.85,0.34,0.00%,0.16,9.89,108.9,11.0,4.60,49.7,1.8,0.00,0.00,0.34,0.00,2.22,0.68,4.26,0.17,1.36,8.52,4.77,56.0%,2.22,1.02,46.2%,35.11,28.30,80.6%,15.00,10.40,69.3%,0.34,0.00,0.0%,0.17
Harry Maguire,23,1655,0.05,0.06,-0.01,0.76,0.22,7.14%,0.08,13.81,160.9,11.6,7.56,91.8,0.7,0.05,0.00,0.00,0.00,1.20,0.71,3.37,0.60,5.71,3.32,2.12,63.9%,4.30,3.21,74.7%,46.28,39.86,86.1%,6.15,3.59,58.4%,0.22,0.05,25.0%,0.00
Harry Wilson,36,2691,0.33,0.19,0.14,2.61,0.84,12.82%,0.07,8.93,100.2,11.2,3.85,30.9,0.3,0.87,0.10,0.37,0.07,0.97,0.50,2.74,0.10,1.61,5.32,2.81,52.8%,0.84,0.17,20.0%,25.99,21.10,81.2%,11.57,8.86,76.6%,1.40,0.37,26.2%,0.33
Harvey Barnes,37,1961,0.32,0.32,-0.00,2.66,0.96,12.07%,0.12,13.08,156.1,11.9,7.39,86.5,0.5,0.55,0.00,0.23,0.05,0.60,0.14,3.07,0.05,0.73,6.10,2.25,36.8%,1.06,0.32,30.4%,26.85,21.66,80.7%,14.59,11.20,76.7%,3.40,0.69,20.3%,0.09
Hjalmar Ekdal,19,1539,0.00,0.02,-0.02,0.35,0.06,0.00%,0.04,10.00,93.9,9.4,4.91,52.5,0.6,0.00,0.00,0.00,0.00,1.40,0.70,2.87,0.70,7.31,2.69,1.81,67.4%,4.91,3.04,61.9%,39.82,33.86,85.0%,4.39,2.22,50.7%,0.06,0.00,0.0%,0.06
Hugo Bueno,35,2364,0.04,0.03,0.01,0.61,0.23,6.25%,0.05,13.36,167.3,12.5,8.83,107.2,0.5,0.11,0.00,0.30,0.04,2.55,1.45,4.38,0.15,2.55,9.56,4.64,48.6%,1.60,0.72,45.2%,32.28,26.00,80.5%,9.10,6.81,74.9%,4.30,1.56,36.3%,0.00
Hugo Ekitiké,28,1810,0.55,0.49,0.06,3.23,0.94,16.92%,0.15,8.75,105.3,12.0,4.62,56.3,0.6,1.04,0.15,0.45,0.10,0.55,0.15,2.09,0.10,1.34,7.81,3.03,38.9%,4.08,1.54,37.8%,19.89,15.27,76.8%,11.19,8.06,72.0%,0.40,0.05,12.5%,0.10
Hwang Hee-Chan,26,1452,0.12,0.15,-0.02,1.18,0.37,10.53%,0.13,8.24,97.2,11.8,4.40,43.0,0.6,0.25,0.00,0.43,0.06,0.62,0.81,3.53,0.00,0.99,6.01,2.29,38.1%,1.24,0.37,30.0%,23.43,17.67,75.4%,9.05,6.14,67.8%,0.74,0.12,16.7%,0.25
Ian Maatsen,30,1599,0.00,0.07,-0.07,1.13,0.28,0.00%,0.06,12.95,154.5,11.9,7.94,81.4,0.6,0.00,0.00,0.34,0.00,2.42,1.07,4.62,0.06,3.60,9.96,4.67,46.9%,1.69,1.01,60.0%,40.24,34.62,86.0%,14.35,11.59,80.8%,2.70,0.51,18.8%,0.00
Ibrahim Sangaré,28,2080,0.09,0.05,0.04,0.69,0.22,12.50%,0.07,9.04,88.7,9.8,3.89,36.8,0.4,0.04,0.00,0.13,0.04,2.55,1.08,4.93,0.82,2.16,7.75,3.76,48.6%,2.21,1.04,47.1%,41.37,35.91,86.8%,10.08,7.79,77.3%,0.35,0.00,0.0%,0.13
Ibrahima Konaté,36,3100,0.03,0.04,-0.01,0.35,0.12,8.33%,0.10,14.17,141.6,10.0,8.16,86.1,0.3,0.00,0.00,0.03,0.00,1.54,0.84,3.40,0.67,5.52,4.21,2.79,66.2%,5.05,3.60,71.3%,62.94,56.41,89.6%,9.23,7.23,78.3%,0.09,0.03,33.3%,0.12
Idrissa Gueye,25,2101,0.09,0.09,0.00,1.24,0.30,6.90%,0.07,9.34,85.5,9.2,4.50,41.9,0.4,0.26,0.00,0.13,0.04,1.84,1.20,4.88,0.30,1.03,6.13,3.47,56.6%,1.07,0.56,52.0%,45.62,39.84,87.3%,13.96,11.14,79.8%,0.81,0.17,21.1%,0.17
Igor Jesus,37,2314,0.23,0.26,-0.02,2.72,0.82,8.57%,0.09,5.02,50.9,10.1,2.64,26.2,0.4,0.43,0.04,0.08,0.00,0.93,0.12,2.37,0.19,1.17,7.31,2.88,39.4%,8.05,3.11,38.6%,17.81,12.95,72.7%,6.69,4.24,63.4%,0.39,0.12,30.0%,0.04
Igor Thiago,38,3284,0.60,0.56,0.04,2.30,1.18,26.19%,0.25,4.88,56.8,11.6,2.38,27.0,0.3,0.44,0.08,0.14,0.00,1.04,0.33,2.55,0.19,1.75,6.41,2.49,38.9%,7.98,3.07,38.5%,17.27,11.95,69.2%,6.58,4.03,61.3%,0.52,0.19,36.8%,0.11
Ilia Gruev,23,1322,0.00,0.03,-0.03,0.48,0.07,0.00%,0.07,4.83,43.1,8.9,1.63,6.4,0.3,0.07,0.00,0.14,0.14,1.63,1.02,3.47,0.41,1.29,5.38,2.59,48.1%,2.31,0.95,41.2%,39.76,35.61,89.5%,6.74,5.45,80.8%,0.27,0.00,0.0%,0.07
Iliman Ndiaye,32,2786,0.19,0.22,-0.02,1.39,0.71,13.95%,0.16,15.38,187.5,12.2,8.08,79.5,0.3,0.71,0.06,0.39,0.03,2.26,0.52,5.75,0.06,0.61,11.69,5.81,49.7%,1.52,0.36,23.4%,30.40,25.52,84.0%,13.34,10.56,79.2%,1.78,0.23,12.7%,0.10
Ismaïla Sarr,28,2176,0.37,0.45,-0.08,1.99,0.87,18.75%,0.23,7.69,104.2,13.5,5.38,68.1,0.5,0.45,0.04,0.29,0.04,0.74,0.33,3.31,0.12,1.16,6.29,2.94,46.7%,3.68,0.99,27.0%,19.60,13.98,71.3%,8.85,5.63,63.5%,0.99,0.12,12.5%,0.08
Issa Diop,13,814,0.11,0.09,0.02,0.22,0.11,50.00%,0.40,13.71,133.0,9.7,6.86,73.1,1.2,0.00,0.00,0.00,0.00,0.66,0.66,2.10,0.77,4.64,2.32,1.11,47.6%,2.76,1.66,60.0%,54.62,47.87,87.7%,5.31,3.10,58.3%,0.11,0.00,0.0%,0.00
Jack Grealish,20,1631,0.11,0.12,-0.01,1.43,0.44,7.69%,0.08,17.99,216.7,12.0,9.82,95.9,0.5,0.55,0.06,0.77,0.17,1.16,0.66,4.80,0.33,0.61,10.32,5.63,54.5%,1.27,0.22,17.4%,31.62,26.60,84.1%,16.44,13.13,79.9%,2.15,0.55,25.6%,0.33
Jack Hinshelwood,27,1750,0.21,0.25,-0.05,1.90,0.77,10.81%,0.13,7.82,81.1,10.4,4.17,39.7,0.5,0.10,0.05,0.05,0.00,0.98,0.26,3.14,0.21,1.29,4.78,1.75,36.6%,1.80,0.62,34.3%,32.50,26.85,82.6%,10.70,7.71,72.1%,0.36,0.00,0.0%,0.21
Jackson Tchatchoua,31,1837,0.00,0.02,-0.02,0.10,0.05,0.00%,0.17,6.71,88.6,13.2,4.36,54.0,0.6,0.05,0.00,0.34,0.00,1.42,0.73,3.04,0.39,2.79,3.92,2.11,53.8%,2.65,1.13,42.6%,26.55,20.23,76.2%,7.74,4.90,63.3%,4.46,1.08,24.2%,0.00
Jacob Bruun Larsen,28,1023,0.00,0.12,-0.12,1.50,0.35,0.00%,0.08,9.24,104.5,11.3,4.93,56.0,1.0,0.18,0.00,0.26,0.00,1.06,0.53,2.73,0.09,1.14,5.63,1.94,34.4%,2.46,0.97,39.3%,25.69,20.94,81.5%,12.14,9.41,77.5%,2.11,0.44,20.8%,0.18
Jacob Murphy,33,1618,0.17,0.18,-0.01,2.34,0.72,7.14%,0.07,11.01,115.8,10.5,5.67,55.6,0.5,0.95,0.11,0.17,0.00,0.89,0.33,2.61,0.22,0.95,6.67,2.73,40.8%,1.06,0.39,36.8%,27.76,20.36,73.3%,14.13,9.62,68.1%,6.51,1.33,20.5%,0.22
Jacob Ramsey,28,1444,0.12,0.07,0.05,1.00,0.25,12.50%,0.07,13.59,164.2,12.1,6.36,64.6,0.6,0.06,0.00,0.44,0.00,2.56,0.56,5.30,0.25,0.62,7.67,4.36,56.9%,1.31,0.56,42.9%,44.07,39.58,89.8%,15.46,12.84,83.1%,0.56,0.25,44.4%,0.25
Jadon Sancho,23,873,0.00,0.06,-0.06,1.03,0.31,0.00%,0.06,12.27,147.4,12.0,6.39,72.9,1.2,0.62,0.00,0.62,0.00,0.72,0.21,2.68,0.00,0.93,5.88,2.58,43.9%,0.93,0.31,33.3%,38.97,32.58,83.6%,21.75,17.42,80.1%,1.96,0.21,10.5%,0.00
Jaidon Anthony,37,2735,0.26,0.17,0.09,1.81,0.76,14.55%,0.09,12.34,141.5,11.5,6.58,70.5,0.4,0.66,0.10,0.39,0.03,1.38,0.49,4.64,0.23,0.89,9.38,4.01,42.8%,1.22,0.39,32.4%,29.52,23.59,79.9%,10.86,7.80,71.8%,1.74,0.30,17.0%,0.13
Jair Cunha,9,516,0.00,0.05,-0.05,0.52,0.17,0.00%,0.10,5.58,52.0,9.3,2.79,27.8,1.7,0.00,0.00,0.00,0.00,1.57,0.87,2.27,0.35,5.41,4.36,2.97,68.0%,1.57,0.87,55.6%,38.55,30.87,80.1%,4.36,2.79,64.0%,0.35,0.00,0.0%,0.00
Jaka Bijol,25,1893,0.05,0.04,0.01,0.71,0.29,6.67%,0.06,11.79,130.5,11.1,7.42,79.8,0.5,0.00,0.00,0.00,0.00,1.24,1.14,3.00,0.67,7.61,3.00,1.81,60.3%,5.99,3.14,52.4%,48.02,40.74,84.8%,7.46,3.66,49.0%,0.05,0.00,0.0%,0.00
Jake O'Brien,37,3124,0.03,0.05,-0.02,0.37,0.17,7.69%,0.13,4.84,50.3,10.4,2.79,24.4,0.3,0.00,0.00,0.09,0.00,1.64,0.43,3.28,0.43,4.15,4.15,2.28,54.9%,5.04,3.34,66.3%,31.09,22.99,74.0%,8.24,5.16,62.6%,1.41,0.37,26.5%,0.06
James Garner,38,3414,0.05,0.05,-0.00,1.19,0.37,4.44%,0.05,12.18,126.3,10.4,5.06,46.7,0.2,0.08,0.00,0.13,0.05,3.16,1.56,4.85,0.26,2.24,7.75,4.72,60.9%,1.24,0.79,63.8%,47.27,41.23,87.2%,15.63,12.92,82.6%,1.95,0.47,24.3%,0.26
James Hill,29,2104,0.00,0.04,-0.04,0.51,0.09,0.00%,0.07,8.90,78.7,8.8,4.75,43.0,0.4,0.00,0.00,0.09,0.09,1.67,1.67,3.21,0.60,7.19,3.68,2.22,60.5%,7.44,4.88,65.5%,44.36,34.48,77.7%,8.30,3.46,41.8%,0.47,0.09,18.2%,0.09
James Justin,29,1896,0.09,0.08,0.02,1.14,0.28,8.33%,0.07,6.17,69.6,11.3,3.37,34.2,0.5,0.09,0.00,0.00,0.00,2.66,1.33,3.32,0.47,4.27,6.36,4.13,64.9%,3.51,1.90,54.1%,33.66,25.59,76.0%,8.64,5.08,58.8%,1.33,0.09,7.1%,0.05
James Milner,20,778,0.12,0.12,-0.00,0.93,0.23,12.50%,0.13,8.56,80.7,9.4,4.86,39.0,0.9,0.12,0.00,0.23,0.00,1.74,0.69,4.63,0.12,2.20,5.32,2.20,41.3%,1.85,0.69,37.5%,56.34,48.93,86.9%,15.96,11.92,74.6%,1.04,0.35,33.3%,0.12
James Tarkowski,37,3330,0.05,0.08,-0.02,0.57,0.27,9.52%,0.14,8.30,82.3,9.9,4.49,44.6,0.3,0.00,0.00,0.03,0.00,1.38,0.86,2.38,1.24,6.54,3.62,2.35,64.9%,5.73,4.00,69.8%,42.14,33.97,80.6%,8.73,4.08,46.8%,0.19,0.05,28.6%,0.24
James Ward-Prowse,18,1096,0.00,0.02,-0.02,0.41,0.16,0.00%,0.04,9.36,92.2,9.8,3.78,36.8,0.8,0.00,0.00,0.00,0.00,1.31,1.64,4.02,0.57,1.40,4.76,2.55,53.4%,1.81,0.82,45.5%,50.42,44.75,88.8%,13.06,9.61,73.6%,0.99,0.25,25.0%,0.08
Jamie Gittens,16,490,0.00,0.15,-0.15,1.84,0.37,0.00%,0.08,14.33,188.0,13.1,7.35,85.9,2.1,0.73,0.00,1.10,0.37,1.47,0.37,2.76,0.18,0.55,9.00,5.33,59.2%,1.84,0.55,30.0%,27.37,21.67,79.2%,12.49,9.00,72.1%,2.39,0.55,23.1%,0.37
Jan Paul van Hecke,36,3211,0.08,0.09,-0.01,0.64,0.28,13.04%,0.14,25.76,299.0,11.6,16.79,202.1,0.3,0.08,0.00,0.08,0.00,1.49,1.32,3.17,0.78,5.30,4.15,2.66,64.2%,5.44,3.20,58.8%,70.66,61.61,87.2%,13.99,9.33,66.7%,0.64,0.28,43.5%,0.03
Jarrad Branthwaite,10,681,0.13,0.05,0.09,0.79,0.26,16.67%,0.06,11.63,123.8,10.6,7.40,83.7,1.5,0.13,0.00,0.13,0.00,1.72,1.45,3.83,0.26,5.42,3.44,1.85,53.8%,5.02,3.96,78.9%,46.39,38.85,83.8%,11.89,8.72,73.3%,0.40,0.00,0.0%,0.00
Jarrod Bowen,38,3405,0.24,0.19,0.05,2.09,0.74,11.39%,0.09,10.44,138.1,13.2,7.11,89.5,0.3,0.71,0.05,0.48,0.11,1.32,0.71,4.20,0.16,1.03,8.91,4.02,45.1%,2.38,0.87,36.7%,20.96,15.46,73.8%,10.10,6.63,65.7%,2.38,0.34,14.4%,0.16
Jaydee Canvot,20,1334,0.00,0.10,-0.10,0.47,0.07,0.00%,0.21,10.46,119.3,11.4,6.75,79.8,0.8,0.00,0.00,0.07,0.00,2.63,0.81,3.64,0.88,6.95,5.73,3.24,56.5%,3.78,2.50,66.1%,51.61,45.54,88.2%,10.12,8.03,79.3%,0.34,0.00,0.0%,0.07
Jayden Bogle,34,2802,0.03,0.07,-0.04,0.58,0.13,5.56%,0.12,8.61,100.3,11.7,4.72,48.6,0.3,0.16,0.00,0.16,0.00,2.12,1.09,4.30,0.16,2.34,8.03,3.66,45.6%,1.70,0.77,45.3%,28.39,21.65,76.2%,9.25,5.52,59.7%,2.15,0.51,23.9%,0.06
Jean-Clair Todibo,23,1817,0.00,0.01,-0.01,0.10,0.00,0.00%,0.12,8.97,91.1,10.2,4.76,46.0,0.5,0.00,0.00,0.05,0.00,1.88,0.84,4.41,0.64,4.85,3.22,2.18,67.7%,2.48,1.24,50.0%,38.73,33.83,87.3%,4.71,3.07,65.3%,0.15,0.00,0.0%,0.00
Jean-Philippe Mateta,32,2222,0.49,0.59,-0.10,2.55,1.30,19.05%,0.23,4.58,50.6,11.1,2.67,25.8,0.4,0.41,0.00,0.08,0.00,0.41,0.24,2.31,0.20,1.86,5.14,1.74,33.9%,6.68,2.71,40.6%,12.76,7.94,62.2%,5.67,2.71,47.9%,0.45,0.20,45.5%,0.16
Jean-Ricner Bellegarde,26,1251,0.07,0.07,0.00,1.51,0.50,4.76%,0.05,12.45,161.3,13.0,7.05,93.3,1.0,0.50,0.00,0.07,0.00,2.01,0.72,3.17,0.22,1.44,10.14,6.19,61.0%,2.16,0.65,30.0%,30.79,24.46,79.4%,11.73,8.42,71.8%,1.22,0.29,23.5%,0.36
Jefferson Lerma,31,1724,0.00,0.10,-0.10,0.99,0.37,0.00%,0.10,7.15,64.3,9.0,3.24,27.0,0.4,0.05,0.00,0.10,0.00,1.51,1.31,5.32,0.21,3.18,5.79,2.98,51.4%,5.90,3.39,57.5%,45.47,36.13,79.5%,11.75,7.15,60.9%,0.63,0.26,41.7%,0.10
Jeremie Frimpong,21,1039,0.00,0.04,-0.04,0.87,0.17,0.00%,0.05,13.51,166.0,12.3,9.79,118.3,1.0,0.00,0.00,0.69,0.09,0.95,0.52,4.50,0.00,1.13,8.75,4.33,49.5%,1.47,0.61,41.2%,38.20,32.31,84.6%,16.46,13.60,82.6%,4.42,0.95,21.6%,0.00
Jhon Arias,23,1121,0.08,0.26,-0.18,1.28,0.24,6.25%,0.20,9.47,117.6,12.4,5.06,56.5,0.9,0.24,0.00,0.24,0.00,3.45,0.64,4.66,0.16,1.20,11.00,4.82,43.8%,2.25,0.80,35.7%,32.03,28.66,89.5%,10.28,8.83,85.9%,1.20,0.24,20.0%,0.00
Joachim Andersen,33,2877,0.00,0.05,-0.05,0.50,0.13,0.00%,0.09,17.39,181.8,10.5,10.48,103.3,0.3,0.03,0.00,0.03,0.03,1.41,1.13,3.57,0.59,7.16,3.53,1.94,54.9%,3.44,2.47,71.8%,71.17,61.25,86.1%,12.08,7.10,58.8%,0.47,0.13,26.7%,0.00
Joe Gomez,21,599,0.00,0.04,-0.04,0.75,0.15,0.00%,0.05,10.67,111.6,10.5,5.56,54.4,1.5,0.00,0.00,0.15,0.00,1.50,1.35,3.01,0.30,3.76,6.01,1.95,32.5%,3.91,1.95,50.0%,48.08,38.31,79.7%,11.57,7.06,61.0%,2.40,0.45,18.8%,0.00
Joe Rodon,35,2953,0.06,0.04,0.02,0.55,0.21,11.11%,0.08,7.83,79.7,10.2,4.14,45.9,0.3,0.00,0.00,0.03,0.00,1.13,0.88,2.59,0.67,5.64,2.62,1.68,64.0%,5.06,2.59,51.2%,44.19,38.61,87.4%,6.10,3.96,65.0%,0.18,0.09,50.0%,0.00
Joe Willock,24,980,0.00,0.12,-0.12,1.56,0.55,0.00%,0.07,12.77,158.8,12.4,7.62,93.8,1.1,0.55,0.00,0.18,0.09,1.84,0.83,4.78,0.18,0.55,8.72,3.49,40.0%,1.93,0.92,47.6%,32.97,27.73,84.1%,13.68,10.74,78.5%,1.38,0.28,20.0%,0.37
Joe Worrall,11,497,0.00,0.01,-0.01,0.18,0.00,0.00%,0.08,2.17,17.8,8.2,0.36,-0.5,-0.2,0.00,0.00,0.00,0.00,0.72,0.91,1.81,1.27,10.87,1.81,0.72,40.0%,7.61,3.80,50.0%,28.07,22.64,80.7%,3.98,1.09,27.3%,0.00,0.00,0.0%,0.00
Joelinton,27,1953,0.09,0.11,-0.02,1.47,0.51,6.25%,0.07,8.99,90.2,10.0,4.52,39.8,0.4,0.32,0.00,0.00,0.00,1.98,1.38,5.53,0.14,1.84,8.57,3.96,46.2%,5.07,2.90,57.3%,38.66,31.98,82.7%,12.07,9.63,79.8%,0.46,0.09,20.0%,0.09
John McGinn,30,2157,0.21,0.12,0.09,1.17,0.50,17.86%,0.11,9.14,99.5,10.9,4.13,38.2,0.4,0.17,0.08,0.50,0.08,1.21,0.50,3.71,0.21,0.63,8.64,4.01,46.4%,1.34,0.46,34.4%,31.46,25.91,82.4%,13.39,9.93,74.1%,2.09,0.54,26.0%,0.21
Jordan Henderson,32,1922,0.05,0.02,0.03,0.28,0.05,16.67%,0.06,9.69,96.8,10.0,4.17,29.1,0.3,0.05,0.00,0.09,0.00,1.26,0.80,4.59,0.33,1.59,3.18,1.64,51.5%,1.45,0.61,41.9%,54.22,42.24,77.9%,16.20,9.51,58.7%,1.78,0.56,31.6%,0.28
Jorge Cuenca,15,938,0.00,0.00,-0.00,0.10,0.00,0.00%,0.05,12.95,133.3,10.3,8.16,85.2,1.0,0.00,0.00,0.00,0.00,1.54,1.54,3.84,0.96,7.20,3.45,1.82,52.8%,3.07,1.63,53.1%,60.06,53.06,88.3%,7.29,4.22,57.9%,0.19,0.10,50.0%,0.10
Jorrel Hato,22,1142,0.00,0.02,-0.02,0.32,0.00,0.00%,0.08,10.09,92.3,9.1,4.65,38.4,0.7,0.08,0.00,0.00,0.00,2.84,1.42,3.94,0.55,3.07,6.46,3.55,54.9%,2.68,1.26,47.1%,59.97,55.17,92.0%,9.22,7.57,82.0%,0.55,0.32,57.1%,0.08
Josh Acheampong,17,663,0.14,0.09,0.05,0.54,0.27,25.00%,0.16,18.19,187.7,10.3,7.06,77.7,1.5,0.00,0.00,0.00,0.00,1.49,1.49,3.53,0.27,2.71,6.52,4.21,64.6%,2.44,1.49,61.1%,64.89,59.73,92.0%,7.06,5.16,73.1%,0.14,0.14,100.0%,0.00
Josh Cullen,18,1519,0.12,0.05,0.07,0.65,0.36,18.18%,0.08,6.16,56.5,9.2,2.78,25.7,0.5,0.00,0.00,0.06,0.00,1.84,1.30,4.33,0.65,2.07,5.21,2.90,55.7%,1.96,1.01,51.5%,51.31,43.13,84.1%,15.11,9.72,64.3%,0.47,0.00,0.0%,0.36
Josh King,32,1304,0.07,0.17,-0.10,1.79,0.76,3.85%,0.09,13.53,184.6,13.6,7.73,105.4,0.9,0.55,0.00,0.28,0.00,1.86,0.21,4.07,0.28,0.97,9.04,5.04,55.7%,1.52,0.21,13.6%,24.02,19.19,79.9%,10.21,7.59,74.3%,0.83,0.00,0.0%,0.14
Josh Laurent,33,1759,0.05,0.04,0.01,0.72,0.20,7.14%,0.06,7.01,81.0,11.6,4.14,44.5,0.5,0.20,0.00,0.15,0.00,2.46,1.38,3.27,0.41,2.00,7.42,3.48,46.9%,2.56,1.33,52.0%,32.90,25.69,78.1%,8.44,5.22,61.8%,0.77,0.20,26.7%,0.05
Joshua Zirkzee,24,608,0.30,0.44,-0.14,3.70,1.33,8.00%,0.12,5.92,61.5,10.4,2.66,26.6,1.5,0.30,0.15,0.15,0.00,1.33,0.15,2.81,0.30,1.63,7.25,2.96,40.8%,7.70,2.96,38.5%,36.27,26.94,74.3%,12.14,7.11,58.5%,0.74,0.30,40.0%,0.30
Josko Gvardiol,18,1374,0.13,0.16,-0.03,1.11,0.39,11.76%,0.14,20.17,225.0,11.2,11.53,125.1,0.7,0.13,0.00,0.00,0.00,1.18,0.98,3.28,0.59,4.00,3.34,1.77,52.9%,3.47,1.90,54.7%,68.58,61.31,89.4%,16.51,13.30,80.6%,0.13,0.07,50.0%,0.20
João Gomes,35,2833,0.03,0.04,-0.01,0.60,0.22,5.26%,0.07,14.04,161.4,11.5,6.70,57.8,0.3,0.16,0.00,0.06,0.00,3.40,1.14,6.16,0.19,1.43,12.52,6.32,50.5%,1.72,0.86,50.0%,46.22,39.55,85.6%,12.33,9.15,74.2%,1.02,0.35,34.4%,0.13
João Palhinha,33,2197,0.20,0.11,0.09,1.35,0.37,15.15%,0.08,6.43,60.8,9.5,2.91,25.5,0.4,0.04,0.00,0.00,0.00,4.51,1.23,3.77,0.49,2.38,10.28,6.43,62.5%,2.54,1.47,58.1%,42.77,35.07,82.0%,8.64,5.53,64.0%,0.16,0.00,0.0%,0.04
João Pedro,35,2674,0.50,0.50,0.00,2.46,0.94,20.55%,0.20,9.59,106.6,11.1,4.54,51.0,0.4,0.47,0.07,0.20,0.00,0.91,0.24,2.42,0.13,0.91,8.48,4.11,48.4%,5.18,2.49,48.1%,23.32,17.57,75.3%,9.66,6.60,68.3%,0.61,0.03,5.6%,0.47
Joël Veltman,24,1050,0.09,0.10,-0.01,0.34,0.09,25.00%,0.28,8.91,94.2,10.6,4.97,44.4,0.8,0.00,0.00,0.00,0.00,2.66,1.54,3.43,0.51,3.77,6.86,4.71,68.8%,2.74,1.71,62.5%,37.89,30.94,81.7%,11.31,8.31,73.5%,1.63,0.17,10.5%,0.09
Junior Kroupi,33,1683,0.70,0.45,0.25,2.78,1.18,25.00%,0.16,6.42,65.0,10.1,2.78,21.5,0.4,0.48,0.11,0.21,0.00,0.48,0.48,3.26,0.00,1.76,5.99,1.93,32.1%,1.60,0.43,26.7%,24.97,18.98,76.0%,9.63,6.42,66.7%,0.59,0.05,9.1%,0.21
Jurriën Timber,30,2457,0.11,0.17,-0.06,0.92,0.26,12.00%,0.19,8.86,95.6,10.8,5.49,57.1,0.4,0.04,0.00,0.29,0.04,2.42,0.88,3.55,0.22,1.94,7.22,3.92,54.3%,2.20,1.47,66.7%,39.74,33.88,85.3%,15.90,12.60,79.3%,1.68,0.22,13.0%,0.33
Justin Devenny,21,788,0.11,0.30,-0.19,1.48,0.46,7.69%,0.20,10.28,124.1,12.1,5.94,72.0,1.4,0.00,0.00,0.34,0.00,2.86,0.11,3.88,0.00,1.37,10.05,4.34,43.2%,3.43,0.91,26.7%,28.90,21.13,73.1%,10.85,6.85,63.2%,1.71,0.00,0.0%,0.23
Justin Kluivert,20,951,0.19,0.22,-0.03,1.61,0.38,11.76%,0.14,10.13,123.4,12.2,4.83,65.1,1.3,0.38,0.09,0.66,0.00,0.95,0.38,4.35,0.19,0.19,8.23,2.93,35.6%,2.74,0.57,20.7%,32.65,26.50,81.2%,16.37,12.87,78.6%,1.99,0.47,23.8%,0.38
Jérémy Doku,30,1784,0.25,0.14,0.11,1.97,0.76,12.82%,0.07,28.81,367.7,12.8,19.57,243.3,0.6,1.26,0.15,1.66,0.10,1.16,0.66,4.44,0.00,0.10,15.74,8.42,53.5%,0.61,0.20,33.3%,38.95,32.29,82.9%,24.92,19.47,78.1%,2.93,0.81,27.6%,0.91
Jørgen Strand Larsen,36,2316,0.16,0.21,-0.05,1.71,0.54,9.09%,0.12,3.30,31.7,9.6,1.48,12.1,0.3,0.23,0.00,0.04,0.00,0.35,0.16,1.44,0.27,1.48,5.75,1.59,27.7%,7.93,3.11,39.2%,19.16,12.36,64.5%,7.19,4.24,58.9%,0.12,0.00,0.0%,0.16
Kai Havertz,12,583,0.31,0.51,-0.20,2.78,0.62,11.11%,0.18,6.79,79.2,11.7,3.86,39.4,1.6,0.62,0.00,0.15,0.00,1.23,0.15,2.16,0.00,1.23,6.48,2.93,45.2%,6.48,2.62,40.5%,25.63,18.99,74.1%,13.74,9.73,70.8%,0.93,0.00,0.0%,0.15
Kaoru Mitoma,25,1721,0.16,0.21,-0.06,1.67,0.68,9.38%,0.13,13.65,171.2,12.5,8.73,103.2,0.6,0.47,0.00,0.63,0.00,0.94,0.47,3.24,0.05,0.89,8.84,3.50,39.6%,1.88,0.78,41.7%,30.02,24.74,82.4%,14.80,11.98,80.9%,2.41,0.42,17.4%,0.00
Keane Lewis-Potter,36,1968,0.14,0.14,-0.00,1.42,0.41,9.68%,0.10,8.37,99.0,11.8,4.89,52.7,0.5,0.18,0.00,0.23,0.05,1.05,0.55,4.39,0.09,1.69,6.59,3.43,52.1%,1.78,0.50,28.2%,25.98,20.17,77.6%,9.33,6.63,71.1%,3.06,0.96,31.3%,0.05
Kenny Tete,22,1794,0.05,0.05,0.00,0.80,0.15,6.25%,0.06,8.38,91.7,11.0,4.21,34.6,0.4,0.10,0.00,0.10,0.00,3.26,1.35,4.11,0.30,3.41,8.68,5.22,60.1%,2.26,1.35,60.0%,44.45,37.53,84.4%,9.18,7.27,79.2%,1.71,0.65,38.2%,0.05
Kevin,26,1037,0.09,0.10,-0.02,2.17,0.87,4.00%,0.05,16.58,208.1,12.6,12.67,159.4,1.1,0.61,0.00,0.43,0.00,1.82,0.78,4.17,0.00,0.69,15.71,7.12,45.3%,1.91,0.69,36.4%,29.42,22.48,76.4%,15.19,10.85,71.4%,2.86,0.95,33.3%,0.09
Kevin Danso,24,1491,0.00,0.04,-0.04,0.66,0.12,0.00%,0.05,14.61,149.5,10.2,8.21,84.1,0.6,0.00,0.00,0.00,0.00,1.63,1.51,2.72,0.60,8.15,4.59,2.47,53.9%,7.42,4.77,64.2%,57.59,50.04,86.9%,7.36,4.29,58.2%,0.42,0.00,0.0%,0.00
Kevin Schade,35,2757,0.26,0.40,-0.14,1.86,0.78,14.04%,0.21,7.12,96.8,13.6,4.70,60.6,0.4,0.39,0.10,0.29,0.03,1.34,0.59,3.07,0.10,1.01,8.42,3.36,39.9%,5.65,2.84,50.3%,17.20,11.65,67.7%,7.67,4.73,61.7%,0.69,0.13,19.1%,0.13
Kieran Trippier,21,1592,0.00,0.00,-0.00,0.11,0.00,0.00%,0.04,7.63,83.1,10.9,4.86,44.9,0.5,0.00,0.00,0.06,0.00,1.47,0.57,4.13,0.06,2.71,6.22,2.71,43.6%,2.71,1.36,50.0%,59.98,48.67,81.2%,22.39,15.77,70.5%,2.54,0.57,22.2%,0.11
Kiernan Dewsbury-Hall,31,2635,0.27,0.15,0.13,1.33,0.51,20.51%,0.11,10.21,121.9,11.9,5.46,67.7,0.4,0.27,0.07,0.38,0.07,1.78,0.41,4.58,0.14,0.96,8.37,4.30,51.4%,1.57,0.72,45.7%,35.04,28.90,82.5%,16.46,12.57,76.3%,1.78,0.34,19.2%,0.31
Kobbie Mainoo,28,1653,0.05,0.03,0.03,0.71,0.16,7.69%,0.04,14.05,151.3,10.8,7.68,78.9,0.6,0.16,0.00,0.22,0.00,1.96,1.09,5.17,0.54,1.36,8.00,4.19,52.4%,2.12,0.82,38.5%,57.01,50.85,89.2%,14.48,12.47,86.1%,0.71,0.22,30.8%,0.16
Konstantinos Mavropanos,31,2528,0.11,0.09,0.02,0.82,0.28,13.04%,0.11,9.54,93.8,9.8,4.91,52.2,0.4,0.00,0.00,0.00,0.00,1.42,1.74,3.67,0.96,6.91,2.92,1.78,61.0%,4.38,2.99,68.3%,41.69,34.28,82.2%,6.84,3.49,51.0%,0.14,0.04,25.0%,0.00
Kristoffer Ajer,27,1807,0.00,0.04,-0.04,0.50,0.15,0.00%,0.08,7.97,98.5,12.4,4.53,59.1,0.6,0.05,0.00,0.00,0.00,1.84,0.90,2.94,0.80,5.93,4.43,2.24,50.6%,5.23,2.99,57.1%,35.16,28.14,80.0%,6.38,2.84,44.5%,0.35,0.05,14.3%,0.00
Kyle Walker,36,3097,0.00,0.00,-0.00,0.12,0.00,0.00%,0.04,7.70,88.6,11.5,4.18,43.1,0.3,0.03,0.00,0.09,0.00,1.63,1.31,4.50,0.26,2.96,4.91,2.64,53.8%,2.67,1.37,51.1%,41.88,32.40,77.4%,11.65,7.47,64.1%,0.93,0.17,18.8%,0.09
Kyle Walker-Peters,23,1380,0.07,0.07,-0.01,0.33,0.20,20.00%,0.23,9.13,100.6,11.0,5.93,57.3,0.6,0.07,0.00,0.13,0.00,2.87,0.59,3.85,0.26,2.22,8.48,5.54,65.4%,2.02,0.78,38.7%,38.87,33.26,85.6%,12.39,9.91,80.0%,1.30,0.07,5.0%,0.07
Ladislav Krejcí,28,2361,0.08,0.08,-0.01,0.80,0.38,9.52%,0.11,10.37,105.2,10.1,5.64,53.3,0.4,0.00,0.00,0.04,0.00,1.22,1.22,3.01,0.57,4.46,3.58,1.52,42.6%,4.31,2.44,56.6%,50.20,41.44,82.5%,10.03,5.64,56.3%,0.65,0.15,23.5%,0.04
Lamare Bogarde,28,1047,0.00,0.00,0.00,0.00,0.00,0.00%,0.00,9.63,98.5,10.2,3.95,29.8,0.6,0.00,0.00,0.00,0.00,2.23,0.43,3.70,0.52,1.98,7.31,4.13,56.5%,2.06,0.77,37.5%,43.41,38.94,89.7%,9.54,8.08,84.7%,0.17,0.09,50.0%,0.00
Leandro Trossard,31,2006,0.27,0.25,0.02,2.38,0.67,11.32%,0.10,13.37,156.5,11.7,6.51,58.3,0.4,0.63,0.04,0.58,0.18,1.21,0.40,3.59,0.13,0.63,8.52,4.04,47.4%,0.85,0.27,31.6%,33.96,26.16,77.0%,18.39,12.61,68.5%,2.42,0.54,22.2%,0.58
Leny Yoro,32,1739,0.00,0.07,-0.07,0.47,0.16,0.00%,0.15,12.16,138.8,11.4,7.04,83.2,0.6,0.00,0.00,0.00,0.00,1.66,1.60,3.78,0.57,4.40,3.62,2.02,55.7%,4.04,2.28,56.4%,51.08,45.18,88.5%,8.85,6.83,77.2%,0.16,0.05,33.3%,0.05
Lesley Ugochukwu,35,2350,0.11,0.10,0.02,0.88,0.31,13.04%,0.11,8.66,93.0,10.7,4.40,42.0,0.4,0.23,0.04,0.15,0.04,1.95,0.69,3.83,0.80,0.92,7.24,3.68,50.8%,2.18,1.00,45.6%,30.18,25.16,83.4%,8.73,6.24,71.5%,0.27,0.04,14.3%,0.04
Lewis Cook,18,872,0.00,0.01,-0.01,0.31,0.00,0.00%,0.03,12.49,160.0,12.8,7.12,99.9,1.4,0.10,0.00,0.41,0.00,2.58,2.48,6.40,0.62,2.68,5.37,3.41,63.5%,2.58,0.93,36.0%,51.40,44.28,86.1%,13.11,8.88,67.7%,1.44,0.52,35.7%,0.00
Lewis Dunk,33,2837,0.03,0.05,-0.02,0.76,0.10,4.17%,0.07,15.39,151.3,9.8,6.79,62.7,0.3,0.00,0.00,0.00,0.00,1.11,0.95,4.31,0.82,4.50,2.89,1.62,56.0%,4.00,2.41,60.3%,79.06,73.00,92.3%,8.66,6.03,69.6%,0.16,0.03,20.0%,0.03
Lewis Hall,30,2179,0.04,0.04,-0.00,1.03,0.25,4.00%,0.04,13.88,152.5,11.0,8.05,83.8,0.4,0.21,0.00,0.12,0.00,2.23,1.16,5.53,0.58,3.18,9.62,5.45,56.7%,2.40,1.07,44.8%,52.08,44.40,85.3%,16.98,13.38,78.8%,2.52,0.45,18.0%,0.12
Lewis Miley,23,1493,0.06,0.08,-0.02,0.72,0.24,8.33%,0.11,11.75,125.7,10.7,4.88,39.5,0.5,0.00,0.00,0.24,0.00,1.75,1.21,4.16,0.18,2.05,4.34,2.65,61.1%,3.74,2.71,72.6%,50.64,45.45,89.8%,14.11,11.57,82.0%,1.33,0.18,13.6%,0.00
Liam Delap,28,1102,0.08,0.37,-0.28,2.94,0.90,2.78%,0.12,6.86,75.2,11.0,3.92,42.8,0.9,0.49,0.00,0.00,0.00,0.41,0.08,2.04,0.00,0.90,7.51,2.78,37.0%,4.82,2.04,42.4%,15.44,10.78,69.8%,7.60,4.74,62.4%,0.49,0.00,0.0%,0.16
Lisandro Martínez,18,1231,0.00,0.01,-0.01,0.37,0.00,0.00%,0.03,20.03,207.2,10.3,12.65,140.6,0.8,0.00,0.00,0.00,0.00,1.39,0.88,4.90,0.80,4.53,3.73,2.56,68.6%,1.54,0.88,57.1%,68.65,61.71,89.9%,12.06,8.55,70.9%,0.15,0.07,50.0%,0.22
Loum Tchaouna,29,1270,0.14,0.09,0.05,1.63,0.64,8.70%,0.05,6.87,84.8,12.3,4.11,47.1,0.8,0.28,0.07,0.57,0.00,1.28,0.14,2.69,0.07,0.71,6.87,2.83,41.2%,2.76,0.99,35.9%,24.24,18.21,75.2%,10.13,6.94,68.5%,2.41,0.71,29.4%,0.07
Lucas Bergvall,23,966,0.09,0.13,-0.04,1.12,0.47,8.33%,0.12,11.09,138.9,12.5,5.03,60.5,1.1,0.00,0.00,0.28,0.09,2.05,0.19,3.63,0.19,1.21,8.66,4.10,47.3%,1.77,0.47,26.3%,28.42,23.20,81.6%,11.27,8.01,71.1%,1.86,0.28,15.0%,0.28
Lucas Digne,31,1852,0.00,0.03,-0.03,0.68,0.24,0.00%,0.05,5.73,55.7,9.7,3.55,31.0,0.4,0.00,0.00,0.19,0.10,1.75,0.73,3.06,0.19,2.96,4.67,2.53,54.2%,2.96,1.70,57.4%,35.52,28.72,80.8%,11.37,8.70,76.5%,3.55,0.87,24.7%,0.05
Lucas Paquetá,18,1521,0.24,0.17,0.07,1.36,0.65,17.39%,0.12,9.53,93.5,9.8,4.14,32.1,0.5,0.12,0.06,0.06,0.00,2.31,0.47,4.50,0.36,1.01,10.41,5.03,48.3%,5.27,2.25,42.7%,46.69,35.98,77.1%,18.58,12.01,64.7%,1.18,0.18,15.0%,0.59
Lucas Pires,20,1406,0.00,0.04,-0.04,1.02,0.26,0.00%,0.04,10.37,108.7,10.5,5.06,49.1,0.6,0.19,0.00,0.32,0.00,1.86,1.28,5.50,0.32,2.50,6.98,3.26,46.8%,0.77,0.19,25.0%,35.85,30.09,83.9%,11.46,8.96,78.2%,2.37,0.32,13.5%,0.13
Lukas Nmecha,31,1073,0.50,0.61,-0.10,2.52,1.34,20.00%,0.24,6.04,75.2,12.4,3.36,43.0,1.1,0.42,0.08,0.17,0.00,1.01,0.25,2.60,0.08,0.92,6.63,2.94,44.3%,6.79,2.68,39.5%,18.12,11.91,65.7%,8.05,4.70,58.3%,0.84,0.00,0.0%,0.00
Luke O'Nien,12,564,0.00,0.02,-0.02,0.64,0.16,0.00%,0.04,9.10,115.3,12.7,4.95,74.8,2.4,0.00,0.00,0.00,0.00,0.96,0.96,1.60,0.16,4.79,3.51,2.39,68.2%,3.51,1.44,40.9%,39.10,32.71,83.7%,8.62,5.43,63.0%,1.12,0.00,0.0%,0.00
Luke Shaw,38,3231,0.03,0.02,0.01,0.28,0.08,10.00%,0.07,10.00,108.1,10.8,5.88,63.1,0.3,0.06,0.00,0.14,0.00,2.06,1.28,2.98,0.25,2.65,5.15,2.90,56.2%,3.29,1.78,54.2%,47.69,41.39,86.8%,10.56,8.61,81.5%,1.17,0.17,14.3%,0.11
Lutsharel Geertruida,28,1685,0.00,0.06,-0.06,0.59,0.16,0.00%,0.10,8.39,84.5,10.1,3.95,37.8,0.5,0.16,0.00,0.16,0.00,1.98,1.01,3.79,0.48,2.51,4.59,2.72,59.3%,1.39,0.64,46.2%,39.69,34.18,86.1%,8.12,6.36,78.3%,0.48,0.11,22.2%,0.05
Lyle Foster,26,1372,0.20,0.21,-0.02,1.31,0.39,15.00%,0.16,5.51,66.2,12.0,2.69,33.5,0.8,0.26,0.00,0.20,0.00,1.05,0.26,2.76,0.20,1.31,7.22,2.49,34.5%,6.43,1.84,28.6%,18.37,12.86,70.0%,8.66,5.18,59.9%,0.39,0.07,16.7%,0.07
Malick Thiaw,35,2964,0.12,0.14,-0.02,0.85,0.43,14.29%,0.17,12.66,128.7,10.2,7.50,77.0,0.3,0.03,0.00,0.00,0.00,1.34,0.94,3.58,1.00,5.59,2.98,1.88,63.3%,5.31,3.46,65.1%,51.47,46.12,89.6%,7.71,5.83,75.6%,0.24,0.03,12.5%,0.03
Malo Gusto,34,2267,0.08,0.06,0.02,0.48,0.24,16.67%,0.13,12.39,129.9,10.5,6.39,51.7,0.3,0.12,0.00,0.36,0.04,2.10,1.23,4.84,0.08,1.55,6.15,3.41,55.5%,1.31,0.60,45.5%,50.18,43.55,86.8%,15.05,12.23,81.3%,2.30,0.48,20.7%,0.36
Manuel Ugarte,22,881,0.00,0.07,-0.07,1.33,0.10,0.00%,0.05,12.57,124.0,9.9,5.31,50.5,1.0,0.20,0.00,0.00,0.00,4.70,2.04,5.21,0.51,2.04,12.46,6.95,55.7%,2.66,1.12,42.3%,51.28,43.62,85.1%,12.57,9.91,78.9%,0.10,0.00,0.0%,0.10
Marc Cucurella,34,2710,0.03,0.08,-0.04,0.66,0.20,5.00%,0.12,7.34,75.5,10.3,5.25,54.9,0.3,0.03,0.00,0.43,0.00,1.83,1.06,3.75,0.27,2.89,5.28,2.79,52.8%,2.29,1.20,52.2%,47.99,42.11,87.8%,13.38,10.99,82.1%,1.43,0.43,30.2%,0.07
Marc Guéhi,35,3150,0.09,0.12,-0.03,0.91,0.26,9.38%,0.13,16.74,179.3,10.7,9.43,98.7,0.3,0.00,0.00,0.09,0.03,1.31,1.43,3.94,0.63,4.69,4.23,2.60,61.5%,4.51,2.94,65.2%,65.97,59.14,89.7%,14.14,11.37,80.4%,0.49,0.09,17.6%,0.09
Marcos Senesi,37,3290,0.00,0.04,-0.04,0.47,0.14,0.00%,0.09,16.22,161.9,10.0,10.61,112.8,0.3,0.03,0.00,0.16,0.08,1.70,1.53,4.21,1.29,6.92,4.98,2.84,57.1%,5.25,2.52,47.9%,63.44,49.27,77.7%,16.99,9.03,53.1%,0.71,0.22,30.8%,0.38
Marcus Edwards,23,1064,0.08,0.13,-0.04,1.95,0.51,4.35%,0.06,15.65,190.2,12.2,8.12,88.5,0.9,0.68,0.00,0.59,0.08,0.93,0.17,4.23,0.00,0.34,9.90,3.64,36.8%,0.85,0.17,20.0%,28.59,23.60,82.5%,14.38,11.25,78.2%,1.61,0.42,26.3%,0.25
Marcus Tavernier,34,2738,0.23,0.30,-0.07,2.30,0.79,10.00%,0.13,13.77,161.2,11.7,6.77,77.2,0.4,0.72,0.00,0.62,0.00,1.31,0.56,4.93,0.20,1.28,8.45,3.75,44.4%,2.04,0.79,38.7%,37.08,31.00,83.6%,17.59,13.94,79.3%,2.20,0.30,13.4%,0.36
Marshall Munetsi,13,873,0.10,0.17,-0.06,1.44,0.62,7.14%,0.11,3.92,45.3,11.6,2.78,30.1,1.1,0.21,0.00,0.00,0.00,2.16,0.72,2.06,0.21,3.09,8.04,3.61,44.9%,6.60,3.09,46.9%,17.42,11.03,63.3%,8.66,4.85,56.0%,1.44,0.31,21.4%,0.00
Martin Ødegaard,24,1370,0.07,0.08,-0.02,1.45,0.53,4.55%,0.06,21.35,247.8,11.6,9.33,90.7,0.6,0.59,0.00,0.92,0.13,1.25,0.46,4.60,0.00,0.39,5.85,2.43,41.6%,0.53,0.20,37.5%,54.39,46.05,84.7%,26.15,20.04,76.6%,0.79,0.20,25.0%,1.31
Martín Zubimendi,38,3001,0.15,0.09,0.06,0.81,0.27,18.52%,0.11,12.51,134.3,10.7,6.27,63.6,0.3,0.06,0.00,0.09,0.00,2.04,1.17,3.48,0.15,2.34,4.74,2.64,55.7%,2.94,1.95,66.3%,57.82,50.50,87.3%,15.89,12.42,78.1%,0.36,0.09,25.0%,0.27
Mason Mount,23,1018,0.27,0.13,0.13,1.68,0.44,15.79%,0.08,7.16,74.6,10.4,3.62,34.6,0.8,0.27,0.00,0.18,0.00,2.12,0.80,5.30,0.09,0.80,8.31,3.80,45.7%,1.86,0.62,33.3%,37.93,30.94,81.6%,15.91,12.91,81.1%,1.15,0.00,0.0%,0.62
Mateus Fernandes,36,3024,0.09,0.06,0.03,0.83,0.24,10.71%,0.07,10.83,127.9,11.8,4.88,51.7,0.3,0.21,0.00,0.18,0.03,3.07,1.04,5.42,0.36,1.07,9.52,5.36,56.3%,1.16,0.57,48.7%,46.49,40.65,87.5%,13.57,10.30,75.9%,0.86,0.18,20.7%,0.42
Mateus Mané,27,1790,0.15,0.10,0.05,2.11,0.85,7.14%,0.05,11.01,136.9,12.4,7.49,97.7,0.7,0.96,0.05,0.20,0.00,1.41,0.25,3.87,0.05,1.31,11.92,5.33,44.7%,2.31,0.40,17.4%,18.85,14.38,76.3%,8.09,5.58,68.9%,2.31,0.55,23.9%,0.20
Matheus Cunha,33,2503,0.36,0.25,0.11,3.24,1.26,11.11%,0.08,14.60,184.9,12.7,8.59,114.5,0.5,1.26,0.11,0.40,0.07,1.40,0.76,4.57,0.11,0.79,10.03,4.89,48.7%,2.66,1.01,37.8%,31.64,25.46,80.5%,13.45,10.18,75.7%,1.55,0.40,25.6%,0.32
Matheus Nunes,34,2865,0.03,0.01,0.02,0.22,0.06,14.29%,0.05,16.15,175.1,10.8,8.29,88.6,0.3,0.06,0.00,0.19,0.06,1.79,0.94,5.31,0.25,3.14,6.22,3.61,58.1%,2.17,1.32,60.9%,67.76,60.38,89.1%,22.12,18.85,85.2%,2.07,0.50,24.2%,0.16
Mathias Jensen,36,2252,0.12,0.09,0.03,1.16,0.32,10.34%,0.08,9.43,89.3,9.5,4.28,30.6,0.3,0.32,0.08,0.20,0.00,1.64,0.84,4.68,0.16,1.48,6.79,3.00,44.1%,1.16,0.32,27.6%,44.84,36.25,80.8%,17.58,12.27,69.8%,1.92,0.52,27.1%,0.52
Mathys Tel,31,1342,0.27,0.16,0.10,2.35,0.54,11.43%,0.07,16.70,208.3,12.5,9.59,99.0,0.7,0.74,0.07,0.47,0.00,1.27,0.40,4.83,0.13,0.80,12.54,5.43,43.3%,3.42,1.07,31.4%,24.08,18.64,77.4%,10.53,7.51,71.3%,2.88,0.80,27.9%,0.00
Mats Wieffer,26,1908,0.09,0.09,0.00,0.85,0.28,11.11%,0.11,10.00,100.7,10.1,5.05,41.9,0.4,0.19,0.00,0.14,0.00,3.11,1.18,4.86,0.33,3.35,9.15,4.53,49.5%,4.25,2.08,48.9%,41.56,34.58,83.2%,11.51,8.77,76.2%,0.75,0.14,18.8%,0.14
Matt Doherty,11,791,0.00,0.01,-0.01,0.34,0.00,0.00%,0.03,6.03,58.7,9.7,2.84,20.2,0.8,0.00,0.00,0.11,0.00,1.82,0.80,3.19,0.68,4.21,5.92,2.73,46.2%,3.53,2.39,67.7%,33.91,27.31,80.5%,7.17,4.55,63.5%,0.80,0.23,28.6%,0.00
Matthijs de Ligt,13,1170,0.08,0.11,-0.04,0.85,0.23,9.09%,0.13,8.46,68.5,8.1,3.62,26.2,0.6,0.08,0.00,0.08,0.00,1.46,1.15,3.08,0.46,5.23,2.85,1.85,64.9%,6.23,3.85,61.7%,47.08,41.31,87.8%,4.54,2.69,59.3%,0.38,0.31,80.0%,0.15
Matty Cash,35,3020,0.09,0.04,0.05,0.89,0.30,10.00%,0.04,10.31,104.8,10.2,4.17,26.6,0.2,0.24,0.03,0.15,0.00,1.97,0.66,2.62,0.42,2.50,6.17,3.13,50.7%,1.76,0.95,54.2%,41.51,35.49,85.5%,12.67,9.83,77.7%,2.47,0.42,16.9%,0.06
Maxence Lacroix,35,3087,0.03,0.07,-0.04,0.70,0.20,4.17%,0.10,12.07,113.3,9.4,6.33,62.7,0.3,0.00,0.00,0.03,0.00,1.75,1.31,2.74,0.50,7.35,4.05,2.48,61.2%,5.66,3.47,61.3%,48.28,42.57,88.2%,5.13,2.68,52.3%,0.15,0.06,40.0%,0.03
Maxim De Cuyper,30,1414,0.13,0.12,0.01,0.83,0.38,15.38%,0.14,8.78,87.4,10.0,4.96,49.6,0.6,0.00,0.00,0.38,0.06,1.46,0.76,4.33,0.13,1.78,6.17,3.25,52.6%,1.97,0.64,32.3%,44.05,37.11,84.3%,11.97,8.59,71.8%,2.48,1.02,41.0%,0.06
Maxime Estève,34,2937,0.00,0.02,-0.02,0.31,0.03,0.00%,0.07,6.37,67.3,10.6,3.77,40.8,0.3,0.00,0.00,0.00,0.00,1.35,1.13,3.49,0.98,6.77,2.82,1.81,64.1%,3.62,2.45,67.8%,41.28,35.85,86.9%,4.78,2.82,59.0%,0.18,0.06,33.3%,0.00
Maximilian Kilman,21,1559,0.00,0.03,-0.03,0.40,0.06,0.00%,0.08,9.01,92.9,10.3,4.68,53.6,0.7,0.00,0.00,0.00,0.00,0.92,0.52,2.48,1.39,6.41,2.89,1.27,44.0%,4.73,2.71,57.3%,39.66,34.87,87.9%,4.85,2.48,51.2%,0.17,0.06,33.3%,0.00
Merlin Röhl,16,677,0.13,0.10,0.03,1.46,0.13,9.09%,0.07,7.05,96.4,13.7,3.99,58.2,1.9,0.27,0.00,0.40,0.00,3.32,0.53,3.72,0.27,1.20,11.17,4.65,41.7%,5.05,1.99,39.5%,22.47,17.42,77.5%,7.71,5.32,69.0%,0.66,0.40,60.0%,0.00
Michael Kayode,37,3264,0.03,0.03,-0.00,0.25,0.08,11.11%,0.13,10.01,122.5,12.2,5.29,58.5,0.3,0.08,0.00,0.19,0.00,1.85,1.05,4.49,0.36,2.73,8.30,4.74,57.1%,1.88,1.13,60.3%,31.46,26.75,85.0%,7.14,5.13,71.8%,1.54,0.39,25.0%,0.06
Michael Keane,33,2590,0.10,0.08,0.03,0.90,0.24,11.54%,0.08,6.53,59.3,9.1,3.41,28.4,0.3,0.03,0.00,0.00,0.00,1.25,1.29,3.06,0.90,7.05,2.92,1.67,57.1%,6.08,3.86,63.4%,38.29,32.73,85.5%,5.39,2.81,52.3%,0.03,0.00,0.0%,0.07
Micky van de Ven,35,3043,0.12,0.07,0.04,0.47,0.18,25.00%,0.16,10.88,127.3,11.7,5.89,70.4,0.4,0.00,0.00,0.03,0.00,1.15,0.65,3.61,0.65,3.87,3.49,2.13,61.0%,2.99,1.39,46.5%,52.35,47.35,90.5%,4.70,3.28,69.8%,0.09,0.00,0.0%,0.00
Mikel Merino,22,1027,0.35,0.30,0.05,1.93,0.70,18.18%,0.15,5.78,57.2,9.9,2.45,23.2,0.8,0.09,0.00,0.18,0.09,2.28,0.88,5.00,0.18,1.67,8.85,4.47,50.5%,6.22,2.45,39.4%,32.42,24.63,76.0%,13.15,8.50,64.7%,0.35,0.00,0.0%,1.05
Mikkel Damsgaard,33,2057,0.18,0.11,0.06,1.27,0.48,13.79%,0.09,11.20,119.3,10.7,6.56,66.5,0.4,0.35,0.04,0.44,0.04,2.49,1.09,6.08,0.18,0.70,9.84,4.24,43.1%,2.01,0.83,41.3%,41.61,31.76,76.3%,19.69,13.52,68.7%,1.97,0.53,26.7%,0.61
Milos Kerkez,34,2260,0.08,0.06,0.02,0.36,0.08,22.22%,0.18,9.48,112.1,11.8,5.85,62.5,0.4,0.08,0.00,0.36,0.00,1.63,0.56,3.50,0.32,2.83,5.06,3.23,63.8%,2.63,1.31,50.0%,42.61,36.36,85.3%,15.49,12.23,78.9%,3.15,0.60,19.0%,0.08
Mohamed Salah,27,2148,0.29,0.34,-0.05,2.85,0.80,10.29%,0.12,12.82,153.2,11.9,7.58,79.0,0.4,1.05,0.13,0.59,0.04,0.71,0.17,3.39,0.04,0.29,7.29,2.18,29.9%,1.13,0.34,29.6%,33.23,25.56,76.9%,20.36,14.83,72.8%,2.47,0.34,13.6%,0.63
Mohammed Kudus,19,1545,0.12,0.11,0.00,1.51,0.52,7.69%,0.07,15.38,182.4,11.9,7.75,68.8,0.5,0.35,0.00,0.35,0.00,1.69,0.17,5.53,0.00,0.35,13.63,5.59,41.0%,1.69,0.64,37.9%,25.86,22.14,85.6%,12.29,10.37,84.4%,4.31,1.05,24.3%,0.00
Moisés Caicedo,33,2802,0.10,0.05,0.05,0.87,0.22,11.11%,0.05,12.46,118.2,9.5,5.75,52.7,0.3,0.22,0.03,0.10,0.00,2.79,1.90,5.69,0.48,0.90,8.51,5.04,59.2%,1.41,0.48,34.1%,65.94,60.48,91.7%,15.48,12.66,81.7%,0.22,0.06,28.6%,0.39
Morato,21,1342,0.07,0.09,-0.02,0.34,0.13,20.00%,0.26,9.59,98.2,10.2,5.10,55.6,0.7,0.00,0.00,0.00,0.00,2.01,0.74,3.55,0.87,5.83,4.36,2.82,64.6%,2.48,1.54,62.2%,50.77,43.32,85.3%,6.24,3.82,61.3%,0.13,0.00,0.0%,0.07
Morgan Gibbs-White,37,3110,0.43,0.31,0.12,2.40,0.93,18.07%,0.13,9.90,117.7,11.9,5.70,67.4,0.3,0.29,0.03,0.41,0.03,0.58,0.38,3.18,0.09,0.93,5.93,2.58,43.4%,3.39,1.19,35.0%,34.96,28.36,81.1%,16.87,12.70,75.3%,1.22,0.26,21.4%,0.29
Morgan Rogers,37,3285,0.27,0.19,0.09,2.30,0.88,11.90%,0.08,11.37,134.3,11.8,6.11,69.1,0.3,0.82,0.08,0.44,0.03,1.15,0.36,3.81,0.05,0.88,9.70,3.62,37.3%,2.41,0.71,29.5%,29.26,21.84,74.6%,14.49,10.27,70.9%,1.34,0.08,6.1%,0.55
Murillo,25,2133,0.04,0.03,0.01,0.46,0.17,9.09%,0.07,8.48,82.0,9.7,4.64,41.6,0.4,0.04,0.00,0.13,0.00,1.48,1.43,4.30,0.93,5.49,3.88,2.11,54.3%,1.94,1.01,52.2%,47.76,39.92,83.6%,8.69,5.49,63.1%,0.08,0.00,0.0%,0.13
Myles Lewis-Skelly,20,698,0.00,0.01,-0.01,0.26,0.00,0.00%,0.05,10.32,106.7,10.3,6.06,68.4,1.5,0.00,0.00,0.00,0.00,1.03,0.64,3.87,0.13,1.42,7.09,4.13,58.2%,2.19,0.77,35.3%,49.26,45.13,91.6%,11.73,10.32,87.9%,0.00,0.00,0.0%,0.00
Nathan Aké,18,688,0.00,0.09,-0.09,0.78,0.13,0.00%,0.12,15.17,162.7,10.7,9.42,105.6,1.5,0.00,0.00,0.13,0.00,1.05,0.65,2.22,0.13,4.06,2.88,2.09,72.7%,3.92,2.35,60.0%,64.88,57.56,88.7%,17.66,14.39,81.5%,0.52,0.39,75.0%,0.00
Nathan Collins,35,2972,0.03,0.07,-0.04,0.61,0.18,5.00%,0.11,11.51,131.7,11.4,6.60,81.6,0.4,0.03,0.00,0.03,0.00,0.94,1.12,4.21,1.21,6.33,2.91,1.67,57.3%,4.91,2.70,54.9%,53.09,44.12,83.1%,7.78,3.82,49.0%,0.03,0.03,100.0%,0.00
Nathaniel Clyne,10,596,0.00,0.06,-0.06,0.45,0.00,0.00%,0.14,6.34,61.1,9.6,3.32,26.8,1.2,0.15,0.00,0.30,0.15,2.42,0.76,2.57,0.30,3.93,5.13,3.17,61.8%,1.21,0.30,25.0%,27.79,22.20,79.9%,8.31,6.04,72.7%,2.42,0.30,12.5%,0.00
Neco Williams,37,3206,0.06,0.06,0.00,1.29,0.53,4.35%,0.04,11.03,123.9,11.2,6.26,68.9,0.3,0.20,0.00,0.20,0.00,2.69,1.32,4.60,0.48,2.47,8.65,4.97,57.5%,2.19,1.09,50.0%,37.20,30.43,81.8%,11.90,8.59,72.2%,3.40,0.65,19.0%,0.00
Nick Woltemade,33,1912,0.38,0.31,0.07,1.51,0.61,25.00%,0.21,5.13,54.2,10.6,2.21,17.9,0.4,0.05,0.00,0.19,0.00,1.13,0.24,2.49,0.09,0.99,7.06,2.68,38.0%,4.28,1.65,38.5%,18.08,13.79,76.3%,7.96,5.41,68.0%,0.14,0.00,0.0%,0.19
Nico González,25,1567,0.06,0.04,0.02,0.80,0.11,7.14%,0.05,15.85,154.3,9.7,8.21,84.3,0.6,0.11,0.00,0.06,0.00,2.41,1.38,5.17,0.34,2.53,7.41,4.14,55.8%,3.50,1.90,54.1%,75.58,68.29,90.3%,20.39,17.17,84.2%,0.17,0.06,33.3%,0.06
Nico O'Reilly,34,2648,0.17,0.20,-0.04,1.39,0.51,12.20%,0.15,12.51,145.8,11.7,7.24,83.8,0.4,0.20,0.03,0.17,0.00,2.31,0.68,3.70,0.37,2.45,8.36,3.74,44.7%,3.30,1.73,52.6%,46.02,39.66,86.2%,13.66,11.08,81.1%,1.29,0.31,23.7%,0.03
Nicolás Domínguez,27,1175,0.08,0.11,-0.04,1.38,0.38,5.56%,0.08,8.81,92.1,10.5,4.14,45.6,0.8,0.00,0.00,0.15,0.00,4.29,0.54,4.44,0.38,1.30,9.34,5.59,59.8%,2.60,1.00,38.2%,40.98,34.93,85.2%,11.87,9.50,80.0%,0.84,0.31,36.4%,0.15
Nicolò Savona,14,1026,0.18,0.12,0.06,0.44,0.26,40.00%,0.27,6.05,64.1,10.6,2.54,8.8,0.3,0.09,0.00,0.09,0.00,1.75,0.35,2.37,0.26,2.54,5.09,2.37,46.6%,1.05,0.61,58.3%,35.00,27.54,78.7%,10.35,6.93,67.0%,2.37,0.70,29.6%,0.00
Nikola Milenkovic,38,3375,0.00,0.02,-0.02,0.43,0.03,0.00%,0.05,6.43,62.9,9.8,3.28,32.4,0.3,0.03,0.00,0.03,0.00,0.83,0.77,2.88,0.96,5.81,2.29,1.44,62.8%,3.41,2.37,69.5%,41.04,35.55,86.6%,5.41,3.25,60.1%,0.05,0.00,0.0%,0.03
Noah Okafor,28,1568,0.46,0.30,0.16,2.01,0.86,22.86%,0.15,12.86,187.3,14.6,7.92,118.0,0.9,0.40,0.00,0.52,0.00,1.32,0.69,3.50,0.06,0.92,10.91,4.36,40.0%,1.84,0.69,37.5%,19.06,14.52,76.2%,8.27,6.14,74.3%,2.12,0.40,18.9%,0.11
Noah Sadiki,33,2894,0.00,0.04,-0.04,0.56,0.16,0.00%,0.08,10.45,113.1,10.8,5.50,52.7,0.3,0.12,0.00,0.22,0.00,1.43,1.06,3.55,0.31,1.37,6.22,3.48,56.0%,0.93,0.34,36.7%,34.40,29.36,85.3%,9.45,7.06,74.7%,0.65,0.12,19.1%,0.12
Noni Madueke,26,1217,0.22,0.09,0.13,1.92,0.74,11.54%,0.05,14.86,187.4,12.6,8.80,95.4,0.8,0.59,0.00,0.52,0.00,1.55,0.37,2.59,0.07,0.59,11.02,4.81,43.6%,1.63,0.74,45.5%,30.39,23.15,76.2%,17.60,12.65,71.8%,3.48,0.52,14.9%,0.15
Nordi Mukiele,32,2787,0.10,0.06,0.04,0.84,0.13,11.54%,0.07,10.79,120.6,11.2,6.26,62.9,0.3,0.13,0.03,0.13,0.03,2.23,1.29,4.23,0.32,5.04,5.88,3.36,57.1%,4.26,2.55,59.8%,38.40,30.19,78.6%,10.11,6.43,63.6%,2.78,0.45,16.3%,0.10
Noussair Mazraoui,20,984,0.00,0.02,-0.02,0.46,0.00,0.00%,0.04,12.44,130.5,10.5,8.32,89.4,1.0,0.18,0.00,0.27,0.00,2.56,1.28,4.21,0.09,4.94,6.95,4.57,65.8%,2.93,1.65,56.3%,49.66,43.35,87.3%,14.91,12.26,82.2%,1.19,0.37,30.8%,0.18
Ola Aina,18,1590,0.00,0.02,-0.02,0.68,0.06,0.00%,0.03,7.70,84.3,11.0,4.13,48.2,0.7,0.11,0.00,0.00,0.00,1.75,1.42,4.58,0.17,4.02,6.74,3.40,50.4%,2.21,1.42,64.1%,35.60,30.17,84.7%,9.68,7.53,77.8%,2.15,0.40,18.4%,0.00
Olivier Boscagli,12,800,0.00,0.00,-0.00,0.11,0.00,0.00%,0.04,16.54,161.3,9.8,9.56,92.2,1.1,0.00,0.00,0.00,0.00,1.80,2.02,6.08,0.23,4.72,4.72,3.26,69.0%,3.38,1.91,56.7%,84.83,73.35,86.5%,14.96,10.24,68.4%,1.35,0.56,41.7%,0.00
Ollie Scarles,13,659,0.00,0.02,-0.02,0.41,0.00,0.00%,0.06,8.60,77.2,9.0,4.64,29.5,0.9,0.14,0.00,0.27,0.00,4.10,1.78,4.78,0.14,4.10,8.33,5.33,63.9%,1.91,0.96,50.0%,37.56,30.18,80.4%,9.56,6.97,72.9%,1.64,0.27,16.7%,0.14
Ollie Watkins,37,2852,0.50,0.48,0.03,2.62,1.20,19.28%,0.18,5.84,71.6,12.3,3.47,42.0,0.4,0.88,0.06,0.19,0.00,0.69,0.19,1.55,0.06,0.47,5.96,2.52,42.3%,2.93,1.14,38.7%,15.02,10.92,72.7%,7.38,5.18,70.1%,0.22,0.06,28.6%,0.09
Omar Alderete,33,2802,0.03,0.05,-0.02,0.77,0.29,4.17%,0.07,13.07,145.0,11.1,8.61,95.4,0.4,0.03,0.00,0.06,0.03,1.03,1.16,3.31,0.93,6.97,3.73,1.86,50.0%,4.91,2.83,57.5%,41.88,33.95,81.1%,7.42,3.66,49.4%,0.35,0.10,27.3%,0.10
Omar Marmoush,21,699,0.39,0.35,0.04,3.86,1.16,10.00%,0.09,9.01,103.1,11.4,5.67,56.1,1.3,0.64,0.00,0.39,0.26,1.67,0.26,2.58,0.26,0.26,10.69,5.54,51.8%,1.16,0.39,33.3%,20.86,18.15,87.0%,10.04,8.24,82.0%,0.52,0.00,0.0%,0.52
Omari Hutchinson,31,1684,0.05,0.10,-0.05,1.34,0.59,4.00%,0.08,16.30,197.8,12.1,8.82,93.8,0.6,0.59,0.00,0.69,0.16,1.18,0.64,4.65,0.00,0.43,10.37,4.60,44.3%,1.55,0.27,17.2%,28.75,23.89,83.1%,12.93,10.15,78.5%,5.02,1.18,23.4%,0.16
Oscar Bobb,23,1037,0.00,0.13,-0.13,1.04,0.26,0.00%,0.12,10.50,125.4,11.9,5.90,70.2,1.0,0.35,0.00,0.69,0.09,1.82,0.78,3.65,0.00,0.26,10.50,5.64,53.7%,1.13,0.52,46.2%,34.80,29.86,85.8%,16.92,14.23,84.1%,0.78,0.26,33.3%,0.17
Pablo,14,826,0.00,0.11,-0.11,1.31,0.33,0.00%,0.09,5.56,54.4,9.8,2.07,20.0,1.1,0.22,0.00,0.54,0.00,2.83,0.44,3.05,0.22,1.31,10.35,4.58,44.2%,6.86,2.29,33.3%,21.90,16.13,73.6%,9.48,6.21,65.5%,0.54,0.22,40.0%,0.33
Pape Matar Sarr,26,1391,0.13,0.11,0.02,1.10,0.39,11.76%,0.10,11.97,138.3,11.6,5.56,53.0,0.6,0.13,0.00,0.06,0.00,2.14,1.16,4.98,0.65,3.04,7.96,3.82,48.0%,4.21,1.75,41.5%,40.96,34.81,85.0%,11.97,9.96,83.2%,0.52,0.13,25.0%,0.19
Pascal Groß,19,1636,0.06,0.08,-0.02,0.99,0.50,5.56%,0.08,14.14,137.4,9.7,7.43,71.5,0.5,0.00,0.00,0.55,0.11,1.60,0.66,4.18,0.22,1.32,5.56,2.64,47.5%,1.65,0.72,43.3%,59.03,50.72,85.9%,20.02,14.74,73.6%,3.08,1.16,37.5%,0.11
Pascal Struijk,34,2937,0.00,0.09,-0.09,0.95,0.15,0.00%,0.10,9.87,92.4,9.4,5.36,47.4,0.3,0.00,0.00,0.00,0.00,1.20,0.95,3.62,0.52,6.34,3.55,1.96,55.2%,6.04,3.37,55.8%,56.35,49.86,88.5%,7.75,5.24,67.6%,0.06,0.00,0.0%,0.03
Patrick Dorgu,26,1445,0.25,0.15,0.10,1.62,0.75,15.38%,0.09,10.90,132.0,12.1,6.98,79.5,0.7,0.69,0.06,0.56,0.06,2.99,0.93,4.80,0.19,1.99,11.96,6.54,54.7%,5.11,2.74,53.7%,31.45,23.92,76.0%,12.08,8.28,68.6%,3.55,0.93,26.3%,0.19
Pau Torres,21,1676,0.00,0.07,-0.07,0.48,0.05,0.00%,0.14,19.33,227.4,11.8,12.30,146.6,0.6,0.00,0.00,0.05,0.00,1.18,0.59,4.30,0.86,3.28,3.11,1.83,58.6%,2.58,1.34,52.1%,62.72,55.85,89.0%,10.90,7.79,71.4%,0.21,0.00,0.0%,0.05
Pedro Neto,34,2643,0.17,0.16,0.01,1.57,0.44,10.87%,0.10,16.62,215.8,13.0,9.13,113.4,0.4,0.58,0.00,0.78,0.10,0.65,0.20,2.86,0.00,0.44,7.32,3.10,42.3%,1.12,0.31,27.3%,31.70,27.68,87.3%,16.07,13.52,84.1%,3.78,0.72,18.9%,0.10
Pedro Porro,34,2798,0.03,0.03,-0.00,1.03,0.26,3.12%,0.03,11.03,118.3,10.7,6.56,69.7,0.3,0.10,0.00,0.26,0.00,2.44,1.00,4.28,0.32,3.28,7.27,3.89,53.5%,1.42,0.61,43.2%,47.28,35.45,75.0%,18.24,12.29,67.4%,4.99,1.13,22.6%,0.13
Phil Foden,33,2084,0.30,0.27,0.04,2.38,0.82,12.73%,0.11,13.00,130.7,10.1,5.92,51.1,0.4,0.60,0.04,0.30,0.04,1.47,0.39,4.40,0.13,0.52,7.60,3.89,51.1%,1.04,0.26,25.0%,52.26,46.08,88.2%,20.00,16.11,80.6%,0.99,0.17,17.4%,0.56
Piero Hincapié,25,1792,0.05,0.02,0.03,0.15,0.10,33.33%,0.12,9.69,100.6,10.4,5.32,57.3,0.5,0.00,0.00,0.00,0.00,2.41,1.31,3.16,0.45,4.42,5.47,3.42,62.4%,3.16,1.61,50.8%,42.04,37.37,88.9%,10.30,8.49,82.4%,1.66,0.20,12.1%,0.10
Quilindschy Hartman,21,1830,0.00,0.02,-0.02,0.44,0.15,0.00%,0.04,5.16,47.1,9.1,2.90,23.7,0.4,0.15,0.00,0.15,0.05,2.56,1.52,3.39,0.20,3.25,4.87,2.95,60.6%,1.38,0.49,35.7%,36.20,27.39,75.7%,9.59,5.80,60.5%,2.46,0.39,16.0%,0.00
Radu Dragusin,10,515,0.00,0.06,-0.06,0.70,0.00,0.00%,0.08,8.74,91.1,10.4,3.84,26.4,1.2,0.00,0.00,0.00,0.00,0.87,2.80,2.45,1.22,8.04,3.50,1.22,35.0%,5.24,3.32,63.3%,41.77,32.50,77.8%,5.42,1.92,35.5%,0.52,0.00,0.0%,0.00
Randal Kolo Muani,30,1670,0.05,0.12,-0.06,1.08,0.22,5.00%,0.11,8.03,103.2,12.9,4.96,63.9,0.7,0.27,0.05,0.38,0.00,1.56,0.16,3.45,0.05,0.97,10.83,3.99,36.8%,4.37,1.72,39.5%,17.68,12.45,70.4%,9.11,6.09,66.9%,0.97,0.38,38.9%,0.05
Rayan,15,1119,0.40,0.23,0.17,2.25,0.64,17.86%,0.10,11.26,163.5,14.5,7.24,100.9,1.1,0.88,0.16,0.88,0.16,0.88,0.64,3.46,0.00,1.61,6.27,2.41,38.5%,4.58,2.01,43.9%,25.58,20.03,78.3%,11.18,7.88,70.5%,1.85,0.32,17.4%,0.16
Rayan Aït-Nouri,17,976,0.00,0.05,-0.05,0.92,0.18,0.00%,0.06,15.58,187.5,12.0,9.13,114.0,1.2,0.18,0.00,0.18,0.00,3.23,1.20,4.52,0.09,1.66,11.16,6.18,55.4%,2.12,1.29,60.9%,54.41,49.15,90.3%,18.90,16.78,88.8%,1.48,0.28,18.8%,0.09
Rayan Cherki,33,1786,0.20,0.21,-0.01,2.77,0.66,7.27%,0.08,23.94,278.0,11.6,12.45,142.1,0.6,1.16,0.05,0.81,0.35,1.31,0.35,4.59,0.05,0.35,11.89,5.59,47.0%,0.40,0.05,12.5%,64.35,55.63,86.5%,30.74,24.19,78.7%,1.56,0.50,32.3%,1.46
Raúl Jiménez,36,2199,0.37,0.47,-0.10,3.03,0.78,12.16%,0.16,5.36,55.3,10.3,2.33,18.2,0.3,0.29,0.00,0.12,0.00,1.43,0.33,2.25,0.08,1.23,7.24,3.19,44.1%,8.68,3.48,40.1%,21.20,13.47,63.5%,7.61,4.46,58.6%,0.29,0.08,28.6%,0.04
Reece James,29,1961,0.09,0.05,0.04,1.01,0.32,9.09%,0.05,12.71,121.3,9.5,6.01,43.6,0.3,0.14,0.00,0.09,0.00,2.20,1.51,4.68,0.28,1.88,6.52,3.72,57.0%,2.16,1.42,66.0%,60.76,54.06,89.0%,16.94,13.81,81.6%,2.43,0.55,22.6%,0.28
Reinildo Mandava,25,1969,0.00,0.01,-0.01,0.18,0.00,0.00%,0.04,7.72,83.8,10.9,4.48,48.0,0.5,0.05,0.00,0.05,0.00,1.78,1.42,4.11,0.64,3.70,7.22,3.98,55.1%,2.83,1.55,54.8%,37.21,31.95,85.9%,8.23,6.12,74.4%,1.05,0.18,17.4%,0.00
Riccardo Calafiori,26,1707,0.05,0.18,-0.12,1.69,0.42,3.12%,0.10,9.86,109.0,11.1,5.27,54.3,0.5,0.32,0.00,0.11,0.00,1.69,0.79,3.85,0.26,2.64,5.64,2.95,52.3%,4.06,2.53,62.3%,39.86,34.11,85.6%,11.65,10.23,87.8%,1.11,0.16,14.3%,0.05
Richarlison,32,1957,0.51,0.37,0.13,2.81,1.20,18.03%,0.13,4.41,46.5,10.5,2.48,22.3,0.4,0.46,0.00,0.00,0.00,1.24,0.23,2.81,0.14,2.35,7.13,3.22,45.2%,7.96,3.17,39.9%,14.58,9.06,62.1%,7.59,4.55,60.0%,0.83,0.00,0.0%,0.09
Rico Henry,25,1328,0.00,0.01,-0.01,0.34,0.00,0.00%,0.04,8.47,101.2,11.9,5.08,55.9,0.7,0.00,0.00,0.14,0.00,1.02,0.54,4.88,0.34,2.78,6.37,3.19,50.0%,2.71,1.29,47.5%,32.60,25.08,76.9%,7.93,5.08,64.1%,1.69,0.20,12.0%,0.00
Rio Ngumoha,19,551,0.33,0.21,0.11,2.61,0.98,12.50%,0.08,25.15,306.8,12.2,13.72,149.8,1.8,1.31,0.16,1.80,0.16,0.65,0.49,3.10,0.16,0.49,12.90,7.51,58.2%,0.82,0.00,0.0%,31.36,27.28,87.0%,20.91,17.97,85.9%,3.43,1.14,33.3%,0.00
Rodri,21,1513,0.06,0.07,-0.01,0.95,0.18,6.25%,0.07,19.09,181.9,9.5,9.46,82.8,0.5,0.12,0.00,0.18,0.00,2.44,0.83,6.36,0.18,2.44,7.55,4.70,62.2%,2.97,2.32,78.0%,96.25,86.73,90.1%,24.63,20.22,82.1%,0.36,0.06,16.7%,0.36
Rodrigo Bentancur,26,1892,0.05,0.04,0.01,0.62,0.14,7.69%,0.06,10.23,101.0,9.9,3.81,27.5,0.3,0.05,0.00,0.19,0.00,2.66,1.66,6.18,0.33,2.28,6.37,4.00,62.7%,3.62,1.47,40.8%,48.42,41.53,85.8%,9.89,7.56,76.4%,0.33,0.05,14.3%,0.14
Rodrigo Gomes,22,960,0.28,0.20,0.08,1.88,0.56,15.00%,0.11,9.75,116.0,11.9,5.06,62.4,1.2,0.38,0.09,0.09,0.00,2.16,0.84,3.09,0.19,1.22,7.50,3.66,48.8%,2.25,0.56,25.0%,24.66,17.81,72.2%,10.59,6.94,65.5%,2.25,0.28,12.5%,0.00
Rodrigo Muniz,21,997,0.09,0.30,-0.21,2.89,0.45,3.12%,0.10,2.35,23.3,9.9,1.26,12.9,0.9,0.09,0.00,0.00,0.00,0.72,0.18,1.35,0.27,2.17,6.59,2.71,41.1%,13.27,7.04,53.1%,11.92,5.06,42.4%,6.05,2.35,38.8%,0.18,0.00,0.0%,0.00
Ross Barkley,21,852,0.32,0.16,0.16,1.90,0.85,16.67%,0.08,12.68,156.9,12.4,6.02,70.6,1.2,0.42,0.00,0.21,0.00,1.48,0.21,4.75,0.32,1.06,8.03,3.80,47.4%,3.17,1.48,46.7%,42.99,37.71,87.7%,15.00,12.78,85.2%,0.00,0.00,0.0%,0.42
Ryan Christie,26,986,0.18,0.18,0.01,2.28,0.73,8.00%,0.08,16.43,198.1,12.1,8.31,99.8,1.1,0.46,0.09,0.27,0.00,2.46,1.10,5.66,0.37,1.64,12.05,6.12,50.8%,2.56,1.19,46.4%,49.93,39.07,78.2%,19.62,13.24,67.4%,1.10,0.18,16.7%,0.46
Ryan Gravenberch,36,2996,0.15,0.06,0.09,1.14,0.39,13.16%,0.05,17.00,185.2,10.9,8.26,88.8,0.3,0.45,0.06,0.24,0.03,1.77,1.44,3.85,0.33,1.59,7.06,4.00,56.6%,1.47,0.81,55.1%,55.87,49.66,88.9%,17.18,13.97,81.3%,0.21,0.00,0.0%,0.24
Ryan Sessegnon,27,1822,0.15,0.08,0.07,0.79,0.20,18.75%,0.10,8.79,109.1,12.4,5.63,66.3,0.6,0.15,0.05,0.20,0.00,2.37,1.23,3.66,0.40,3.16,6.72,2.96,44.1%,2.22,0.94,42.2%,33.54,25.64,76.4%,9.58,6.87,71.7%,2.77,0.30,10.7%,0.20
Ryan Yates,22,604,0.00,0.07,-0.07,1.34,0.30,0.00%,0.06,3.43,31.0,9.1,1.04,5.8,0.8,0.15,0.00,0.00,0.00,2.38,1.34,2.68,0.45,3.43,8.05,4.47,55.6%,4.47,2.98,66.7%,38.74,30.25,78.1%,12.67,8.34,65.9%,0.60,0.30,50.0%,0.00
Rúben Dias,26,2140,0.08,0.02,0.06,0.42,0.17,20.00%,0.06,19.72,200.8,10.2,10.93,114.9,0.4,0.04,0.00,0.04,0.00,0.55,0.97,3.07,0.71,4.92,1.98,1.01,51.1%,3.74,2.44,65.2%,73.68,68.51,93.0%,11.73,9.97,85.0%,0.38,0.13,33.3%,0.04
Samuel Chukwueze,23,1075,0.25,0.17,0.08,2.09,0.59,12.00%,0.08,16.41,177.0,10.8,8.29,80.6,0.8,0.67,0.08,1.00,0.25,0.50,0.59,4.77,0.08,0.84,6.87,3.01,43.9%,1.51,0.59,38.9%,34.58,25.53,73.8%,16.49,10.55,64.0%,3.60,0.67,18.6%,0.50
Sander Berge,35,2911,0.00,0.05,-0.05,0.46,0.09,0.00%,0.10,15.46,166.7,10.8,7.27,71.3,0.3,0.09,0.00,0.15,0.03,1.76,0.77,4.11,0.46,1.55,4.88,2.47,50.6%,2.50,1.55,61.7%,53.46,48.01,89.8%,10.82,9.15,84.6%,0.40,0.09,23.1%,0.09
Sandro Tonali,35,2543,0.00,0.06,-0.06,1.31,0.28,0.00%,0.05,13.84,149.4,10.8,6.12,62.4,0.4,0.14,0.00,0.21,0.00,1.24,1.10,5.20,0.25,1.31,5.98,3.33,55.6%,0.92,0.46,50.0%,55.32,46.68,84.4%,18.12,13.24,73.0%,1.34,0.28,21.1%,0.11
Santiago Bueno,29,2553,0.11,0.08,0.03,0.35,0.25,30.00%,0.23,8.04,77.5,9.6,4.02,41.1,0.4,0.00,0.00,0.07,0.00,1.76,0.95,2.40,0.71,4.09,3.81,2.15,56.5%,3.31,1.69,51.1%,38.25,33.07,86.5%,4.72,2.68,56.7%,0.21,0.07,33.3%,0.07
Sasa Lukic,26,1734,0.05,0.12,-0.07,0.93,0.31,5.56%,0.13,9.76,118.3,12.1,5.35,65.9,0.6,0.10,0.00,0.31,0.00,2.54,0.93,3.69,0.47,1.87,8.04,4.15,51.6%,2.96,1.19,40.4%,37.89,32.44,85.6%,11.37,8.93,78.5%,0.83,0.21,25.0%,0.10
Savinho,24,821,0.11,0.26,-0.15,2.19,1.21,5.00%,0.12,22.14,310.0,14.0,15.79,186.8,1.3,0.55,0.00,0.66,0.00,0.99,0.55,4.28,0.00,0.66,10.63,4.49,42.3%,0.44,0.00,0.0%,40.89,33.87,82.8%,22.25,17.21,77.3%,4.17,0.66,15.8%,0.55
Sean Longstaff,23,1006,0.18,0.11,0.07,1.43,0.36,12.50%,0.08,7.43,80.4,10.8,3.31,26.0,0.7,0.00,0.00,0.27,0.00,3.40,1.07,3.85,0.54,0.98,9.66,5.10,52.8%,1.97,0.89,45.5%,40.17,34.00,84.6%,11.00,7.43,67.5%,0.63,0.18,28.6%,0.09
Sepp van den Berg,32,2761,0.00,0.10,-0.10,0.75,0.23,0.00%,0.14,8.83,99.9,11.3,5.31,54.3,0.3,0.03,0.00,0.00,0.00,0.75,0.95,3.55,0.72,6.36,1.96,1.14,58.3%,6.88,4.56,66.4%,46.35,41.04,88.5%,5.31,3.23,60.7%,0.00,0.00,0.0%,0.03
Simon Adingra,14,658,0.14,0.05,0.09,0.82,0.27,16.67%,0.06,10.94,136.8,12.5,6.29,78.0,1.7,0.00,0.00,0.41,0.00,1.50,0.27,2.74,0.00,1.50,10.26,2.87,28.0%,3.15,1.23,39.1%,22.02,16.69,75.8%,9.16,5.88,64.2%,3.69,0.68,18.5%,0.14
Soungoutou Magassa,22,979,0.09,0.04,0.05,0.64,0.18,14.29%,0.06,7.17,77.2,10.8,2.94,30.5,1.0,0.09,0.00,0.09,0.00,3.68,1.47,4.96,0.37,1.29,9.38,5.70,60.8%,2.48,1.01,40.7%,37.23,30.06,80.7%,7.17,5.06,70.5%,0.83,0.09,11.1%,0.00
Sven Botman,25,1838,0.05,0.09,-0.04,0.73,0.20,6.67%,0.12,12.63,116.4,9.2,5.97,44.9,0.4,0.00,0.00,0.05,0.00,1.08,1.32,4.31,1.27,6.90,3.13,2.15,68.8%,6.61,4.26,64.4%,58.27,50.78,87.1%,4.21,2.01,47.7%,0.10,0.00,0.0%,0.00
Taiwo Awoniyi,17,481,0.75,0.67,0.08,2.81,1.50,26.67%,0.24,4.68,67.7,14.5,3.56,43.0,2.3,0.56,0.19,0.19,0.00,0.37,0.19,3.37,0.19,0.75,5.99,2.06,34.4%,9.36,1.68,18.0%,14.03,11.23,80.0%,5.43,4.49,82.8%,0.19,0.00,0.0%,0.19
Thierno Barry,38,1915,0.38,0.38,-0.01,1.79,0.66,21.05%,0.21,4.18,51.3,12.3,2.54,30.6,0.6,0.28,0.05,0.23,0.00,0.28,0.23,1.64,0.19,1.17,5.45,1.08,19.8%,13.35,6.11,45.8%,17.01,10.29,60.5%,7.99,4.23,52.9%,0.19,0.05,25.0%,0.09
Tijjani Reijnders,28,1636,0.28,0.24,0.03,2.70,0.88,10.20%,0.09,13.48,157.4,11.7,7.43,86.3,0.6,0.94,0.06,0.11,0.06,0.55,0.55,3.19,0.00,1.10,6.11,2.48,40.5%,0.44,0.17,37.5%,43.90,39.11,89.1%,18.10,15.13,83.6%,0.88,0.11,12.5%,0.39
Tim Iroegbunam,29,1485,0.00,0.04,-0.04,0.73,0.06,0.00%,0.05,9.27,101.4,10.9,4.42,48.1,0.7,0.24,0.00,0.06,0.00,4.12,1.33,4.73,0.73,0.55,11.58,6.24,53.9%,2.30,1.33,57.9%,29.70,24.18,81.4%,8.91,6.55,73.5%,0.18,0.00,0.0%,0.06
Timothy Castagne,30,1842,0.00,0.07,-0.07,0.68,0.29,0.00%,0.10,7.43,81.2,10.9,4.50,47.8,0.5,0.00,0.00,0.10,0.00,1.95,1.51,2.74,0.44,3.18,4.01,2.64,65.9%,2.88,1.32,45.8%,38.89,33.57,86.3%,9.53,7.72,81.0%,2.35,0.73,31.3%,0.00
Tino Livramento,17,1328,0.00,0.01,-0.01,0.20,0.00,0.00%,0.05,11.93,138.0,11.6,6.44,69.5,0.7,0.07,0.00,0.07,0.00,1.49,0.41,5.49,0.14,2.64,6.30,3.52,55.9%,1.22,0.61,50.0%,44.25,39.31,88.8%,16.20,13.96,86.2%,2.44,0.61,25.0%,0.14
Tolu Arokodare,33,1407,0.19,0.35,-0.16,3.01,1.02,6.38%,0.12,4.80,52.4,10.9,2.75,23.1,0.5,0.13,0.00,0.19,0.00,0.45,0.32,1.66,0.13,2.75,6.01,2.69,44.7%,12.22,6.33,51.8%,17.27,10.43,60.4%,7.36,3.65,49.6%,0.00,0.00,0.0%,0.06
Tom Cairney,24,763,0.24,0.14,0.09,2.01,0.24,11.76%,0.07,24.06,247.0,10.3,11.91,109.6,1.1,0.35,0.12,0.24,0.00,0.83,0.47,5.07,0.12,0.83,5.54,2.60,46.8%,1.53,1.18,76.9%,81.63,75.61,92.6%,22.53,18.87,83.8%,0.35,0.12,33.3%,0.47
Tomás Soucek,35,2198,0.20,0.23,-0.03,1.06,0.57,19.23%,0.22,5.08,49.4,9.7,2.01,12.3,0.3,0.04,0.00,0.00,0.00,1.76,0.66,2.70,0.57,3.40,5.77,2.78,48.2%,5.00,2.78,55.7%,36.77,28.58,77.7%,10.93,6.51,59.5%,0.57,0.00,0.0%,0.04
Tosin Adarabioyo,16,789,0.00,0.01,-0.01,0.23,0.00,0.00%,0.05,14.03,136.8,9.8,9.13,84.5,1.1,0.00,0.00,0.00,0.00,1.94,1.03,2.51,0.57,7.53,2.85,1.94,68.0%,6.62,4.68,70.7%,86.35,78.14,90.5%,5.36,3.42,63.8%,0.00,0.00,0.0%,0.46
Toti Gomes,19,1427,0.00,0.03,-0.03,0.32,0.13,0.00%,0.11,11.16,112.5,10.1,5.68,55.7,0.6,0.00,0.00,0.00,0.00,1.45,0.88,3.34,0.69,5.99,4.16,2.78,66.7%,2.78,1.51,54.5%,51.46,44.21,85.9%,6.94,4.23,60.9%,0.69,0.19,27.3%,0.00
Trai Hume,38,3037,0.06,0.06,-0.00,1.01,0.21,5.88%,0.06,4.74,53.2,11.2,2.37,24.1,0.3,0.06,0.00,0.21,0.00,1.99,0.74,3.02,0.33,2.93,5.78,3.26,56.4%,3.94,1.93,48.9%,31.06,23.41,75.4%,10.34,6.58,63.6%,1.54,0.21,13.5%,0.09
Trevoh Chalobah,34,2782,0.10,0.05,0.05,0.52,0.16,18.75%,0.09,11.10,102.4,9.2,5.69,49.7,0.3,0.03,0.00,0.00,0.00,1.13,1.13,3.85,0.52,5.76,3.04,1.91,62.8%,4.37,2.43,55.6%,73.86,68.71,93.0%,7.80,5.92,75.9%,0.16,0.03,20.0%,0.13
Tyler Adams,25,1778,0.10,0.03,0.07,0.51,0.30,20.00%,0.06,11.03,108.0,9.8,4.86,44.3,0.5,0.15,0.05,0.00,0.00,2.68,1.67,4.86,0.46,2.13,6.99,3.49,50.0%,2.48,1.37,55.1%,51.12,44.54,87.1%,11.49,9.16,79.7%,0.15,0.10,66.7%,0.10
Tyrick Mitchell,38,3253,0.03,0.04,-0.02,0.53,0.19,5.26%,0.08,9.05,103.4,11.4,5.75,60.4,0.3,0.17,0.00,0.28,0.03,2.79,0.94,5.17,0.33,2.77,6.61,3.98,60.3%,1.85,0.72,38.8%,30.63,22.38,73.1%,9.79,6.50,66.4%,2.88,0.61,21.1%,0.06
Tyrone Mings,17,1323,0.00,0.09,-0.09,0.61,0.07,0.00%,0.15,15.03,158.6,10.6,7.14,71.0,0.7,0.00,0.00,0.14,0.00,0.34,0.75,3.20,0.61,5.65,2.11,0.95,45.2%,4.56,2.72,59.7%,63.67,57.28,90.0%,8.30,5.58,67.2%,0.27,0.07,25.0%,0.07
Valentín Castellanos,18,1395,0.39,0.37,0.01,3.23,1.42,12.00%,0.12,2.65,28.7,10.9,1.29,17.1,0.9,0.26,0.06,0.06,0.00,0.71,0.39,2.00,0.13,1.35,5.74,1.87,32.6%,4.06,1.74,42.9%,16.13,10.39,64.4%,8.19,4.71,57.5%,0.58,0.13,22.2%,0.13
Victor Lindelöf,17,944,0.00,0.03,-0.03,0.29,0.00,0.00%,0.09,14.97,155.1,10.4,7.82,77.5,0.9,0.00,0.00,0.10,0.10,0.67,0.76,1.81,0.48,3.24,1.33,0.76,57.1%,1.62,1.05,64.7%,60.92,57.39,94.2%,5.24,4.48,85.5%,0.00,0.00,0.0%,0.00
Viktor Gyökeres,36,2230,0.57,0.50,0.06,2.22,0.89,25.45%,0.23,4.76,55.4,11.6,2.54,29.1,0.5,0.28,0.08,0.08,0.00,0.28,0.04,2.22,0.12,0.77,5.53,1.78,32.1%,3.91,1.21,30.9%,12.87,8.03,62.4%,7.99,4.80,60.1%,0.32,0.12,37.5%,0.16
Virgil van Dijk,38,3420,0.16,0.10,0.06,0.79,0.37,20.00%,0.13,13.00,129.8,10.0,7.63,76.4,0.3,0.00,0.00,0.08,0.00,0.58,0.74,2.29,0.68,7.24,1.58,1.11,70.0%,6.16,4.58,74.4%,73.47,65.39,89.0%,14.76,10.79,73.1%,0.03,0.00,0.0%,0.05
Vitalii Mykolenko,33,2960,0.00,0.01,-0.01,0.27,0.06,0.00%,0.03,6.81,67.8,9.9,4.01,35.6,0.3,0.09,0.00,0.15,0.03,1.55,0.91,3.25,0.27,4.41,5.35,2.71,50.6%,2.68,1.52,56.8%,36.12,28.82,79.8%,12.28,9.36,76.2%,2.80,0.58,20.6%,0.06
Vitaly Janelt,25,1437,0.06,0.06,0.01,0.75,0.19,8.33%,0.08,10.08,105.2,10.4,5.45,50.0,0.6,0.00,0.00,0.25,0.00,1.69,1.88,5.32,0.44,2.13,5.89,2.69,45.7%,2.38,1.44,60.5%,50.79,44.34,87.3%,13.59,10.33,76.0%,1.13,0.31,27.8%,0.13
Wesley Fofana,25,1726,0.00,0.04,-0.04,0.42,0.05,0.00%,0.09,14.60,145.4,10.0,6.41,61.9,0.5,0.00,0.00,0.05,0.05,0.99,2.09,4.22,0.99,6.73,4.43,2.35,52.9%,5.37,3.60,67.0%,65.34,60.17,92.1%,7.51,6.26,83.3%,0.10,0.05,50.0%,0.00
Wilfried Gnonto,23,524,0.00,0.07,-0.07,1.72,0.00,0.00%,0.04,14.60,173.7,11.9,7.56,73.2,1.7,0.69,0.00,0.52,0.00,3.09,0.52,4.47,0.00,2.06,10.82,5.84,54.0%,2.40,0.17,7.1%,37.44,28.68,76.6%,18.38,13.05,71.0%,3.44,0.34,10.0%,0.00
Will Hughes,31,1568,0.00,0.06,-0.06,0.98,0.00,0.00%,0.06,6.95,75.7,10.9,4.08,44.8,0.6,0.11,0.00,0.06,0.00,1.55,0.86,3.79,0.46,1.61,6.83,3.56,52.1%,2.35,0.98,41.5%,38.92,31.63,81.3%,13.26,9.70,73.2%,0.92,0.11,12.5%,0.00
William Osula,24,811,0.78,0.48,0.30,2.55,1.33,30.43%,0.19,6.88,90.2,13.1,4.00,54.0,1.5,1.00,0.11,0.22,0.00,0.67,0.11,2.55,0.11,0.00,8.32,3.33,40.0%,4.11,1.00,24.3%,8.99,7.21,80.3%,3.66,2.66,72.7%,0.33,0.22,66.7%,0.00
William Saliba,31,2615,0.03,0.03,0.00,0.17,0.03,20.00%,0.17,13.53,131.0,9.7,7.74,80.7,0.4,0.00,0.00,0.00,0.00,1.20,0.59,3.89,0.24,4.58,3.41,2.00,58.6%,4.54,2.51,55.3%,72.41,67.25,92.9%,10.70,8.88,83.0%,0.31,0.14,44.4%,0.24
Wilson Isidor,32,1158,0.47,0.37,0.10,3.34,1.32,13.95%,0.11,4.27,50.2,11.7,2.72,30.6,0.9,0.85,0.16,0.00,0.00,0.85,0.08,1.79,0.08,1.17,5.67,1.87,32.9%,7.38,1.94,26.3%,10.49,6.30,60.0%,6.14,3.19,51.9%,0.00,0.00,0.0%,0.16
Wilson Odobert,24,980,0.00,0.18,-0.18,2.02,0.73,0.00%,0.09,15.06,188.0,12.5,9.28,102.8,1.0,0.37,0.00,0.83,0.00,0.92,0.09,4.96,0.00,1.19,7.99,4.04,50.6%,1.56,0.46,29.4%,29.85,25.35,84.9%,15.15,12.58,83.0%,2.57,0.73,28.6%,0.09
Xavi Simons,28,1757,0.10,0.16,-0.06,2.15,0.51,4.76%,0.07,13.93,181.5,13.0,7.43,94.7,0.7,0.61,0.10,0.46,0.00,1.74,0.77,4.46,0.05,0.61,10.65,5.43,51.0%,1.90,0.61,32.4%,41.08,34.06,82.9%,17.36,13.22,76.1%,0.97,0.20,21.1%,0.41
Yankuba Minteh,34,2398,0.11,0.14,-0.03,1.54,0.41,7.32%,0.09,14.94,181.7,12.2,9.46,103.9,0.4,0.53,0.04,0.49,0.08,2.10,0.64,3.57,0.00,0.60,10.70,5.37,50.2%,1.91,0.71,37.3%,23.64,16.06,67.9%,12.46,7.73,62.0%,5.03,1.16,23.1%,0.08
Yasin Ayari,29,1924,0.14,0.13,0.01,1.92,0.47,7.32%,0.07,10.85,103.3,9.5,4.16,36.8,0.4,0.42,0.09,0.05,0.00,2.20,1.22,5.80,0.19,1.12,8.84,4.35,49.2%,1.22,0.42,34.6%,45.05,38.78,86.1%,9.12,6.74,73.8%,0.47,0.05,10.0%,0.05
Yehor Yarmoliuk,37,2665,0.03,0.04,-0.01,0.54,0.14,6.25%,0.08,10.60,115.3,10.9,4.59,35.7,0.3,0.07,0.00,0.10,0.00,2.36,0.95,6.32,0.47,1.38,7.56,3.28,43.3%,1.96,1.08,55.2%,45.49,38.36,84.3%,11.11,7.53,67.8%,1.01,0.27,26.7%,0.07
Yerson Mosquera,27,2142,0.00,0.11,-0.11,1.26,0.25,0.00%,0.08,6.22,64.2,10.3,3.11,33.4,0.5,0.00,0.00,0.08,0.00,2.61,1.26,3.91,0.63,4.79,7.52,4.75,63.1%,4.41,1.97,44.8%,33.45,26.93,80.5%,5.59,3.70,66.2%,0.80,0.08,10.5%,0.00
Yoane Wissa,19,521,0.17,0.54,-0.37,2.25,0.86,7.69%,0.24,2.94,29.6,10.1,1.55,12.8,1.4,0.17,0.00,0.00,0.00,0.86,0.00,2.42,0.17,0.35,5.53,1.38,25.0%,6.05,2.59,42.9%,16.07,11.23,69.9%,8.12,5.18,63.8%,0.17,0.00,0.0%,0.17
Youri Tielemans,25,1862,0.00,0.06,-0.06,1.16,0.34,0.00%,0.05,9.72,105.1,10.8,5.27,52.7,0.5,0.15,0.00,0.24,0.00,2.80,0.87,4.54,0.68,0.92,8.46,5.17,61.1%,1.89,1.06,56.4%,54.57,46.35,84.9%,18.17,13.58,74.7%,1.16,0.34,29.2%,0.63
Yves Bissouma,11,605,0.00,0.05,-0.05,0.74,0.30,0.00%,0.07,10.41,99.0,9.5,3.57,22.5,0.9,0.15,0.00,0.00,0.00,2.68,1.34,4.61,0.45,2.08,6.40,4.02,62.8%,1.19,0.74,62.5%,47.01,41.36,88.0%,9.07,6.55,72.1%,0.15,0.00,0.0%,0.00
Yéremy Pino,34,2091,0.09,0.19,-0.11,1.94,0.47,4.44%,0.10,8.91,95.2,10.7,4.69,48.3,0.4,0.26,0.00,0.56,0.00,1.55,0.39,4.35,0.04,0.90,8.44,3.36,39.8%,2.63,0.95,36.1%,35.77,26.69,74.6%,15.80,9.94,62.9%,1.33,0.17,12.9%,0.82
Zian Flemming,29,1776,0.56,0.40,0.16,2.69,1.06,20.75%,0.15,2.94,28.4,9.7,1.32,9.3,0.4,0.30,0.00,0.15,0.00,0.86,0.35,1.67,0.25,1.88,6.18,2.33,37.7%,7.70,3.45,44.7%,14.04,9.12,65.0%,6.23,3.34,53.7%,0.30,0.05,16.7%,0.15
Álex Jiménez,31,2323,0.04,0.04,-0.01,0.81,0.15,4.76%,0.05,13.44,188.0,14.0,9.10,126.9,0.5,0.15,0.00,0.19,0.00,2.67,1.05,5.23,0.39,1.59,9.38,4.96,52.9%,1.36,0.50,37.1%,33.63,26.97,80.2%,11.82,8.41,71.2%,1.98,0.43,21.6%,0.23
